id,name,case_type,suite,blade_score,status
00093c26-925e-492d-b501-875326d3cb45,AdaptiveSwarmGradientDescent,f0_only_biased,SBOX-COST,0.1223398354234671,ok
0035e1fc-6216-46b8-a937-64749e5e1491,Enhanced_Hybrid_PSO_DE,f0_only_biased,SBOX-COST,0.07766948858806655,ok
003bcd0a-c451-43a1-bd1e-77851ceeba0f,EnhancedHybridDEPSO,f0_only_biased,SBOX-COST,,partial
003f69ff-e5ee-49f3-95d6-a6f7a0cb0b97,AdaptiveHybridPSO_GA,f0_only_biased,SBOX-COST,0.1116276806297351,ok
004530ac-0620-474d-876a-cc9f02116aef,HybridPSODE,f0_only_biased,SBOX-COST,0.1278813750061388,ok
00457828-5b02-43cb-b48c-ab42a25c068a,AdaptiveDynamicEvoPSO,f0_only_biased,SBOX-COST,0.11977333292959196,ok
004be90a-6787-4f6a-b934-388465d5f0ac,AdaptiveSwarmGradientDescent,f0_only_biased,SBOX-COST,0.2107958665182371,ok
00515aca-f3d5-4fa2-b8fa-ad6c50158dee,HybridPSO_DE,f0_only_biased,SBOX-COST,0.18419400363581157,ok
005c1b57-c39a-4eef-b89f-706597f2c83c,EnhancedVelocitySwarmMutation,f0_only_biased,SBOX-COST,0.11441069222496306,ok
007e554c-ae89-4c89-a30b-cff0b3434ffd,EnhancedDAPSO,f0_only_biased,SBOX-COST,0.1327922418454945,ok
007ee63e-71a6-4163-957f-da9b72754654,HPSO_ADE_SelfAdaptive,f0_only_biased,SBOX-COST,0.17351642871546252,ok
008c30f1-2aa2-48b1-8835-6af0e33a3c74,AdaptiveSwarmGradientDescent,f0_only_biased,SBOX-COST,0.1914261165042694,ok
008d4299-6f26-49e5-bad9-413983e9a3b9,EnhancedAdaptiveSwarmGradientDescent,f0_only_biased,SBOX-COST,0.23122558560894874,ok
00b41148-f1c3-4ba3-8331-6cc3ed9ed1e7,HPSO_ADE_Enhanced,f0_only_biased,SBOX-COST,0.15487071110526995,ok
00e48c1d-fdae-4bb3-bc0a-bad8b0fc33ac,ChaoticEnhancedNAPSO,f0_only_biased,SBOX-COST,0.17834356284304442,ok
0100990f-ae1f-43a0-8031-53a49a6e4329,AdaptiveChaoticLevySwarm,both_biased,SBOX-COST,0.1733854223899966,ok
0100a9c6-8311-4c49-ade4-dc0025952c9e,EnhancedHybridDEPSO,f0_only_biased,SBOX-COST,,partial
0105cc8c-62aa-4237-9690-08aac7c9cf19,SwarmOptimizer,neither_biased,SBOX-COST,0.126000655970536,ok
01292910-bba7-4c8f-817d-d1bc68f62ed6,DynamicNAPSO,f0_only_biased,SBOX-COST,0.17906457051368466,ok
0130d00e-f972-413c-82ea-e3219224b396,EnhancedAdaptiveSwarmGradientDescent,f0_only_biased,SBOX-COST,0.2164858518239278,ok
01650641-9dd0-4a25-9a32-18ace6649105,SwarmOptimizer,f0_only_biased,SBOX-COST,0.1917973188057612,ok
017d3981-4ed3-4a18-8c7c-1c294a299511,DynamicPhaseTransitionSwarmOptimizer,both_biased,SBOX-COST,0.06170944101968051,ok
019012f8-80cc-4119-b23f-46d47e4ad6bf,HybridPSO_DE,f0_only_biased,SBOX-COST,0.1510344322068771,ok
019a68c8-712b-4754-aebe-265666589597,EnhancedDynamicSwarmOptimizer,neither_biased,SBOX-COST,0.09528426916921134,ok
019bab2f-bf74-494d-870c-5030fd4c0ef9,CollaborativeSwarmSearch,f0_only_biased,SBOX-COST,0.17251347944151274,ok
01d7cdb7-2368-41e2-b3a9-2b9bbdc8179d,HPSO_ADE_MemoryEnhanced,both_biased,SBOX-COST,0.1915907733999155,ok
0202109d-58c4-4143-a876-16875c2c13cc,EnhancedAdaptiveAPSO,both_biased,SBOX-COST,0.05822152135958317,ok
021484e7-1e07-4906-8cc7-fb65621ece7d,AdaptiveCooperativeSwarm,both_biased,SBOX-COST,0.1778523294455952,ok
022a5fbb-3bb5-40b2-a4e5-9195e341cab3,EnhancedHybridPSODE,f0_only_biased,SBOX-COST,0.20640006800878935,ok
022cbd81-a75c-42f5-ae23-75f6dc30d87f,HybridPSODE,f0_only_biased,SBOX-COST,0.16649042135554476,ok
022dc06f-798d-48ed-aaa6-528b4825062d,PSO_DE_Hybrid,f0_only_biased,SBOX-COST,0.1882439305479387,ok
0230427a-9ff7-4f9e-a2c4-bd846e838801,EnhancedHybridPSODE,both_biased,SBOX-COST,0.21618170825791144,ok
0231a722-15e1-44db-b653-4ff2360d89d4,HybridPSODE,f0_only_biased,SBOX-COST,0.10556498739174236,ok
024d238a-e627-41b7-8d20-a6172f7d3073,EnhancedAdaptiveSwarmGradientDescent,f0_only_biased,SBOX-COST,0.2152647643526408,ok
02503fc4-8459-4371-9564-980bef782078,EnhancedMultiStrategyOptimizer,both_biased,SBOX-COST,0.12729358474155014,ok
02565a5f-28cd-42df-8654-51b09838fe5d,HybridPSO_DE,f0_only_biased,SBOX-COST,0.15205986882645117,ok
0260c1a3-0ddc-4290-8620-f1a68ad8394a,AdaptiveSwarmGradientDescent,f0_only_biased,SBOX-COST,0.2102627764682363,ok
027c5edb-b8bb-4b9d-927f-609a7f257d98,EnhancedAdaptiveQuantumHybridPSO_DE,f0_only_biased,SBOX-COST,0.19588060965704668,ok
027de75f-54af-4387-bda8-e1496ce4caa4,APSO,both_biased,SBOX-COST,0.0581842898268541,ok
02a7256b-ae94-4ed4-b4f3-88f5146ea169,SynergisticSwarmOptimizer,both_biased,SBOX-COST,0.10073750195955744,ok
02b2f837-c4dd-4e25-ad13-b0f6abc3a088,HybridPSOSA,both_biased,SBOX-COST,0.1151077674529743,ok
02cdd8d8-650f-465b-8c38-4ade6ea4f69c,EnhancedNAPSO,f0_only_biased,SBOX-COST,0.21300216387057538,ok
02d0f564-bebd-44d7-ba5c-55de23b1b2cc,ChaoticSwarmOptimizer,f0_only_biased,SBOX-COST,0.1710871835266075,ok
02d1585d-38c5-4e97-9348-dd680b499290,AdaptiveSwarmGradientDescent,f0_only_biased,SBOX-COST,0.16326090657177,ok
02d36d02-87a4-4720-9d48-9fa54f3186ab,DynamicPhaseTransitionSwarmOptimizer,both_biased,SBOX-COST,0.06126344346495012,ok
02d52d89-1b5f-4d05-a274-5d7e632b065c,HybridSwarmEvolutionPSO,both_biased,SBOX-COST,0.07640805753569282,ok
02f5dc01-9e4f-4caa-988b-5295377688fd,SwarmOptimizer,f0_only_biased,SBOX-COST,0.188726486982063,ok
02f84b82-ba5a-4c2d-b1ea-4a803cb30e61,HybridPSOSA,both_biased,SBOX-COST,0.1085853295532064,ok
031330ec-4cbf-4877-baab-1ae38a9efe14,CollaborativeSwarmSearch,f0_only_biased,SBOX-COST,0.2273448323590339,ok
031566b6-ff4d-47dc-8602-72ef28556de5,SwarmOptimizer,f0_only_biased,SBOX-COST,0.1695373542456174,ok
031a0b0b-3158-40ec-9742-56ef94866952,EnhancedAdaptiveSwarmGradientDescent,f0_only_biased,SBOX-COST,0.2171978157653811,ok
031c3ac3-3add-4fa5-a384-24c8d4672830,ChaosEnhancedAdaptiveHybridSwarm,f0_only_biased,SBOX-COST,0.11462312937846392,ok
03774076-68dc-48e0-ab4c-87bdafe503a5,HybridPSODE,both_biased,SBOX-COST,0.1879640575709767,ok
038aa540-600d-40eb-a7a9-b8619ab6fe27,EnhancedAdversarialSwarmDE,both_biased,SBOX-COST,0.07644766896702651,ok
039a6f04-638d-40d4-9c14-f6a1250b3666,HybridAdaptivePSO_DE,f0_only_biased,SBOX-COST,0.1767497696719969,ok
03e6175b-69bf-4bbf-a652-cad4a7ac1095,AdaptiveSwarmGradientDescent,f0_only_biased,SBOX-COST,0.2090143165181471,ok
03efe0d8-2aa8-4408-9b28-e7dd2447a778,HybridPSOSA,both_biased,SBOX-COST,0.1044949143348292,ok
03f2ca33-4c22-4a5f-8a28-31481fdff0f2,EnhancedHybridMetaheuristic,f0_only_biased,SBOX-COST,0.16113624909966595,ok
03f2e5a6-3d20-4eae-86f1-031ce69cda85,EnhancedDynamicAdaptiveSwarmDE,f0_only_biased,SBOX-COST,0.07636251028809234,ok
03f6b235-3f73-4ba1-986a-9606ababe0b8,DEPSO,f0_only_biased,SBOX-COST,0.20979876407752385,ok
04446e9c-44b6-4ddf-ac89-53e59ee897b4,MultiModalAdaptiveSwarm,both_biased,SBOX-COST,,error
045843d8-9f07-4b96-852f-a77d65a2d115,AdaptiveSwarmGradientDescent,neither_biased,SBOX-COST,0.1495710559542631,ok
045847c2-66be-41c5-aa9f-ce7791501404,AdvancedMultiStrategyOptimizer,both_biased,SBOX-COST,0.11163331579830374,ok
048fd0ba-cd25-4259-95dd-1f270efa3ef2,AdaptiveDynamicEvoPSO,f0_only_biased,SBOX-COST,0.13150212958539756,ok
04c36019-ff15-440f-9bd8-578053d5da97,AdaptiveMultiPhaseSwarmOptimizer,both_biased,SBOX-COST,0.06050846358610926,ok
04fbfffc-f31d-46bf-9d87-2c6ff68e8fd4,EnhancedAdaptiveQuantumHybridPSO_DE,f0_only_biased,SBOX-COST,0.14980431078258846,ok
05025a35-d02d-49ff-af62-779982768e79,AdaptiveSwarmGradientDescent,f0_only_biased,SBOX-COST,0.1340478030987256,ok
0516215c-6b38-45eb-9ad4-66cbb959f2be,EnhancedAdaptiveSwarmGradientDescent,f0_only_biased,SBOX-COST,0.19231200063666662,ok
0521e829-1563-4884-b9e6-7c402904a121,QuantumInspiredAdaptiveHybridPSO_DE,both_biased,SBOX-COST,0.17847749254763712,ok
05227aa8-fbfc-47c9-ba7c-375bcba464c3,HybridPSODE,f0_only_biased,SBOX-COST,0.10547604460640704,ok
053da374-7e9e-4a9e-aad0-4fb71b2b85d7,AdaptiveSwarmOptimizer,f0_only_biased,SBOX-COST,0.1627255497826666,ok
05557d2f-2c25-46ce-b115-35b700e465ed,EnhancedImprovedHybridPSODE,f0_only_biased,SBOX-COST,0.11539268696592392,ok
0560eb68-5334-4fa7-b1e8-970ece9b5a95,RefinedAdaptiveMultiAgentHybrid,f0_only_biased,SBOX-COST,0.11153356429550756,ok
058403d4-459e-4c06-8d07-f19b9aaa3f14,AdaptiveSwarmGradientDescent,f0_only_biased,SBOX-COST,0.1475697449233697,ok
059755e8-8d51-44ed-ae1d-cf5cb591ba2c,CollaborativeSwarmSearch,f0_only_biased,SBOX-COST,0.18106555445408196,ok
05d46d83-2230-4bb9-894e-8b7d4bdfe391,AdaptiveSwarmHarmonyOptimization,f0_only_biased,SBOX-COST,0.1802581339649572,ok
05e93f87-8ff8-4144-af6b-1b0bb0a82d2b,Enhanced_Adaptive_Hybrid_PSO_DE,f0_only_biased,SBOX-COST,0.0977457351149058,ok
05f23cf8-fbb8-415d-8fae-0a039b40fcbe,EnhancedAdaptivePSO_GA,f0_only_biased,SBOX-COST,0.10705451266436342,ok
0605b452-4649-431f-a694-1b06b0282b1d,EnhancedAdaptiveSwarmGradientDescent,f0_only_biased,SBOX-COST,0.1583649733296308,ok
0633b858-5ef4-4972-ac60-7b5bca4fb747,AdaptiveSwarmGradientDescent,f0_only_biased,SBOX-COST,0.1534331155813734,ok
0636818e-043d-4797-9a74-0210761c75e8,SwarmOptimizer,f0_only_biased,SBOX-COST,0.1469172647391562,ok
06393ab5-cc61-4937-92bc-178af7bfe61b,SwarmOptimizer,f0_only_biased,SBOX-COST,0.1252176951495228,ok
065940df-fab4-459a-b57a-159cd7847b08,HybridPSODE,f0_only_biased,SBOX-COST,0.1551100012768122,ok
066c2b6e-4f61-4a27-b5fe-0a82c9980f5a,HybridPSO_DE,f0_only_biased,SBOX-COST,0.1389633365436128,ok
0672e52c-9409-4e0b-bc76-ee85040466fe,EnhancedAdaptiveSwarmGradientDescent,f0_only_biased,SBOX-COST,0.2144861812924516,ok
0675b8f9-9aa2-44dc-b96c-28951e77eb59,CollaborativeSwarmSearch,f0_only_biased,SBOX-COST,0.16394451286658532,ok
0681828e-2995-4342-8afe-d7c7a0c1998d,BalancedAdaptiveHybridPSO_DE,f0_only_biased,SBOX-COST,0.16305246072918322,ok
06828667-fc3f-4793-80e7-be4027add42a,AdaptiveSwarmHarmonySearch,neither_biased,SBOX-COST,0.1360676771211493,ok
0691b7d6-dddb-474a-8af9-027ae21de1a7,DynamicSwarmOptimizer,f0_only_biased,SBOX-COST,0.1929643516940886,ok
0699631d-d699-42fb-a907-a90d264c8c7b,EnhancedSwarmPerturbationWithClustering,f0_only_biased,SBOX-COST,,partial
06c463f1-3a40-477d-8399-251b08e39a61,AdaptiveSwarmGradientDescent,f0_only_biased,SBOX-COST,0.1631247055099469,ok
06c8b39e-76ff-43c5-9f04-2d523fc77ce7,PSO_DE_Hybrid,f0_only_biased,SBOX-COST,0.1799106530565731,ok
06dd7c4c-dd99-435f-82d4-916f95fc6925,SwarmOptimizer,f0_only_biased,SBOX-COST,0.1927065455443053,ok
06e6f1cb-d1fe-4d04-af17-92985798f6d4,AdaptiveSwarmGradientDescent,neither_biased,SBOX-COST,0.1329380287881695,ok
06e8b149-6838-4a27-8516-4ac52e79b691,EnhancedAdaptiveHybridPSODE,f0_only_biased,SBOX-COST,0.19804291344889116,ok
06ecd00b-7150-4847-8aba-9df180e644de,EnhancedLevyFlightParticleSwarm,f0_only_biased,SBOX-COST,0.17033730369390326,ok
07030318-5134-4ab3-be26-755a9a9bf0dc,AdaptiveSwarmGradientDescent,f0_only_biased,SBOX-COST,0.1939814007722238,ok
0707e3bd-70e0-4c94-8ee2-26dff4c7fe2b,PSODEOptimizer,f0_only_biased,SBOX-COST,0.06737586891635577,ok
0736c804-2ee6-4b9a-852b-991c45e50578,HybridPSO_DE,f0_only_biased,SBOX-COST,0.1392104415436604,ok
076d4cec-482f-4bb9-8e11-167383e6b167,PSO_DE_Hybrid,f0_only_biased,SBOX-COST,0.2038418373108723,ok
07829a51-e421-4174-82b0-e837306b32ed,HPSO_ADE_Enhanced_V2,both_biased,SBOX-COST,0.16564843175975213,ok
078c410e-d545-4247-bd4f-60bee331e4c2,EnhancedAdaptiveSwarmGradientDescent,f0_only_biased,SBOX-COST,0.16132603035271506,ok
07938376-3f71-4d1e-a83a-d7fe5262247a,EnhancedAdaptiveQuantumHybridPSO_DE,f0_only_biased,SBOX-COST,0.17066157789845704,ok
079a8b27-3905-45ef-a7cf-12fba6f356b8,AdaptiveCooperativeSwarm,both_biased,SBOX-COST,0.17161107712868207,ok
07ac7628-c079-438b-b4ea-63b142b8cdd2,EnhancedDAPSO,g0_only_biased,SBOX-COST,0.10931795021139379,ok
07d1aa17-3d65-4601-a175-9ac6ff3c75e4,SwarmOptimizer,f0_only_biased,SBOX-COST,0.0961526649846299,ok
07e0064a-d58f-4091-943d-316abf763a5f,AdaptiveSwarmGradientDescent,f0_only_biased,SBOX-COST,0.2195148657559338,ok
08195315-8134-4820-b500-2acb34893246,QuantumInspiredDynamicPSO_DE,f0_only_biased,SBOX-COST,0.15338529715473379,ok
082fa3fc-b6f4-485b-843a-e3e5c6a1c854,CollaborativeSwarmSearch,f0_only_biased,SBOX-COST,0.2103371636120121,ok
085de988-d2fd-4f3b-988f-b3f0504f4ead,HPSO_ADE_AdaptiveNeighborhood,both_biased,SBOX-COST,0.16572968702900387,ok
086f9f73-aa86-46ac-854f-56a9b06c34fe,CollaborativeSwarmSearch,f0_only_biased,SBOX-COST,0.2059458216117353,ok
088e9041-90b3-40c0-8e02-75ce70bc261d,EnhancedDAPSO,both_biased,SBOX-COST,0.0794668123854884,ok
08989368-5933-4c06-a33c-6bc649bc0779,RefinedEnhancedNAPSO,f0_only_biased,SBOX-COST,0.20899086842006287,ok
08d50368-d24d-4413-ab56-df97bfdc1dac,AdaptiveHybridPSO_DE,f0_only_biased,SBOX-COST,0.07802103494961023,ok
090d55f3-22c6-4bed-ae50-15302966117f,EnhancedAdaptiveLevySwarm,f0_only_biased,SBOX-COST,0.15422057837450742,ok
0913934d-28ac-4a83-b0ae-4303f9c0346a,HybridPSODE,both_biased,SBOX-COST,0.1930195289497161,ok
092c1ad4-2c8a-4e91-8800-d3ec3dacea0c,SwarmOptimizer,f0_only_biased,SBOX-COST,0.1606377607687405,ok
092eadfa-87e6-4127-841e-711047461116,AdaptiveSwarmHarmonyOptimization,f0_only_biased,SBOX-COST,0.136534702346267,ok
09368f22-8bd3-44e0-a355-854e193feebb,AdaptiveSwarmOptimizer,f0_only_biased,SBOX-COST,0.17328502708597,ok
095906db-834d-4413-8366-b575f2b4713d,AdaptiveHybridSwarmOptimization,f0_only_biased,SBOX-COST,0.07088096568930159,ok
09850d93-b74f-412e-b968-908e070afac1,EnhancedNAPSO,f0_only_biased,SBOX-COST,0.21608007533382134,ok
0986e5ca-d021-4acb-88bb-cb81c11b444b,EnhancedAdaptiveHybridPSO_GA,f0_only_biased,SBOX-COST,0.11643086942188832,ok
098a3a3e-86de-4e74-b7f0-23dcdb430c19,PSO_DE_Hybrid,f0_only_biased,SBOX-COST,0.1617223336694764,ok
09992da8-a0ca-4fb0-a494-93d2affe3087,AdaptiveSwarmOptimizer,f0_only_biased,SBOX-COST,0.1744502948216387,ok
09de97ab-a8ea-4181-a0d3-ea6ae2b029b2,HybridPSODE,both_biased,SBOX-COST,0.2014827626545245,ok
09e0fb68-0f95-4891-90c2-885d8b39896d,EnhancedHybridPSO_DE,f0_only_biased,SBOX-COST,0.15536313062605395,ok
0a4d904d-e1d4-47be-b22b-ec11e7e682e1,HybridPSOSA,both_biased,SBOX-COST,0.0990117934962764,ok
0a4f9064-d3e2-4944-a622-5d655d7601f5,EnhancedAdaptiveSwarmGradientDescent,f0_only_biased,SBOX-COST,0.2066708996307854,ok
0a593f4a-8540-4ce8-bc93-e8607902c6f1,AdaptiveQuantumHybridPSO_DE,f0_only_biased,SBOX-COST,0.1837160489212343,ok
0a6b24ba-7eba-4cd7-9347-24dc02d97491,AdaptiveSwarmGradientDescent,neither_biased,SBOX-COST,0.1293986090607617,ok
0a6dd243-1e92-41d0-ba2c-7421f18f4ad9,EAPSDE,f0_only_biased,SBOX-COST,0.1710470086648646,ok
0a775e39-f51c-466d-b396-8bf974ac8db4,AdaptiveSwarmGradientDescent,neither_biased,SBOX-COST,0.1464830365708987,ok
0a7df8ac-f634-43df-943a-9f528a4620b8,AdaptiveSwarmOptimizer,f0_only_biased,SBOX-COST,0.1786635920119417,ok
0aaa85e2-f6ed-469f-a1c9-bb8fe050e569,EnhancedHybridPSODE,both_biased,SBOX-COST,0.2100100096674525,ok
0adb6c4e-fc4c-44c4-99a5-988e286d5d00,HybridPSODE,f0_only_biased,SBOX-COST,0.11311655989654361,ok
0b4c1d93-b778-456c-9c41-f40fc85613c8,EnhancedAdaptiveSwarmGradientDescent,neither_biased,SBOX-COST,0.150204102564369,ok
0b58708d-914e-485a-b2c5-00e700ff532a,EnhancedDAPSO_Quantum,both_biased,SBOX-COST,0.16995188228915742,ok
0b694cd2-4202-4857-8443-6a528482fe3a,AdaptiveSwarmGradientDescent,f0_only_biased,SBOX-COST,0.2075812918150468,ok
0b6bb9e2-8340-4910-b209-4485f121bba3,AdaptiveSwarmGradientDescent,f0_only_biased,SBOX-COST,0.1938387254165782,ok
0b6fdc25-3014-41bd-ab71-9e924623a2f7,EnhancedAdaptiveSwarmGradientDescent,neither_biased,SBOX-COST,0.1243701525298476,ok
0b81f179-033d-43a5-992d-e0eb9c934f36,MultiChaoticAdaptiveHybridSwarm,f0_only_biased,SBOX-COST,0.1316927645673609,ok
0b9a6521-8870-4ba8-9fba-eecb4c2f607f,EnhancedAdaptiveCooperativeSwarm,both_biased,SBOX-COST,,error
0ba263cc-2c06-446d-8a44-aa4d73ff8adc,AdaptiveSwarmHarmonyOptimization,f0_only_biased,SBOX-COST,0.1968000904272394,ok
0ba8f4fe-28f0-4123-b511-fc30342f2369,RefinedHybridDEPSO,f0_only_biased,SBOX-COST,0.15801102043010745,ok
0bc85dfe-8972-49e4-9cc3-27f7744d059a,SwarmOptimizer,f0_only_biased,SBOX-COST,0.1976941228472503,ok
0bf7f7f3-9e86-475b-8b5e-3af1530d192d,ImprovedEnhancedAdaptiveQuantumHybridPSO_DE,f0_only_biased,SBOX-COST,0.1572343044035429,ok
0c05cd5e-e584-4ad6-8e4f-130948255edb,EnhancedAdaptiveEvoPSO,f0_only_biased,SBOX-COST,0.13472188279397898,ok
0c0d44e8-28cf-4971-b447-be3408932fe8,AdaptiveSwarmGradientDescent,f0_only_biased,SBOX-COST,0.2156310357765523,ok
0c0e1c9f-51b7-4fe1-95eb-f00b84996086,AdaptiveSwarmHarmonyOptimization,f0_only_biased,SBOX-COST,0.1758274348951989,ok
0c131522-77d9-4475-a2e8-e54061e3dd16,AdaptiveSwarmGradientDescent,f0_only_biased,SBOX-COST,0.178396814088366,ok
0c1ada55-6e1f-46c2-bd6a-835319a9bb5a,HybridPSOSA,both_biased,SBOX-COST,0.1052706769957064,ok
0c225f39-768b-4719-b7cc-67fe81f12afe,SwarmOptimizer,f0_only_biased,SBOX-COST,0.1485524088006473,ok
0c39c7ab-50e4-437a-81f3-42250f59fb96,AdaptiveMemoryCoopPSO,both_biased,SBOX-COST,0.08586376640620928,ok
0c580e62-a167-45e3-8e0e-8935fdae40be,EnhancedDynamicAdaptiveSwarmDE,f0_only_biased,SBOX-COST,0.07733129646388245,ok
0c7832dd-db0d-4bcb-bc0f-14081fd2392b,HybridPSODE,f0_only_biased,SBOX-COST,0.19809067259625596,ok
0c7b3f61-14d2-4ac7-aa68-1c6dc0dc560f,PSO_DE_Optimized,f0_only_biased,SBOX-COST,0.07637474159049525,ok
0c845d4e-2537-4c26-959d-09dae3b97518,HybridPSODE,f0_only_biased,SBOX-COST,0.14629973362484877,ok
0c88bc75-2f2d-44c8-b1b2-ae80eed866d3,HybridPSODE,f0_only_biased,SBOX-COST,0.1614271247762892,ok
0cc29f20-71a5-42bd-89f7-73c4d89b8a60,AdaptiveSwarmOptimizer,f0_only_biased,SBOX-COST,0.1599961274262254,ok
0ce58e39-2f06-4c73-b706-a52412df41f0,AdvancedHybridPSODE,f0_only_biased,SBOX-COST,0.17259587169501506,ok
0ce5e771-29d3-4857-8d56-52927f59c3bd,AdaptiveSwarmGradientDescent,f0_only_biased,SBOX-COST,0.1696104420035261,ok
0ce97e11-0b8b-441d-90ee-923fb8b9c5f1,AdaptiveSwarmGradientDescent,neither_biased,SBOX-COST,0.1378056780763429,ok
0d0654ef-8e91-48d8-8b1e-33eda5258ba7,Refined_Adaptive_Hybrid_PSO_DE,f0_only_biased,SBOX-COST,,partial
0d1626f8-fc48-4a62-9715-d2a9c3f3bde5,AdaptiveSwarmGradientDescent,f0_only_biased,SBOX-COST,0.1443914753778727,ok
0d18523f-6565-4c2c-8e01-313a448147de,HybridPSODE,f0_only_biased,SBOX-COST,0.12011615918609558,ok
0d2ff55e-308b-4994-9687-90a0715c8f57,DynamicSwarmOptimizer,f0_only_biased,SBOX-COST,0.1945109208918591,ok
0d332f45-b067-474e-97d8-4033707bd93a,EnhancedDAPSO,both_biased,SBOX-COST,0.13251776896375647,ok
0d3b86ac-20cf-4a84-969f-b58a6b5fe397,CollaborativeSwarmSearch,f0_only_biased,SBOX-COST,0.21136303752903127,ok
0d68bf70-c3bd-4cb0-9c1a-533af5273a9b,AdaptiveSwarmGradientDescent,f0_only_biased,SBOX-COST,0.182918592248151,ok
0d9f757f-fdf8-4e97-9afb-8b32752a307a,AdaptiveQuantumInspiredPSO_DE,f0_only_biased,SBOX-COST,0.12582501251479428,ok
0de13c96-df04-42f0-8e7d-83f563301352,AdaptiveSwarmGradientDescent,neither_biased,SBOX-COST,0.1306770883030664,ok
0df59c5b-eac4-49d1-a1e9-f4c6a1fc5eda,EnhancedAdaptiveSwarmGradientDescent,f0_only_biased,SBOX-COST,0.2131397149459274,ok
0e0f4f50-7b01-44a7-bc7e-e879ac488651,EnhancedHybridDEPSO,f0_only_biased,SBOX-COST,0.14524276446471707,ok
0e1c98ec-439c-4fce-9d7a-5ea1f903d1c8,EnhancedAdversarialSwarmDE,both_biased,SBOX-COST,0.0658953160304522,ok
0e4429ba-3e84-4f62-8403-892f634914ca,EnhancedAdaptiveSwarmGradientDescent,f0_only_biased,SBOX-COST,0.2092668254446269,ok
0e566e56-2db2-4fbf-b4fd-a604516c0b43,EnhancedDAPSOPlus,both_biased,SBOX-COST,0.17793500519518166,ok
0e868bb3-1261-40c5-9de7-f77e4102133e,ChaoticSwarmOptimizer,f0_only_biased,SBOX-COST,0.1711747314865666,ok
0ef378b2-97db-4c79-a9b8-7a26da12a056,DynamicSwarmDE,both_biased,SBOX-COST,0.0722267696526634,ok
0f24c42d-6212-4605-b935-a97d0c38e129,AdaptiveSwarmGradientDescent,f0_only_biased,SBOX-COST,0.1329185511616325,ok
0f322327-526f-42e1-ac30-e4e662e41765,EnhancedHybridDEPSO,f0_only_biased,SBOX-COST,0.1510604066827642,ok
0f3570f7-fa04-4859-b3f1-ab19c6da9242,AdaptiveSwarmGradientDescent,f0_only_biased,SBOX-COST,0.1473738051632327,ok
0f9d2777-f5b7-48d5-b483-434df7998b07,RefinedHybridPSODE,f0_only_biased,SBOX-COST,0.14728340236444154,ok
0f9e26d8-e30b-4e9d-b0b0-b00d0dea9ef9,AdaptiveSwarmGradientDescent,f0_only_biased,SBOX-COST,0.2160819347056157,ok
0fa951aa-d24d-4027-a75c-7f102de126c2,QuantumAPSO,both_biased,SBOX-COST,0.058228165888081246,ok
0fc7cf94-6297-41aa-8d8c-e1677c677ad2,AdaptiveSwarmHarmonyOptimization,f0_only_biased,SBOX-COST,0.1902149190623155,ok
0fdece44-7eda-4cd7-ac6a-c406f55cc8e8,AdaptiveSwarmGradientDescent,f0_only_biased,SBOX-COST,0.1234489256060832,ok
0fe5d9be-9e46-43bb-9be1-218773a0a40a,AdaptiveSwarmOptimizer,f0_only_biased,SBOX-COST,0.1289764230613455,ok
0ff78ade-28db-4bea-af0c-cf98e3ad2519,HybridPSODE,both_biased,SBOX-COST,0.1634519703883643,ok
0ffb9af6-12df-4aa9-a379-4e11806a7c01,AdaptiveSwarmOptimizer,f0_only_biased,SBOX-COST,0.1073141546651381,ok
101216af-8d1f-4c8a-a8f3-cbb9be5e398f,HybridPSODE,f0_only_biased,SBOX-COST,0.15790015342242092,ok
1026bd90-5e73-4491-9007-3c46646bf446,EnhancedAdaptiveSwarmGradientDescent,f0_only_biased,SBOX-COST,0.19715022205556643,ok
104e3974-aa61-43e0-8c22-61d0ed582605,AdaptiveSwarmHarmonyOptimization,f0_only_biased,SBOX-COST,0.1697266686695296,ok
105ec029-ff00-47ee-a1fc-b35bf90470f2,HybridPSODE_Improved,f0_only_biased,SBOX-COST,0.18748676649177165,ok
10642da7-15ae-4abe-8023-c163682f70ed,EnhancedHybridPSOSA,both_biased,SBOX-COST,0.12804771673827606,ok
10669904-5f22-4537-ac36-ecdcd3687bfd,DynamicSwarmOptimizer,f0_only_biased,SBOX-COST,0.1790563004407889,ok
10670a65-e06a-4e98-b7f2-bd33e0b92ff7,EnhancedMultiStrategyOptimizer,both_biased,SBOX-COST,0.13731557522831606,ok
10ac33ff-43e9-4fdc-9e9b-bde5f7e7429a,AdaptiveSwarmGradientDescent,neither_biased,SBOX-COST,0.1498766865956251,ok
10b5f45e-89c7-4fb1-a0b8-dd5424a90f51,EnhancedHybridSwarmWithAdaptiveChaos,f0_only_biased,SBOX-COST,0.1340716419231853,ok
10bdf4c3-1fdb-47eb-8e0e-6fb5f22ac2aa,MultiPhaseChaoticSwarm,f0_only_biased,SBOX-COST,0.14631693692385406,ok
10d24141-662c-498d-a059-9da3218fa49a,EnhancedAdaptiveCulturalSwarmOptimizer,f0_only_biased,SBOX-COST,0.1754439541605421,ok
10fff79d-9711-4d97-9e1e-3305b512bf73,AdaptiveSwarmHarmonyOptimization,f0_only_biased,SBOX-COST,0.151571389715662,ok
1119e5bb-8f19-4c1b-8404-f9cbd17b25f1,AdaptiveHybridPSO_GA,f0_only_biased,SBOX-COST,0.10817897376423244,ok
1126e984-ec44-4f03-b876-510d27bec8de,AdaptiveSwarmGradientDescent,f0_only_biased,SBOX-COST,0.205701680199863,ok
1132e035-21ab-4135-b7ef-5b6cc7f62ce4,EnhancedAdaptiveSwarmGradientDescent,f0_only_biased,SBOX-COST,0.16231094031451648,ok
113cb380-865a-422a-be30-3f82a87469e5,RefinedHybridPSO_DE,f0_only_biased,SBOX-COST,0.09621004198808103,ok
114caca8-ee0d-416f-a7f7-62f25977e462,RefinedHybridPSO_DE,both_biased,SBOX-COST,0.169260384994454,ok
11581ae0-881a-4805-a254-0342a3a4d782,EnhancedNAPSO,f0_only_biased,SBOX-COST,0.18579203331743804,ok
118892db-0ed2-44ac-aec9-683122ba3b00,ChaoticSwarmOptimizer,f0_only_biased,SBOX-COST,0.1820211686533797,ok
119b2c53-7178-4634-8938-426d777231bf,HPSO_ADE_Enhanced,both_biased,SBOX-COST,0.17278170010764457,ok
11ae3251-bdef-4dcf-90f8-dd7041a35b45,AdaptiveSwarmOptimizer,f0_only_biased,SBOX-COST,0.1121037597461349,ok
11f9b11a-a374-4693-8b6e-904634741552,EnhancedAdaptivePSO,f0_only_biased,SBOX-COST,0.17260479717049282,ok
1206492c-f682-480b-9ad0-272649da66d0,MultiChaosAdaptiveHybridSwarm,f0_only_biased,SBOX-COST,0.11151572213153944,ok
121d6015-9b39-4859-8456-31d83f02d6d8,AdaptiveQuantumHybridPSO_DE,f0_only_biased,SBOX-COST,0.1810045936799337,ok
12260251-4da6-4c8a-8ce0-d7a38ee1f22d,DynamicHybridPSODE,f0_only_biased,SBOX-COST,0.21081802072631373,ok
1232b1ac-5d1b-411f-b0bc-59975a0e5042,Adaptive_Hybrid_PSO_DE,f0_only_biased,SBOX-COST,,partial
12425bcf-a4ac-4c86-b414-229c9bbbabba,EnhancedNAPSO,f0_only_biased,SBOX-COST,0.20552307405112755,ok
125b3775-b37a-46d0-a2e4-a1da18d06346,EnhancedDAPSO,both_biased,SBOX-COST,0.14192426990884524,ok
12741f96-35a0-47aa-a498-f093c237601b,AdaptiveHybridPSODE,f0_only_biased,SBOX-COST,0.15444987734327648,ok
12a3650c-6069-4be5-baa3-8653af0cee50,EnhancedHybridPSO_DE,f0_only_biased,SBOX-COST,0.19752453734519437,ok
12ce9cd4-1b69-4801-b061-ccdbd9bb70ee,ChaosEnhancedAdaptiveHybridSwarm,f0_only_biased,SBOX-COST,0.12026132471061819,ok
12ff99ab-ef97-4ed7-a587-344248193321,AdaptiveNeighborhoodSwarmOptimizer,both_biased,SBOX-COST,0.10919025939863689,ok
130e8d81-2830-489e-9f25-4ec8b664de5d,AdaptiveAPSO,neither_biased,SBOX-COST,0.05957386220369308,ok
131ce475-5c95-41a9-b037-91b29dbe55d6,ImprovedHybridEvoPSO,f0_only_biased,SBOX-COST,0.12093348268719004,ok
135c0b2f-a091-4cea-ab9a-613fbe5ad455,EnhancedAdaptiveSwarmGradientDescent,f0_only_biased,SBOX-COST,0.2109606890353469,ok
1386cfe7-fea1-4e95-8c15-aef15488ac22,AdaptiveSwarmGradientDescent,f0_only_biased,SBOX-COST,0.2188518858232507,ok
139f7308-337a-48c2-b6d6-559f251398ea,CollaborativeSwarmSearch,f0_only_biased,SBOX-COST,0.15389648528254216,ok
13aa7662-74c4-47ea-9c0b-64e32f79a08e,ChaosEnhancedAdaptiveHybridSwarm,f0_only_biased,SBOX-COST,0.11760459374875576,ok
13b7ddfe-58ab-4cac-ae74-3ccd1cad3561,HybridPSODE,f0_only_biased,SBOX-COST,0.21879389563473195,ok
13c32ef8-593f-462f-a904-fa603a100814,AdaptiveSwarmGradientDescent,f0_only_biased,SBOX-COST,0.2190237806616909,ok
13f3bdba-6c70-40a7-8972-a7514817a499,SwarmOptimizer,f0_only_biased,SBOX-COST,0.1835052908670304,ok
143156d5-2908-42fc-9a4b-d87f4be40bcc,EnhancedHybridMetaheuristic,f0_only_biased,SBOX-COST,0.19119702223703175,ok
143757a0-93a3-4290-b9ed-0fdc4adcc4b9,PSODEOptimizer,f0_only_biased,SBOX-COST,0.07221110388210855,ok
1443de62-41ba-4727-9c00-e9d1dbd55b56,EnhancedAdaptiveSwarmGradientDescent,neither_biased,SBOX-COST,0.2308697353470417,ok
144eb6b0-2b9c-41c6-afa5-8ff016497492,HybridPSODE,f0_only_biased,SBOX-COST,0.22132221098745913,ok
145006ca-45af-455c-83ad-b2064012d75d,AdaptiveSwarmHarmonyOptimization,f0_only_biased,SBOX-COST,0.1402257904337036,ok
149171b6-5163-4920-aba1-e4c19965de62,AdaptiveSwarmGradientDescent,f0_only_biased,SBOX-COST,0.1745831153557612,ok
149d54f5-67b0-4aca-8774-31fb66313d2c,MultiScaleChaosEnhancedHybridSwarm,f0_only_biased,SBOX-COST,0.1330937734447239,ok
14ae60a6-229a-4271-8821-cad16da13c1f,AdaptiveSwarmGradientDescent,neither_biased,SBOX-COST,0.1421370299115779,ok
14cb5316-4e28-4470-9bf7-c88fae8cc6c1,AdaptiveSwarmHarmonySearch,neither_biased,SBOX-COST,0.1370478574250785,ok
14ccc5f3-52b8-405c-b683-151cc26d496a,PSO_DE_Adaptive,f0_only_biased,SBOX-COST,0.07614969714973395,ok
14dd28ef-1f73-4eb4-9e53-41113301831a,EnhancedDAPSO,both_biased,SBOX-COST,0.13549399326721653,ok
14fe04e9-067a-4c0d-9c43-31fa183c6b0f,PSODEOptimizer,f0_only_biased,SBOX-COST,0.07419164078906741,ok
14fef709-3104-41c3-9343-950bbbb0c4d0,EnhancedDAPSO,both_biased,SBOX-COST,0.13836490036781873,ok
150a1215-0286-415a-88c3-237666964fb1,AdaptiveSwarmOptimizer,f0_only_biased,SBOX-COST,0.173894863437306,ok
151e2fbe-4076-4bdf-9089-63cfb7c94fd6,HybridPSO_GA,f0_only_biased,SBOX-COST,0.15295457672254198,ok
153a1c2c-349a-4958-a8eb-83ab03c2c551,AdaptivePSOWithDiversity,f0_only_biased,SBOX-COST,0.12160936822203182,ok
154acd53-e187-4bc5-a776-2695172a8a5d,HybridPSOSA,f0_only_biased,SBOX-COST,0.15614977933768381,ok
155421e6-c929-484d-aa4c-a2ca676a953e,AdaptiveSwarmOptimizer,f0_only_biased,SBOX-COST,0.1686349872969629,ok
1564d0d1-2096-473a-9dab-0b4b07c4cfe0,HybridPSODE,f0_only_biased,SBOX-COST,0.19961808962087282,ok
156c3f22-c785-4779-90d3-1e6c23e0c0c2,EnhancedNAPSO,f0_only_biased,SBOX-COST,0.17383500505860755,ok
1587d992-7b70-4ccb-88af-9cc010209b15,QuantumInspiredDynamicPSO,f0_only_biased,SBOX-COST,0.17209858628552188,ok
1588e75f-e024-4f62-9b0d-13a466f3da3c,EnhancedAdaptiveSwarmGradientDescent,f0_only_biased,SBOX-COST,0.1929529603527522,ok
15908617-7b13-41cc-8861-e469756e37d5,SwarmOptimizer,f0_only_biased,SBOX-COST,0.1161109659689249,ok
15993d4c-dd7e-4584-9a36-2b04e8876f30,ChaosEnhancedAdaptiveHybridSwarm,f0_only_biased,SBOX-COST,0.12395620816093138,ok
15ce16d0-c9ba-49a1-a7d4-a92e9a93ce0f,EnhancedHybridPSODE,both_biased,SBOX-COST,0.16606726941022976,ok
15d0a526-ca76-4443-a526-4e7939de5768,StochasticNeighborhoodChaosSwarm,f0_only_biased,SBOX-COST,0.11315250349441391,ok
15eaa2bc-9065-4ddc-a31a-1d557d201fa3,EnhancedHybridMetaheuristic,f0_only_biased,SBOX-COST,0.18572969684209373,ok
15fdd2a7-4c1b-4b68-8079-3521855fc4be,EnhancedDAPSO,both_biased,SBOX-COST,0.18032367291321133,ok
1611476d-d3ab-4b25-9b8f-13f99bac0a95,AdaptiveSwarmHarmonyOptimization,f0_only_biased,SBOX-COST,0.1224603656190471,ok
161c162b-a49d-4a89-83eb-4a8aae431d93,AdaptiveParticleSwarmPCM,neither_biased,SBOX-COST,0.0964958203806983,ok
1631b7a5-2b23-4e53-bf3b-8eac24b3a8e0,SwarmOptimizer,f0_only_biased,SBOX-COST,0.19223486679240062,ok
16867217-22c3-42dd-a5b3-3b3c8b39624e,PSO_DE_Hybrid,f0_only_biased,SBOX-COST,0.20925921610397274,ok
16b9675f-9533-44b0-9b2a-e6a24039b042,HybridPSODE,f0_only_biased,SBOX-COST,0.11177456595191088,ok
16bc2b6f-7c45-4588-be67-0a161643bd3c,EnhancedHybridDEPSO,f0_only_biased,SBOX-COST,0.1469058071589413,ok
16c00469-bd85-452b-a690-58aafcff20c1,ImprovedDynamicSwarmDE,f0_only_biased,SBOX-COST,0.07575155646233503,ok
16c450e9-733c-450a-b4a7-3a340162b7c6,AdaptiveSwarmOptimizer,f0_only_biased,SBOX-COST,0.12862126654558753,ok
16dc958f-75cf-445c-92ab-627f740328af,EnhancedAdaptiveSwarmGradientDescent,f0_only_biased,SBOX-COST,0.18722051397661876,ok
1710012b-f69b-459d-a112-c081b78cdc46,HPSO_ADE_AdaptiveNeighborhood,both_biased,SBOX-COST,0.15467072232088006,ok
171f47b0-192a-4c20-bb14-e73a8eb42df5,DynamicPhaseTransitionSwarmOptimizer,both_biased,SBOX-COST,0.06005494667237802,ok
1735c19d-b2f9-40fa-af85-324f5de4ba55,DiversifiedVelocityQuantumHybridPSO_DE,f0_only_biased,SBOX-COST,0.1796976698596886,ok
17595855-b7bb-4b6f-988d-2d39c2af9766,AdaptiveLearningHybridPSO,f0_only_biased,SBOX-COST,0.12478308462517604,ok
176db79c-5a24-4618-bbc1-a11ff6cb59d9,AdaptiveSwarmGradientDescent,f0_only_biased,SBOX-COST,0.20676931351946207,ok
176fa2d9-cb17-41ef-827b-9ec7da3e25ea,AdaptiveSwarmHarmonySearch,neither_biased,SBOX-COST,0.14638185001145526,ok
17787db5-5a64-4d3d-b268-1823604e5207,EnhancedNAPSO,f0_only_biased,SBOX-COST,0.19995453127572935,ok
179ca5df-ca80-4088-9e10-66bd7c5c4f32,AdaptiveMemorySwarm,both_biased,SBOX-COST,,error
17c02cb7-aec8-47e5-a8c7-4a5808a4ca03,EnhancedMemorySwarm,both_biased,SBOX-COST,,error
17f1e43b-bfb5-406e-be0d-a7290024c11c,Enhanced_Hybrid_PSO_DE,f0_only_biased,SBOX-COST,0.07314096938767338,ok
1807796c-fdb5-4db7-8b6a-6240a1bec863,PSODEOptimizer,f0_only_biased,SBOX-COST,0.07009998435951233,ok
1842762b-faaa-477c-b32f-f0f17335558b,HPSO_ADE_Enhanced,f0_only_biased,SBOX-COST,0.16171219615104993,ok
185add82-fd67-4ce5-adda-c5b4689303b8,EnhancedAdaptiveDynamicEvoPSO,f0_only_biased,SBOX-COST,0.12967279257484343,ok
18620584-1660-4b80-b34d-b9d2e9a06eab,HybridPSODE,f0_only_biased,SBOX-COST,0.14570691087454846,ok
187be94c-21eb-4e5e-ae51-cb7cf1ed2bb9,PSODEOptimizer,f0_only_biased,SBOX-COST,0.0678307194094186,ok
1881ccdf-6046-4be2-af03-6940adb6d8b7,EnhancedHybridPSODE,both_biased,SBOX-COST,0.16871070324332516,ok
1896d36a-b9cb-46ad-8dfb-d2333597a8fd,EnhancedHybridPSO_DE,f0_only_biased,SBOX-COST,0.19197824886757064,ok
189e5462-6688-45ac-bd4b-858a548c015e,PSO_DE_Hybrid_Improved_V2,f0_only_biased,SBOX-COST,0.1775472574269743,ok
18a2d2b3-51eb-44d4-9d3e-71402410abc6,PSODEOptimizer,f0_only_biased,SBOX-COST,0.06847771518913122,ok
18a6ebb6-4cc2-4e8e-b8e3-8573b6ac922f,EnhancedAdaptiveSwarmGradientDescent,f0_only_biased,SBOX-COST,0.19336857771141597,ok
18bc036f-2651-40c8-af9d-5c12f2ac134c,EnhancedAdaptiveSwarmGradientDescent,f0_only_biased,SBOX-COST,0.2018301230522322,ok
18c3d309-a430-4f88-ae12-ec5d1138575c,RefinedHybridPSODE,f0_only_biased,SBOX-COST,0.16069901683116566,ok
19191e61-b9f7-4b1d-b1cb-537dcf95a121,EnhancedMemorySwarm,both_biased,SBOX-COST,,error
192c3e58-14bb-4b78-a027-394cd7d786ad,CollaborativeSwarmSearch,f0_only_biased,SBOX-COST,0.1963493062095532,ok
193887c9-6977-43fe-9382-1c2d91b64b2f,AdaptiveSwarmGradientDescent,f0_only_biased,SBOX-COST,0.12737005715037886,ok
1943d02d-43ae-4e5d-ac09-13659641c785,AdaptiveSwarmHarmonyOptimization,f0_only_biased,SBOX-COST,0.19483788407011313,ok
1945e5e7-d85b-4b28-9f62-9477f2c700fc,EnhancedDAPSO,both_biased,SBOX-COST,0.13308245706725258,ok
19467543-690c-4dcd-9aee-088a3e0e49bb,RefinedNAPSO,f0_only_biased,SBOX-COST,0.19565341462670108,ok
19492e50-f98a-4b2e-8c22-589c9733f6bb,HybridPSODE,both_biased,SBOX-COST,0.22138097405179483,ok
196533d7-1d78-4947-ab04-90f3a13b0f75,DynamicPhaseTransitionSwarmOptimizer,both_biased,SBOX-COST,0.05877288968988115,ok
1973615e-4b91-480b-a918-e490249bf2db,HPSO_ADE_AdaptiveNeighborhood,both_biased,SBOX-COST,0.15403019493653317,ok
1979d7fa-658c-407f-a832-ba826cda1a25,AdaptiveSwarmGradientDescent,f0_only_biased,SBOX-COST,0.15554603559233268,ok
1980e7f8-3763-4fd4-ab94-c153a11d5e27,EnhancedAdaptiveSwarmGradientDescent,f0_only_biased,SBOX-COST,0.16799679191371353,ok
199a4cf0-c68b-4524-b55c-8d7b55df9937,HybridPSODE,both_biased,SBOX-COST,0.2084155562124407,ok
19d43f72-ec8f-4a23-a061-898ecab04374,CollaborativeSwarmSearch,f0_only_biased,SBOX-COST,0.21427886968888454,ok
19d4c06d-4b48-46c5-8bcc-126d1c8c178e,EnhancedAdaptiveMultiPhaseSwarmOptimizer,both_biased,SBOX-COST,0.07256363041691806,ok
19e8005a-5522-44e1-a4c6-95ce62c53d08,CollaborativeSwarmSearch,f0_only_biased,SBOX-COST,0.22808998565367197,ok
19f6e0fa-f298-4c0b-8984-f4e70a5d7b99,HybridPSO_DE,f0_only_biased,SBOX-COST,0.12776651072967485,ok
1a123654-5175-4874-a434-4df5375e695a,EnhancedAdaptiveSwarmGradientDescent,f0_only_biased,SBOX-COST,0.1699592805592668,ok
1a2501e2-ee7b-44c8-9a2c-cba2bceae956,HybridEvolutionarySwarmDifferentialEvolution,f0_only_biased,SBOX-COST,0.17849934145187413,ok
1a450717-a0f4-4d05-998f-8ba52a5f281f,EnhancedAdaptiveSwarmGradientDescent,f0_only_biased,SBOX-COST,0.22231479911521596,ok
1a4d938e-98d1-48b1-9c90-50ca3b408711,SwarmOptimizer,f0_only_biased,SBOX-COST,0.1699847496533495,ok
1a51364b-a07c-4feb-9544-c2496ed17a00,AdaptiveSwarmGradientDescent,f0_only_biased,SBOX-COST,0.21450896042064316,ok
1a739c43-7b5e-439e-a608-38a8c8b297ac,SwarmAdaptiveDifferentialEvolution,f0_only_biased,SBOX-COST,0.11494326261292306,ok
1a78f020-9cf7-4f49-8bca-d87428717224,AdaptiveSwarmHarmonyOptimization,f0_only_biased,SBOX-COST,0.14079078562674932,ok
1ab81cd7-9804-462a-9f9b-4c0e0073eb7e,RefinedSwarmDifferentialEvolution,f0_only_biased,SBOX-COST,0.10992281996939743,ok
1acfe0e4-5cb5-42ec-a21f-eeb11a3fa27d,EnhancedAdaptiveHybridPSO_GA,f0_only_biased,SBOX-COST,0.1314354700484065,ok
1adc161a-fb37-46e0-a3f0-96a910019f31,AdaptiveSwarmHarmonySearch,neither_biased,SBOX-COST,0.12707271396019448,ok
1b04982f-7ae8-4148-88a0-07c2be62c171,AdaptiveSwarmGradientDescent,f0_only_biased,SBOX-COST,0.2025949581704777,ok
1b1e4a5f-c65a-4d08-89ea-5d70d23d31a1,HybridPSO_DE,f0_only_biased,SBOX-COST,0.14155866903568787,ok
1b50a2c0-7765-4fdf-aac9-afae58606a16,HybridPSODE,f0_only_biased,SBOX-COST,0.19919826036506,ok
1b554501-4d3d-404a-9408-2ce4812d2ade,EnhancedHybridDEPSO,both_biased,SBOX-COST,0.17999749336698934,ok
1b736ed6-dfc0-415f-8986-066f053f58c4,AdaptiveSwarmGradientDescent,f0_only_biased,SBOX-COST,0.13146320342710874,ok
1b9933d0-648a-4a6b-a4e8-8b0551bf9e9c,RefinedHybridPSO_DE,f0_only_biased,SBOX-COST,0.17456974393341357,ok
1baf5394-09e5-45e9-9225-4f864421c9d7,HybridPSODE,both_biased,SBOX-COST,0.17925834198531343,ok
1bcbb69f-d196-4e41-97a3-00ce8314455f,EnhancedAdaptiveSwarmGradientDescent,neither_biased,SBOX-COST,0.1613496178253769,ok
1bd3065e-6e83-4118-90f0-2b2f719bb7fb,EnhancedAdaptiveChaosPSO,both_biased,SBOX-COST,0.09156191523829812,ok
1bfb1766-cd68-49a4-86cd-5f16cadd61a1,AdaptiveParticleSwarmSCM,f0_only_biased,SBOX-COST,0.1871636586027567,ok
1c0654a7-c2e1-46de-830e-3ae434ae785e,DynamicPhaseTransitionSwarmOptimizer,both_biased,SBOX-COST,0.06032325281735734,ok
1c0bc8f4-528f-449f-bbe9-cfb497a6e9d5,AdaptiveSwarmGradientDescent,f0_only_biased,SBOX-COST,0.14062394677949186,ok
1c227beb-0862-45d8-a9e9-ef3b038534dc,HybridPSO_DE,f0_only_biased,SBOX-COST,0.13891752765369592,ok
1c33a1a4-ff05-4b03-8856-a0c6662d14d9,PSO_DE_Hybrid_Improved,f0_only_biased,SBOX-COST,0.20224432823426036,ok
1c6c5167-5aea-4079-84aa-c26a949d7209,HybridPSO_DE,f0_only_biased,SBOX-COST,0.1325370190268475,ok
1c6eb748-87dd-499d-8698-95006d161240,EnhancedLevyFlightParticleSwarm,f0_only_biased,SBOX-COST,0.1456983053062922,ok
1c76afd6-9f6c-4002-8958-3042185455c7,HybridPSO_DE,f0_only_biased,SBOX-COST,0.10637634956871724,ok
1c882452-3da1-4772-a90b-c9621cfa2f6c,SwarmOptimizer,f0_only_biased,SBOX-COST,0.17621294994700615,ok
1c8c9e5a-f9fd-4644-9475-6811ee1352b6,DynamicSwarmOptimizer,f0_only_biased,SBOX-COST,,error
1c9954c6-1ccd-42a5-8ce6-2bea2f5c854d,HybridPSODE,neither_biased,SBOX-COST,0.0995047269985595,ok
1cbca271-71c7-4c0f-bdde-585cd9181348,EnhancedAdaptiveSwarmGradientDescent,neither_biased,SBOX-COST,0.14529606827216923,ok
1cf08042-5b9f-432f-96d9-9ff6f9ac6f3b,AdaptiveSwarmHarmonyOptimization,f0_only_biased,SBOX-COST,0.12807243929497963,ok
1d09b879-1b75-498c-9b83-6126cef5dd67,EnhancedHybridDEPSO,both_biased,SBOX-COST,,partial
1d6a0c42-dfa9-4d29-a2b5-99ef8b7af744,AdaptiveSwarmGradientDescent,f0_only_biased,SBOX-COST,0.201222862055288,ok
1d85d346-b7f6-4699-9d41-32bf29ee0516,AdaptiveSwarmOptimizer,f0_only_biased,SBOX-COST,0.16105288363675474,ok
1da5b878-002f-48d6-9177-afb4fc756e03,PSODEOptimizer,f0_only_biased,SBOX-COST,0.06786718293981495,ok
1dac8a20-ef00-4031-b521-260ae629ca9b,EnhancedAdaptiveSwarmGradientDescent,f0_only_biased,SBOX-COST,0.2129694324527442,ok
1dafaa89-a2e9-41a7-9c1f-af8d1b045e55,PSODEOptimizer,f0_only_biased,SBOX-COST,0.07079090945520752,ok
1dbd446b-39ad-42c3-94c8-cc10c16afb9b,EnhancedAdaptiveSwarmGradientDescent,f0_only_biased,SBOX-COST,0.18736567697445242,ok
1dda1490-f564-46a2-aca3-bc734a362043,CollaborativeSwarmSearch,f0_only_biased,SBOX-COST,0.19947271042810588,ok
1e006381-6397-4873-8b31-f7d89f49facd,EnhancedDynamicSwarmDE,f0_only_biased,SBOX-COST,0.0702910927199419,ok
1e077f7d-2641-4ebd-b8ef-9137d7223d42,PSO_DE_Hybrid,f0_only_biased,SBOX-COST,,partial
1e2d88c7-c20d-4808-8d81-0d13df332838,NAPSO,f0_only_biased,SBOX-COST,0.15152735853658655,ok
1e2ecc41-b7de-42ea-a3a5-e06f300e3840,EnhancedHybridPSODE,both_biased,SBOX-COST,0.1667407149471123,ok
1e33fd5e-c132-4711-9d47-6305b864b09f,AdaptiveSwarmGradientDescent,f0_only_biased,SBOX-COST,0.19248853525065668,ok
1e392880-6fb4-4f92-9a03-8a9e965150cb,PSO_DE_Hybrid,f0_only_biased,SBOX-COST,0.13757023552600423,ok
1e4f009c-7512-432b-9a30-57dd5448e47d,AdaptivePSO,f0_only_biased,SBOX-COST,0.19911634253574112,ok
1e6923ee-7858-4944-a591-ae257783d78b,EnhancedAdaptiveSwarmGradientDescent,f0_only_biased,SBOX-COST,0.17771220262191828,ok
1e9aa045-2980-47df-af03-2af3983d8ef3,AHSO_Enhanced,f0_only_biased,SBOX-COST,0.11031879155644522,ok
1ec114cc-fa4a-4ce7-b036-15c3638f5df1,EnhancedNAPSO,f0_only_biased,SBOX-COST,0.20327335524000661,ok
1ecf0ce3-8b0e-437e-8e55-b9e797e2a394,AdaptiveMultimodalExplorer,f0_only_biased,SBOX-COST,0.21509251924966885,ok
1ed965ea-8c36-4031-9302-99daae59fc22,EnhancedAdaptivePSO,f0_only_biased,SBOX-COST,0.1958000836137533,ok
1edbd83d-b1e0-4850-9f65-70fe00a654c7,EnhancedMemorySwarm,both_biased,SBOX-COST,,error
1efc074a-869f-46a1-ad7e-cf35f5671d4e,HybridPSODE,f0_only_biased,SBOX-COST,0.15828640907006997,ok
1effaf5a-c1e6-4d58-ad70-2a8d8ff019aa,DynamicPhaseTransitionSwarmOptimizer,both_biased,SBOX-COST,0.060584414284457405,ok
1f03d23a-a8b8-49af-b684-afd83d8dfba8,AdaptiveSwarmGradientDescent,f0_only_biased,SBOX-COST,0.21279134476479927,ok
1f3b6739-74ba-4516-b3e9-ff7502c0a36a,AdaptiveSwarmGradientDescent,f0_only_biased,SBOX-COST,0.23140777530503853,ok
1f445e5a-0f89-404f-8b04-9162dc0f8094,AdaptiveSwarmGradientDescent,f0_only_biased,SBOX-COST,0.19483299131483095,ok
1f8078dd-a306-4461-9c45-c1f824f23c89,AdaptiveSwarmGradientDescent,f0_only_biased,SBOX-COST,0.21777414296383715,ok
1fa1d16a-8278-4695-9c39-e2a0d0eb259b,AdaptiveDynamicNeighborhoodSwarmOptimizer,both_biased,SBOX-COST,0.06548102548593615,ok
1fa59511-b9a1-4a6e-80dd-573cb81d1faa,EnhancedHybridPSO_DE,both_biased,SBOX-COST,0.1727647113373872,ok
1fa7e61f-4e69-4052-8286-ee1e5c12b77c,HPSO_ADE_Enhanced,both_biased,SBOX-COST,0.18174593538426875,ok
1faaea6d-6baa-4c2d-aeac-198ee0512597,AdaptiveSwarmGradientDescent,f0_only_biased,SBOX-COST,0.1928897721162667,ok
1faeba01-1243-484a-9675-f872d3ab0658,EnhancedHybridDEPSO,f0_only_biased,SBOX-COST,0.16296699719963711,ok
1fc19f5b-2bbd-4649-823d-6a8d10b04ad0,CollaborativeSwarmSearch,f0_only_biased,SBOX-COST,0.23636488398371067,ok
1fcb6cf4-ed41-4689-b5e8-873cb8fb3b4f,AdaptiveSwarmGradientDescent,f0_only_biased,SBOX-COST,0.14919394092920957,ok
1ff41c76-a775-4ca8-a7d9-fd06c4eefe92,HybridPSO_DE,f0_only_biased,SBOX-COST,0.12131917440943842,ok
1ff532fd-6b1e-4ef3-bea9-0de0e40c5264,PSO_DE_Hybrid,f0_only_biased,SBOX-COST,0.1261949062031452,ok
1ff7b535-6596-4492-9226-2ec7c145b940,EnhancedAdaptiveSwarmGradientDescent,neither_biased,SBOX-COST,0.1334466816119797,ok
1ffc8d0c-5626-4e26-ad53-49b488e164fe,EnhancedAdaptiveSwarmGradientDescent,f0_only_biased,SBOX-COST,0.1616012281192804,ok
20214e3d-09ef-431f-ae05-e965eb63836b,AdaptiveSwarmGradientDescent,f0_only_biased,SBOX-COST,0.20347889016035425,ok
20237a39-675c-4d7a-9c65-99cbfa4842a3,MultiSwarmCooperativeOptimizer,f0_only_biased,SBOX-COST,0.15848027725027775,ok
203a89fa-e05e-494d-81e1-49d5bc0718cd,AdaptiveSwarmGradientDescent,f0_only_biased,SBOX-COST,0.1878474986077031,ok
205a1058-51d4-4ac8-a187-61f65758bb0f,EnhancedDynamicSwarmDE,f0_only_biased,SBOX-COST,0.07825113999072125,ok
206083d4-5325-4e1e-ba37-94977894c864,CollaborativeSwarmSearch,f0_only_biased,SBOX-COST,0.1350651959128469,ok
20663e95-8d3d-4f90-9f22-65dea91569ca,EnhancedAdaptiveSwarmGradientDescent,f0_only_biased,SBOX-COST,0.17029899266130233,ok
2098ba5d-c50b-4a46-bfef-4a38717b9ad9,AdaptiveSwarmGradientDescent,f0_only_biased,SBOX-COST,0.20437928377480413,ok
2099e536-eee0-4d24-a670-235caa5f6050,AdaptiveSwarmGradientDescent,f0_only_biased,SBOX-COST,0.16740728847789998,ok
209dbacc-ace2-40cb-8b4e-1cfceb420923,HybridPSODEPlus,f0_only_biased,SBOX-COST,0.21152037542359517,ok
20b28a98-592b-4848-b57c-720d31217b17,EnhancedDynamicSwarmDE,both_biased,SBOX-COST,0.07197860785316207,ok
20e24472-3634-4057-9249-e711277e98c3,AdaptiveSwarmHarmonyOptimization,f0_only_biased,SBOX-COST,0.2080510119751654,ok
20fc0241-c4cd-4d55-95bd-5f8fc39fd84b,HybridPSOSA,both_biased,SBOX-COST,0.10879479875384189,ok
210355ac-c3b7-43d9-ac9b-ae9f346f8b58,QuantumInspiredAdaptiveMomentumPSO_DE,f0_only_biased,SBOX-COST,0.1484373451063165,ok
2109a640-459a-4682-8110-bfa4b7461c05,PSODEOptimizer,f0_only_biased,SBOX-COST,0.06892322693603059,ok
2138b330-38c9-48fa-ac05-fc0b5547858c,EnhancedHybridPSO_GA,f0_only_biased,SBOX-COST,0.10724463626060422,ok
2144da25-8b51-47da-ae7c-cdad3e59c452,HybridPSODE,both_biased,SBOX-COST,0.20982596726074076,ok
214c504c-84be-46a2-90b4-e5562b283669,HybridPSODE,f0_only_biased,SBOX-COST,0.1506565514165559,ok
2173a926-ec02-4067-9038-bc63c5f94e00,AdaptiveSwarmGradientDescent,f0_only_biased,SBOX-COST,0.20225492510058085,ok
21754c26-b08b-44db-9d46-278925a0cc2c,EnhancedAdversarialSwarmDE,both_biased,SBOX-COST,0.07553887829285728,ok
217dcb42-c2ae-4df9-a1ce-5f2ff4b473db,HybridPSO_DE,f0_only_biased,SBOX-COST,0.0971385137298784,ok
218489d5-a466-442b-a804-0b29b0bfa8a1,EnhancedAdaptiveCooperativeSwarm,both_biased,SBOX-COST,,error
21b01830-1114-45c9-a803-fc3f7c780cb4,EnhancedAdaptiveSwarmGradientDescent,f0_only_biased,SBOX-COST,0.2042912240257287,ok
21d9d783-e09b-45da-9f7a-a1fadbae62a8,AdaptiveSwarmGradientDescent,f0_only_biased,SBOX-COST,0.21874389573667943,ok
21de28f9-91d9-4679-8559-f44271b4fcec,DynamicPhaseTransitionSwarmOptimizer,both_biased,SBOX-COST,0.05950323250450623,ok
21e7ee07-03bd-4b14-b97f-2ca1f474fa65,HybridPSO_DE,f0_only_biased,SBOX-COST,0.16111321938157758,ok
21ee6d44-129e-4518-a387-79eb7b50bfc4,HybridPSODE,f0_only_biased,SBOX-COST,0.2292876312366021,ok
22088a21-a690-4610-93c4-4b1a03570e5b,EnhancedAdaptiveHybridPSO_GA,f0_only_biased,SBOX-COST,0.12793572439283146,ok
221bf2da-115d-4e91-aeb8-047eaff57d5a,HybridPSODE,f0_only_biased,SBOX-COST,0.11281070577389245,ok
22356405-ec5b-42e3-b0c4-abfd2069268f,AdaptiveCooperativeSwarm,f0_only_biased,SBOX-COST,0.19264771671828645,ok
225b7f01-3225-4952-84b6-b2d8e9e4de5e,EnhancedHybridPSO_GA,f0_only_biased,SBOX-COST,0.14217226979150618,ok
225e7bba-6731-4781-b37b-9c07c62cbd8f,EnhancedDynamicEvoPSO,f0_only_biased,SBOX-COST,0.10721805842759694,ok
2260f541-dd5a-43e5-8c40-ec479a1604ac,EnhancedAdaptiveSwarmGradientDescent,f0_only_biased,SBOX-COST,0.2174963528191441,ok
228eaa62-27c6-4b24-943f-8e62f720f7c0,EnhancedHybridPSO_DE,f0_only_biased,SBOX-COST,0.1444607148242522,ok
22b786c3-34d0-4e38-b33b-c4ef50cf475c,AdaptiveSwarmGradientDescent,f0_only_biased,SBOX-COST,0.16043006576743463,ok
22c028e5-66a0-4196-8842-c30bccc8704f,HPSO_ADE_Enhanced,both_biased,SBOX-COST,0.1602928827058554,ok
22c47307-702c-412d-a713-af3c0c7d6dd0,MultiLevelChaosHybridSwarm,f0_only_biased,SBOX-COST,0.12559794222219664,ok
22e24da2-5cd4-4913-8cc6-b37381e4b974,EnhancedAdaptiveCooperativeSwarmRefined,both_biased,SBOX-COST,,error
22e342f4-aab5-4405-9760-fdf6084ccc65,HybridPSODE,f0_only_biased,SBOX-COST,0.15685016188406353,ok
22f4dbe0-ebf3-4ace-9842-dae6a374e5b9,HybridPSODE,f0_only_biased,SBOX-COST,0.10563650191669774,ok
22f97943-5e8d-4105-bb90-cad2bf8a2b8d,PSODEOptimizer,f0_only_biased,SBOX-COST,0.07114383185263576,ok
237a79f8-a2c6-4f8f-8737-bf3e44f6f78e,EnhancedHybridDEPSO,f0_only_biased,SBOX-COST,0.1823026128236176,ok
2398ebe9-d16b-4538-bc4d-50e854d2d8b0,HybridPSODE,both_biased,SBOX-COST,0.186429052444261,ok
239b377f-4ca8-4e9a-8a4d-83195dd4e59a,DynamicPhaseTransitionSwarmOptimizer,g0_only_biased,SBOX-COST,,error
23bb7d56-e933-4dcb-be19-9585bd9b16b4,HybridPSODE,both_biased,SBOX-COST,0.16538914641817523,ok
23c2fbe1-f758-4b99-898e-de735f368bcf,HybridPSODE,f0_only_biased,SBOX-COST,0.15721382143597268,ok
23c7bf53-c889-4d22-b899-09bc56c62a49,AdaptiveSwarmGradientDescent,f0_only_biased,SBOX-COST,0.18215011244611168,ok
23db54f3-04f2-4e6c-8fc5-0589ad4cf788,EnhancedHybridPSODE,both_biased,SBOX-COST,0.1552863210947526,ok
23f21601-06de-4746-ae6c-9c8454629919,AdaptiveSwarmOptimizer,f0_only_biased,SBOX-COST,0.14929474918489533,ok
23f47294-c975-4771-8d58-c5d00d2d1766,ACPSO,f0_only_biased,SBOX-COST,0.06730716805158424,ok
2414cad2-1297-49c2-a812-9bf00e857202,ChaosEnhancedAdaptiveHybridSwarm,f0_only_biased,SBOX-COST,0.11672229828305154,ok
241b7b11-d269-496e-860e-e5f15cca135e,HybridPSODE,f0_only_biased,SBOX-COST,0.20360562318742828,ok
24311b64-b749-4d7c-96d8-2993688891ed,EnhancedAdaptiveSwarmGradientDescent,f0_only_biased,SBOX-COST,0.21093333497847072,ok
2438755f-d337-4a96-a67e-6b5d81358761,HybridPSOSA,both_biased,SBOX-COST,0.10867073139599732,ok
243f1214-601a-4418-992b-5d0c1cfd83fd,EnhancedHybridPSODE,both_biased,SBOX-COST,0.16622836494882082,ok
2440198e-ee73-4739-8b72-d9e803056c7d,AdaptiveSwarmGradientDescent,f0_only_biased,SBOX-COST,0.22612789872897185,ok
2440de4e-becf-4c27-83ed-7dbac12254eb,PSODEOptimizer,f0_only_biased,SBOX-COST,0.060721690096365494,ok
244d55be-e8b8-4e9f-9e17-e6bba81b6a2a,PSODEOptimizer,f0_only_biased,SBOX-COST,0.06708113572585847,ok
246c8da0-6a94-4262-bc0d-ad09160bf3ef,AdaptiveSwarmHarmonySearch,neither_biased,SBOX-COST,0.12827500775936584,ok
248abe02-0210-4f7a-a439-2c9f577cfd4b,AdvancedHybridPSODE,f0_only_biased,SBOX-COST,0.17785436638744861,ok
248fcd27-83bb-4f9c-886b-602c86f697a9,QuantumInspiredAdaptiveMomentumPSO_DE,f0_only_biased,SBOX-COST,0.15680440588935285,ok
24b0b5ae-ed51-4cd8-a8d9-75229e7898a2,EnhancedHybridPSODE,both_biased,SBOX-COST,0.1787337933158972,ok
24c6900b-9143-4e65-a69b-1fb31bb01401,PSO_DE_Hybrid,f0_only_biased,SBOX-COST,0.17251685172309889,ok
24c8933e-b515-4385-ba58-f57796175690,DynamicPhaseTransitionSwarmOptimizer,both_biased,SBOX-COST,0.06086852514328009,ok
24db0f79-6108-4b92-ba77-83b826db894a,EnhancedAdaptiveHybridSwarm,f0_only_biased,SBOX-COST,0.11905216034971979,ok
24e5d42d-2084-48e5-ad9d-2f43364c3f0b,DynamicPhaseTransitionSwarmOptimizer,both_biased,SBOX-COST,0.058691337326058676,ok
24ee7683-0bb6-4402-aea7-70d234d9597c,EnhancedAdaptiveSwarmGradientDescent,f0_only_biased,SBOX-COST,0.16182510670922517,ok
255ae2b3-35c4-48b9-b43c-c00c992b92c5,RefinedEnhancedNAPSO,f0_only_biased,SBOX-COST,0.19050647417262204,ok
255d2974-4cee-480c-91d6-47843eb9384c,AdaptiveSwarmGradientDescent,f0_only_biased,SBOX-COST,0.19492537575361593,ok
2566f153-f4a3-4b99-9360-0078142d899f,ChaosEnhancedAdaptiveHybridSwarm,f0_only_biased,SBOX-COST,0.10582572837141337,ok
25674420-fcc2-44b8-be16-a74c3f29e5e1,RefinedDAPSO,both_biased,SBOX-COST,0.13687295956644385,ok
256feb9c-7d8d-46f4-ab62-908c70d26f7b,EnhancedAdaptiveCulturalDEOptimizer,f0_only_biased,SBOX-COST,0.121533979305891,ok
25709019-689d-4d8b-ab5d-2604d2d5a402,AdaptiveSwarmGradientDescent,f0_only_biased,SBOX-COST,0.15719650959855674,ok
25712e8d-6a39-4d5a-91a2-aee5f01e5673,PSO_DE_Optimized,f0_only_biased,SBOX-COST,0.0748523461881355,ok
258af06e-43b9-4baf-a82d-48f5827c3257,PSO_DE_Hybrid,f0_only_biased,SBOX-COST,0.14527533316720337,ok
258b606b-54ac-43ff-8fd2-27216ab97cf2,HybridPSODE,f0_only_biased,SBOX-COST,0.15114670695103483,ok
25beab1a-7ecb-4643-872c-27fa1ba8b8d9,PSODEOptimizer,both_biased,SBOX-COST,0.06520174461417405,ok
25d7bc60-2dd9-43b9-8134-58960ff26d04,PSO_DE_Hybrid,f0_only_biased,SBOX-COST,0.14637972287610557,ok
25efa2e1-435b-42e1-86d1-c4fc932d775b,AdaptiveHybridPSODE,f0_only_biased,SBOX-COST,0.20353425229594177,ok
25fbedf3-2510-4945-bfec-d4e2aaa205c9,AdaptiveSwarmGradientDescent,f0_only_biased,SBOX-COST,0.18340876668724432,ok
25fdc8d5-5985-4850-8140-2488616cd13d,AdaptiveSwarmGradientDescent,f0_only_biased,SBOX-COST,0.13597861385944138,ok
26098132-1acf-4de9-8260-ae0a50cc5e7c,DynamicSwarmOptimizer,f0_only_biased,SBOX-COST,0.16928073826596324,ok
262bfe0a-6ee4-4b1d-9a8f-bdd46ddec92d,CooperativeAdaptiveSwarmDE,both_biased,SBOX-COST,0.07567641079958298,ok
2646b3e1-597a-4f8a-92ad-a535680e588b,EnhancedChaoticLevySwarm,both_biased,SBOX-COST,0.18284479932638148,ok
2652ff79-e868-4d90-bbab-f0be14e4748a,Enhanced_Adaptive_Hybrid_PSO_DE,f0_only_biased,SBOX-COST,0.07317293660776165,ok
265df595-d0a9-444e-9f16-d857ffea2c2c,AdaptiveMultiPopulationPSODE,f0_only_biased,SBOX-COST,0.1069606633532634,ok
2676e8fd-7428-4017-9f50-4ba3a8c7a992,SwarmOptimizer,f0_only_biased,SBOX-COST,0.133228015009198,ok
267fb132-174c-421c-a6ce-0924165b1885,EnhancedHybridPSODE,both_biased,SBOX-COST,0.13888621001458396,ok
26926b8d-671a-4cf9-b013-f0ff67c27606,HPSO_ADE_Enhanced,f0_only_biased,SBOX-COST,0.17540684481373686,ok
26961c6f-4edc-47dd-a46f-ac198921734b,DynamicPhaseTransitionSwarmOptimizer,both_biased,SBOX-COST,0.06408098807622248,ok
26b5456f-ae2c-45ce-8d74-b7e3b78356aa,EnhancedHybridPSOSA,both_biased,SBOX-COST,0.11239617127902934,ok
26b8edef-4a34-4ccd-93f2-6c6c3d0daba7,Enhanced_HPSO_ADE_Levy,f0_only_biased,SBOX-COST,0.13925141915493996,ok
26c2962f-b1da-4c40-b06a-49cf19020219,ImprovedHybridPSODE,f0_only_biased,SBOX-COST,0.14189982373506901,ok
26db5b3b-8204-4b47-8963-ae2ce1800dc7,HybridPSO_DE,f0_only_biased,SBOX-COST,0.17630629806048992,ok
26f8d2db-244c-4ac7-af90-4e83b5d82353,SwarmOptimizer,f0_only_biased,SBOX-COST,0.19644760703055653,ok
26fde6cd-4c72-4e24-b484-eb9422e5b335,HybridPSOSA,f0_only_biased,SBOX-COST,0.10861773956762782,ok
26ff3ae3-3d7f-4d85-ba0e-78c971ff692d,AdaptiveDynamicEvoPSO,f0_only_biased,SBOX-COST,0.13177267098137116,ok
270cdfaf-aab9-4344-b1f6-f1ed22f5348d,HybridPSOSA,both_biased,SBOX-COST,,partial
271e9959-37a6-4070-8697-a981b316ce76,EnhancedAdaptiveSwarmGradientDescent,f0_only_biased,SBOX-COST,0.2253515059552632,ok
277cb051-adc7-4fa5-8886-ccfeea2cdd25,AdaptiveSwarmHarmonySearch,neither_biased,SBOX-COST,0.12323524367551753,ok
278f048e-283a-4f29-917f-a1e0d436b005,AdaptiveHybridPSODE,f0_only_biased,SBOX-COST,0.17541600391965692,ok
27a04f18-fa66-4dc2-856c-c331e8058f8f,HybridPSOSA,both_biased,SBOX-COST,0.11210640331113009,ok
27a1c04b-3da0-4b50-ba4a-0a86b3f4f03a,EnhancedHybridPSODE,f0_only_biased,SBOX-COST,0.16008811996396244,ok
27bbeb45-7bd6-4d1b-ad2b-b0f878c0337b,Enhanced_Adaptive_Hybrid_PSO_DE,f0_only_biased,SBOX-COST,0.07539083593932597,ok
27e3b24a-01ec-4566-9edb-3103fac3729b,AdaptiveSwarmGradientDescent,f0_only_biased,SBOX-COST,0.20616293244099143,ok
27eec909-6304-4af9-87ac-bd2e4bb1837f,EnhancedAdaptiveSwarmGradientDescent,neither_biased,SBOX-COST,0.1742924664617449,ok
27eef7f5-ba8f-4199-bf86-132b43c79915,HybridPSODE,f0_only_biased,SBOX-COST,0.14033862321956886,ok
28411540-e478-426a-875f-7539d7d20069,EnhancedAdaptiveEvoPSO,f0_only_biased,SBOX-COST,0.12735532762681928,ok
28c1b608-77fc-4978-82b6-f8742a4713bf,AdaptiveSwarmOptimizer,f0_only_biased,SBOX-COST,0.17086012478928217,ok
28e72545-05f5-4518-aecc-c0d814c09b0b,AdaptiveHybridPSODE_DynamicLearningLocalSearch,f0_only_biased,SBOX-COST,0.14787438398424144,ok
28f842bd-1b33-488d-9a80-62fa9b70d234,EnhancedHybridSwarmOptimizer,f0_only_biased,SBOX-COST,0.06531779389313597,ok
28fa3e93-1d4e-44c3-afea-212cbab12af5,AdaptiveHybridPSO_GA,f0_only_biased,SBOX-COST,0.11255113580517903,ok
29027062-05f8-438f-96e9-34721fe417d8,DynamicPhaseTransitionSwarmOptimizer,both_biased,SBOX-COST,0.059879031364436286,ok
29082a4a-5971-4f48-91d0-f38cc9413bfc,EnhancedHybridPSO_DE,f0_only_biased,SBOX-COST,0.18103229846152896,ok
29238daa-12ad-438e-b8f4-6d7ba3ab18b9,AdaptiveChaoticParticleSwarm,f0_only_biased,SBOX-COST,0.1852844215733257,ok
2939d402-660b-40db-a4e7-4ba473261692,EnhancedAdaptiveDynamicEvoPSO,f0_only_biased,SBOX-COST,0.13412864583422873,ok
2942efc2-a281-4254-8a15-043c0278789c,EnhancedAdaptiveSwarmGradientDescent,f0_only_biased,SBOX-COST,0.16829493282908276,ok
298bbfd5-4499-4695-9958-47e8dd8823eb,HPSO_ADE_Enhanced,both_biased,SBOX-COST,0.15717018545636846,ok
298f466d-435b-45fe-ba87-8d35f66b096f,PSO_DE_Optimized,f0_only_biased,SBOX-COST,0.07247096913055011,ok
29aa660d-bfcc-42f6-a960-f0a6a44ab16b,EnhancedParticleSwarmDCM,f0_only_biased,SBOX-COST,0.1470952790950162,ok
29b7abcf-10b5-4a1c-a193-daadf6e53302,AdaptiveSwarmGradientDescent,f0_only_biased,SBOX-COST,0.16439505429531,ok
29d25cf5-923f-4eb9-8a04-5c993419fc6b,AdaptiveHybridPSODE,f0_only_biased,SBOX-COST,0.12940756039542028,ok
29e94573-553e-45e1-af2f-c9678ae1b024,EnhancedAdaptiveSwarmGradientDescent,f0_only_biased,SBOX-COST,0.21553039207369665,ok
29f6d5a1-8ac3-43b5-827a-5266de600fcc,AdaptiveSwarmGradientDescent,f0_only_biased,SBOX-COST,0.2346535955701711,ok
2a05aa38-192e-44ac-8f19-2f3b9587e561,CollaborativeSwarmSearch,f0_only_biased,SBOX-COST,0.19855550006177272,ok
2a3cede6-ac7a-4f90-8a24-70221e1d82ae,EnhancedAdaptiveSwarmGradientDescent,f0_only_biased,SBOX-COST,0.21510982551781824,ok
2a411707-ce58-4b79-98af-9900e2d832fc,EnhancedHybridPSODE,f0_only_biased,SBOX-COST,0.21840973976474432,ok
2a42ba93-29ab-41ca-b8d8-19dbb01fa517,EnhancedAdaptiveSwarmGradientDescent,f0_only_biased,SBOX-COST,0.21086243037211955,ok
2a5c9fed-1b09-4712-b274-77621cccdd90,EnhancedMemorySwarm,both_biased,SBOX-COST,,error
2a70344a-1818-456d-bc44-20eafdbc52b6,AdaptiveSwarmGradientDescent,f0_only_biased,SBOX-COST,0.18259852032336857,ok
2a7e6d8d-0a70-40a2-be13-917c12620472,AdaptiveSwarmGradientDescent,f0_only_biased,SBOX-COST,0.2025060195021066,ok
2a923766-8cca-428a-8608-1413dace5c28,EnhancedAdaptiveSwarmGradientDescent,f0_only_biased,SBOX-COST,0.20813400796449016,ok
2aa985fe-5da1-45a1-853c-98182ec18ce2,EnhancedAdaptiveSwarmGradientDescent,f0_only_biased,SBOX-COST,0.16359104091060717,ok
2b181627-a03d-48d2-9273-6f17ba51ead6,EnhancedDAPSO,both_biased,SBOX-COST,0.13498293537044959,ok
2b3d2f72-43dc-4558-a5f4-6cc0756704bd,EnhancedAdaptiveHybridPSO_GA,f0_only_biased,SBOX-COST,0.10790697239099256,ok
2b5f18a1-4943-4e5f-89fe-1f6267f92673,AdaptiveNAPSO,f0_only_biased,SBOX-COST,0.19452793047176714,ok
2b6466bc-186f-466c-8359-79d4c1841522,EnhancedSwarmGradientDescent,f0_only_biased,SBOX-COST,0.12407496690393495,ok
2b65d952-ed31-4b60-8680-078988c52631,EnhancedAdaptiveDEPSO,f0_only_biased,SBOX-COST,0.15429819842278236,ok
2b7dd128-69ae-4a6b-b530-d877835ca712,Enhanced_Hybrid_PSO_DE,f0_only_biased,SBOX-COST,0.07141048573286393,ok
2b90b335-9d29-455a-b4a9-f7f95da66773,EnhancedAdaptiveSwarmGradientDescent,neither_biased,SBOX-COST,0.17882994013236392,ok
2b91eff9-570d-4137-8a0d-a695c2e02525,AdaptiveSwarmHarmonyOptimization,f0_only_biased,SBOX-COST,0.14569554706114937,ok
2b9f4e9a-6ea7-47e9-bb26-8e8eb573e7bc,SwarmOptimizer,f0_only_biased,SBOX-COST,0.19458899682705774,ok
2bb24980-ef54-4fc2-b8fa-75de68a93083,EnhancedHybridPSODE_v2,both_biased,SBOX-COST,0.18298481991257612,ok
2bb38215-d897-4de6-b024-8a5595bc281c,AdaptiveSwarmOptimizer,f0_only_biased,SBOX-COST,0.15240669188861614,ok
2bc87e5f-9706-4802-962a-94a335e43449,HybridPSO_DE,f0_only_biased,SBOX-COST,0.11097713300626286,ok
2bda0e46-dfc8-478f-b926-a4cea03daa46,AdaptiveSwarmOptimizer,f0_only_biased,SBOX-COST,0.16946104226706754,ok
2bdad25d-e301-4677-952d-1e1967c32f64,AdaptiveSwarmGradientDescent,f0_only_biased,SBOX-COST,0.17442192338711265,ok
2be28591-050c-49c3-ac5b-e7037d90fe47,AdaptiveMultiPhaseSwarmOptimizer,both_biased,SBOX-COST,0.05843701541646737,ok
2bf775ab-7e06-476a-9751-1df485e75195,AdaptiveSwarmHarmonyOptimization,f0_only_biased,SBOX-COST,0.15316342874287048,ok
2c13d184-a02b-40f3-88f4-48dbb74b6d67,CollaborativeSwarmSearch,f0_only_biased,SBOX-COST,0.2191196579713789,ok
2c2c80f4-1381-406e-a92e-f54c9ea2dfb6,HybridPSO_DE,f0_only_biased,SBOX-COST,0.15666869689484114,ok
2c7ffcbb-fe0f-4891-87d2-ef8773da2497,AdaptiveSwarmGradientDescent,f0_only_biased,SBOX-COST,0.13164234464466862,ok
2c875bb4-ee92-40ba-b058-55aab9c8d176,HybridPSODE,both_biased,SBOX-COST,0.1736306699257941,ok
2c89dba0-aa06-4b8e-851d-edfa7d0dbc9d,EnhancedAdaptiveQuantumHybridPSO_DE,f0_only_biased,SBOX-COST,0.16948462943699993,ok
2c90adb2-4f1d-4e52-8290-583d94660d7e,HybridPSODE,both_biased,SBOX-COST,0.20495860535333704,ok
2cac352f-360b-41dd-bb34-6ed9c45badc1,CollaborativeSwarmSearch,f0_only_biased,SBOX-COST,0.21189797150496448,ok
2cafa20e-ca63-44cb-a943-02e61a157ac4,HybridDEPSO,both_biased,SBOX-COST,0.13992848961929985,ok
2cb49343-ad69-4516-a0a7-cc5d4ce4d76c,EnhancedImprovedHybridPSODE,f0_only_biased,SBOX-COST,0.10989472886346233,ok
2cca34d9-bf0a-46b7-9d23-bdb2f7aaeb0f,AdaptiveSwarmHarmonySearch,neither_biased,SBOX-COST,0.12398934225396001,ok
2cd46ebc-d35c-4278-a7aa-7da52f4b4771,HybridPSOSA,both_biased,SBOX-COST,0.10923728357226689,ok
2ce108bc-5653-4dcb-a507-9efe8ea9f745,AdaptiveSwarmGradientDescent,f0_only_biased,SBOX-COST,0.15159718738780853,ok
2ce848e9-42ef-43ca-b853-b3105b69a8c8,HybridPSODE,f0_only_biased,SBOX-COST,0.10775943193644877,ok
2cf5206a-958e-4d04-939f-f06591a2fbba,HybridPSODE,both_biased,SBOX-COST,0.21495073382271168,ok
2d1c0275-df82-44e8-aa24-a564ffd3af16,AdaptiveSwarmGradientDescent,f0_only_biased,SBOX-COST,0.15360317942598534,ok
2d2b4655-a285-46e8-93ad-261f416efc8a,HybridPSODE,f0_only_biased,SBOX-COST,0.1496226132891916,ok
2d5a39b6-759c-4826-929c-882ce0edfd71,EnhancedAdaptiveDynamicEvoPSO,f0_only_biased,SBOX-COST,0.12274046587891463,ok
2d5e8f53-1d15-444e-b60d-88cb49408a01,CollaborativeSwarmSearch,f0_only_biased,SBOX-COST,0.18729638383014763,ok
2d7e84fc-bc50-455d-95a1-bf40401ea17f,AdvancedHybridPSODE,f0_only_biased,SBOX-COST,0.16601097346849703,ok
2d899f5d-40b9-4568-9157-5a5a03ecf33a,AdaptiveSwarmHarmonyOptimization,f0_only_biased,SBOX-COST,0.1923029381964803,ok
2d9054a9-8e81-481e-855d-31678c923eec,EnhancedDAPSO_V2,both_biased,SBOX-COST,0.1347362734519451,ok
2db0c335-9845-4032-9725-dd0629322d37,AdaptiveSwarmHarmonyOptimization,f0_only_biased,SBOX-COST,0.14340558112930002,ok
2dc54304-1df3-483a-a5e0-220bb6173fbb,EnhancedParticleSwarmDEEB,f0_only_biased,SBOX-COST,0.18310601940488327,ok
2dd015e2-2f7c-417e-9eb1-638095c3d4bf,SwarmOptimizer,f0_only_biased,SBOX-COST,0.20270582765905973,ok
2decc9e9-23a7-421d-8f1f-34bd17aae8d4,EnhancedAdaptivePSO,f0_only_biased,SBOX-COST,0.18184340039797559,ok
2df5d98d-3147-42bb-afb5-6721e7f495e6,AdaptiveSwarmHarmonySearch,neither_biased,SBOX-COST,0.1192503182667951,ok
2e24dc3b-a7cd-4799-a14a-d8810dfdb558,EnhancedNAPSO,f0_only_biased,SBOX-COST,0.2220555186480753,ok
2e4ad70e-0790-491d-982e-5180ab92c9a0,EnhancedChaoticLevySwarm,f0_only_biased,SBOX-COST,0.16742856906590226,ok
2e4c9d47-93f1-4075-b270-6d02b65b12d1,RefinedHybridPSODEV2,both_biased,SBOX-COST,0.14393691587979696,ok
2e646bd8-fa82-4517-b443-bc9b44be0964,AdaptiveSwarmHarmonySearch,neither_biased,SBOX-COST,0.13101828560714068,ok
2e720dc3-7b32-46d3-940d-94bbc5a769ca,HybridPSOSA,both_biased,SBOX-COST,0.110471827339199,ok
2e871d07-335a-47c1-9e4a-19eb56d4db68,AdaptiveHybridPSO_GA,f0_only_biased,SBOX-COST,0.10610537692398234,ok
2e963b6b-7c1d-45ac-8d6f-fbc0d943e9fd,DynamicSwarmOptimizer,f0_only_biased,SBOX-COST,0.18896545787170949,ok
2e9f955f-c32e-484c-8a08-00063431f7ae,FusionPSODE,f0_only_biased,SBOX-COST,0.17369030824830684,ok
2ea36ff9-91ad-4a9a-8c04-5ec8a4ee641e,AdaptiveSwarmOptimizer,f0_only_biased,SBOX-COST,0.16968437724568886,ok
2eabfcff-7a2d-40ff-8ceb-220ee4496263,AdaptiveSwarmHarmonyOptimization,f0_only_biased,SBOX-COST,0.15471543748141892,ok
2ebf2e6a-6b82-4a46-8069-5adcd53df392,HybridPSO_DE,f0_only_biased,SBOX-COST,0.15750928174294204,ok
2ec66a7c-8aa0-45f6-a14f-2a45f905bbb1,EnhancedHybridPSO_GA,f0_only_biased,SBOX-COST,0.13792940160105968,ok
2ed1deab-8be5-4ea8-911f-3b554377f753,EnhancedHybridDEPSO,f0_only_biased,SBOX-COST,0.15788115831721977,ok
2ed3cc47-b260-439c-8e1d-ea303b801bf5,AdaptiveSwarmGradientDescent,f0_only_biased,SBOX-COST,0.21543098196120022,ok
2ef7242f-05f1-400d-851a-1fb790fddb4a,CollaborativeSwarmSearch,f0_only_biased,SBOX-COST,0.19226538193763068,ok
2f200a7b-5554-48ca-9fd4-71bc4c97d010,HybridPSODE,f0_only_biased,SBOX-COST,0.18668135289022952,ok
2f25ea10-4750-4943-9ee3-55b31427fa73,ChaoticCoEvolutionarySwarmDE,both_biased,SBOX-COST,0.07427985741355625,ok
2f267e5f-f2d5-4caa-a625-e92fa00bf076,PSO_DE_Hybrid,f0_only_biased,SBOX-COST,0.12838675018812648,ok
2f2718dc-bd64-4e61-9838-0da9190f946b,EnhancedDynamicSwarmDE,f0_only_biased,SBOX-COST,0.07152302652388715,ok
2f40750d-3e89-452b-8bf6-0b97ab50240f,HybridPSODE,f0_only_biased,SBOX-COST,0.2052513171733158,ok
2f94a708-6cc4-47e6-8c34-b12a43b3c93e,HPSO_ADE,f0_only_biased,SBOX-COST,0.14776812727095565,ok
2f9e2d8d-3996-44a6-a9fa-aac0e3ccef99,HybridPSODE,f0_only_biased,SBOX-COST,0.15193540928981203,ok
2f9ed38b-372e-4091-b7cd-2eaaf560c6df,EnhancedHybridPSO_DE,f0_only_biased,SBOX-COST,0.18076897753706012,ok
2fc09591-49a6-4413-82dd-4f35ac6d36e5,EnhancedAdaptiveSwarmGradientDescent,f0_only_biased,SBOX-COST,0.2062262187826942,ok
3003bfaa-4a7e-42a9-8f0e-78d5a697f872,HybridPSODE,both_biased,SBOX-COST,0.13475646062971888,ok
30109637-16b1-4e39-8afc-303b235bb4d5,PSO_DE_Hybrid,f0_only_biased,SBOX-COST,0.17456298154258865,ok
30191f12-ba14-4850-866d-05881ac684db,Enhanced_ADE_PSO_PhasedHybrid,f0_only_biased,SBOX-COST,0.19193849741650582,ok
3043d25a-a13f-44e6-9c07-56630c6b808f,AdaptiveSwarmGradientDescent,neither_biased,SBOX-COST,0.1384103695647606,ok
304e6064-bb20-4430-9231-2360c078f8a4,HybridPSODE,f0_only_biased,SBOX-COST,0.15927436826444286,ok
30540104-c0a7-49c2-8092-c3e7742b1f04,PSO_DE_Hybrid,f0_only_biased,SBOX-COST,0.11927073583985595,ok
3056f9d9-cd8a-4596-9daa-51d9fb36eca0,AdaptiveSwarmOptimizer,f0_only_biased,SBOX-COST,0.16389312961402497,ok
306c9baa-f118-48da-9cda-b4a0f4053fc3,AdaptiveHybridPSODE_EnhancedMutation,f0_only_biased,SBOX-COST,0.16762528749915123,ok
3096a16a-6e70-41ee-b623-c0f664e01ee9,ChaosEnhancedAdaptiveHybridSwarm,f0_only_biased,SBOX-COST,0.11156260445564374,ok
30a7c3e2-22f2-480e-8dcb-b2243efdcc5f,HybridPSODEAdvanced,f0_only_biased,SBOX-COST,0.16518720064143882,ok
30b03bef-f03a-4ae2-81d7-da7f5b43812b,AdaptiveSwarmGradientDescent,f0_only_biased,SBOX-COST,0.21895714365556235,ok
30b2b962-9350-4864-a9d2-e3fbb429852b,EnhancedAdversarialSwarmDE,both_biased,SBOX-COST,0.07292509061700034,ok
30d0108e-e627-4dcc-be78-12408ededfa5,AdaptiveSwarmHarmonySearch,f0_only_biased,SBOX-COST,0.15306140630380546,ok
311e9618-476c-4771-9079-ff7c190803ce,AdaptiveSwarmGradientDescent,f0_only_biased,SBOX-COST,0.20861384645693534,ok
31347753-e6f8-4ba1-aade-9c9935a81d6c,AdaptiveSwarmHarmonyOptimization,f0_only_biased,SBOX-COST,0.12043457199782205,ok
31368798-8b4d-4e7e-95a4-72a522d4fcec,EnhancedDynamicSwarmDE,f0_only_biased,SBOX-COST,0.07930642779473937,ok
31449cdf-2b7f-41e1-b065-7d6c730d84dd,EnhancedSwarmOptimizer,f0_only_biased,SBOX-COST,0.09895135626727536,ok
3169c9e7-80ac-4e0f-aa15-3da03bce626f,EnhancedDAPSO,both_biased,SBOX-COST,0.13980249952192936,ok
317ef5e3-de4b-4f10-a422-a72f5f047bbd,HybridPSODE,both_biased,SBOX-COST,0.2087992195096961,ok
3190ee26-3ff4-4e9a-af32-8ad4b57d1a90,DynamicSwarmOptimizer,f0_only_biased,SBOX-COST,,error
31c84f2c-2b72-4d53-b997-5a604eac4ef1,RefinedDynamicSwarmDE,f0_only_biased,SBOX-COST,0.07611397031732059,ok
31f133af-f3cc-4dc4-9d97-cd2196149a00,EnhancedNAPSO,f0_only_biased,SBOX-COST,0.21235252427160048,ok
31fb2e9e-e1b4-4efe-9418-14307ffad6ce,PSODEOptimizer,f0_only_biased,SBOX-COST,0.07106268734773191,ok
32026e36-0393-43e1-91b8-ff82cfeccd27,HybridPSODE,both_biased,SBOX-COST,0.17510655256084956,ok
320dd555-499e-4a11-9932-e661e317af48,SwarmOptimizer,f0_only_biased,SBOX-COST,0.13260510336102732,ok
32341627-2989-4d77-9a8f-b0ded9f81e00,EnhancedAdaptiveSwarmGradientDescent,f0_only_biased,SBOX-COST,0.16934412177974564,ok
323c3365-51d2-4d33-92ac-8f0e200d9e67,EnhancedHybridDEPSO,f0_only_biased,SBOX-COST,0.16048794676988148,ok
324b2fa0-bd4a-4f9c-bb51-066db66d3c03,EnhancedAdaptiveSwarmGradientDescent,neither_biased,SBOX-COST,0.19733182253384665,ok
3267c4e2-aecb-48a4-89b4-b6b063da359d,EnhancedAdaptiveSwarmGradientDescent,neither_biased,SBOX-COST,0.14304124088625983,ok
326ffc75-6ccc-4f4c-9d1e-ceb7afe238ba,EnhancedDAPSO,both_biased,SBOX-COST,0.17305133486017196,ok
3278989e-fe31-4eb5-bbce-ae03a510557e,HybridSwarmEvolutionPSO,both_biased,SBOX-COST,0.08629041475344586,ok
32918591-3c1a-4a4d-b0f5-24dbc4e1cb16,AdaptiveSwarmOptimizer,f0_only_biased,SBOX-COST,0.11868643186907558,ok
32a24663-c5b6-4a74-a047-891c1d808541,Adaptive_Hybrid_PSO_DE,both_biased,SBOX-COST,0.10016779958188038,ok
32b5258c-8a25-4d07-9c51-9b3e6543a1fd,HybridPSO_DE,f0_only_biased,SBOX-COST,0.11255570674265776,ok
32d04bea-9309-41d4-a748-1452ddccecbe,EnhancedHybridDEPSO,f0_only_biased,SBOX-COST,0.16165335452620477,ok
32e18fc6-d0ec-49e2-868c-e8c218aff62a,AdaptiveHybridPSO_GA2,f0_only_biased,SBOX-COST,0.14472044911504217,ok
32ec7f91-548d-4d28-b274-1fc6ae670747,HybridPSOSA,neither_biased,SBOX-COST,,partial
3306de7e-993d-4109-baaf-6352d30427fb,AdaptiveSwarmGradientDescent,f0_only_biased,SBOX-COST,0.17586585261390053,ok
33490d48-9890-46d3-bdf6-22671db1b438,EnhancedHybridPSO_DE,f0_only_biased,SBOX-COST,0.1741135272878686,ok
335eafab-d130-4c07-8ec6-cb692027497e,EnhancedAdaptiveCooperativeSwarm,both_biased,SBOX-COST,,error
33616da9-9a0e-489a-ae78-79d8afaf8cb8,AdaptiveSwarmGradientDescent,f0_only_biased,SBOX-COST,0.16674979526723333,ok
339701b5-bc4a-495b-8523-c05e7d47128e,EnhancedSwarmOptimizer,both_biased,SBOX-COST,,error
33bb91a5-225d-4080-be55-8bf96ff271f8,AdaptiveNeighborhoodChaoticSwarm,f0_only_biased,SBOX-COST,0.1462315274292723,ok
33be8ffa-c8c0-43e0-a23e-27ebb07c0e3a,HPSO_ADE_Enhanced,f0_only_biased,SBOX-COST,0.1493881181433506,ok
33bfd59d-5eaa-428d-9ddb-3c40160c5c93,EnhancedAdaptiveSwarmGradientDescent,f0_only_biased,SBOX-COST,0.21124560098150974,ok
33c3199a-39cc-42f3-9c45-c7630659b16d,EnhancedDynamicPhaseTransitionSwarmOptimizer,both_biased,SBOX-COST,0.06125356453588374,ok
33cce2ff-2f25-49ca-ba74-0151707433b3,HybridPSODE,both_biased,SBOX-COST,0.18295229777566452,ok
33e0ef6b-7f55-4aba-b827-ba22f3b7077c,CollaborativeSwarmSearch,f0_only_biased,SBOX-COST,0.22259160495153732,ok
33e5b281-3d4c-43a3-8c3d-4deb4fb37946,HybridPSO_DE,f0_only_biased,SBOX-COST,0.1489880739152136,ok
33f2151c-91f9-446a-b42c-4b1f6ef9e1b6,HybridPSODE,both_biased,SBOX-COST,0.21297263710574205,ok
341944e6-0dce-4ff7-8c27-f8501ed8cb24,AdaptiveSwarmOptimizer,f0_only_biased,SBOX-COST,0.1665217849605954,ok
34218531-e37f-4b8f-a219-4773b5d428f6,AdaptiveSwarmGradientDescent,f0_only_biased,SBOX-COST,0.21772162125662614,ok
34269da5-fdba-4958-903c-07c015f1c7a8,ChaosEnhancedAdaptiveHybridSwarm,f0_only_biased,SBOX-COST,0.11360360663531746,ok
342ddce9-cc69-46cc-a3f4-0618493165fe,EnhancedImprovedHybridPSODE,f0_only_biased,SBOX-COST,0.11770247557365908,ok
3459eb38-acfa-4a0d-b9e8-706022c1f87a,AdaptiveNeighborhoodPSODE,f0_only_biased,SBOX-COST,0.14405891384796474,ok
346981e8-973b-4aa5-919d-e5f696029e62,ImprovedHybridPSO_GA,f0_only_biased,SBOX-COST,0.12283621630659108,ok
34a0a9ed-fe92-4373-9793-a92b98d938c1,RefinedHybridPSODE,both_biased,SBOX-COST,0.18798797100919223,ok
34add5be-01ee-4b83-8929-ca801d9d3854,EnhancedAdaptiveSwarmGradientDescent,f0_only_biased,SBOX-COST,0.21920363548183616,ok
34b2021f-7ffc-4196-bcb8-1dca28c4b3c6,EnhancedHybridPSODE,both_biased,SBOX-COST,0.16195906060150017,ok
34b9bb57-59f9-4ee5-8926-068b192a7458,RefinedHybridPSO,f0_only_biased,SBOX-COST,0.20747003580014517,ok
34db52f6-7045-4014-939f-f4ab061fc2e2,EnhancedHybridPSO_DE,f0_only_biased,SBOX-COST,0.15303296518892578,ok
34e15f39-fd4a-462c-afc2-e0a9ad1dee23,EnhancedAdaptiveSwarmGradientDescent,f0_only_biased,SBOX-COST,0.18211386084705333,ok
34e5144b-1382-4574-af3a-7c39c9231251,AdaptiveHybridPSO_GA,f0_only_biased,SBOX-COST,0.106094215133374,ok
350583cf-6dcb-4879-960a-89a2b9224433,SwarmInspiredDifferentialEvolution,f0_only_biased,SBOX-COST,0.10127020518554697,ok
3514a2ec-7feb-4830-be8e-43a8d9f324c6,AdaptiveSwarmGradientDescent,f0_only_biased,SBOX-COST,0.2189535141375809,ok
35196cd0-bdba-4fb4-94a1-db6209cd7021,AdaptiveSwarmGradientDescent,f0_only_biased,SBOX-COST,0.1912657492647937,ok
35347bfc-0966-4a19-ae07-be1456985a34,EnhancedAdaptiveSwarmGradientDescent,f0_only_biased,SBOX-COST,0.16271548515726492,ok
353b3b62-7f14-4707-a191-fe0f6d101446,AdaptiveChaoticEvoPSO,f0_only_biased,SBOX-COST,0.13166350593796403,ok
353d3d71-9e97-47c0-8f25-59c190e89fad,EnhancedDynamicSwarmOptimizer,both_biased,SBOX-COST,0.08460817498744877,ok
354e0ab2-55d5-4453-af8a-8fd9009b0a62,AdaptiveSwarmHarmonyOptimization,f0_only_biased,SBOX-COST,0.16067529323475382,ok
3557526d-6bcf-4cbf-80c0-b50a92e7ff00,HybridPSOSA,both_biased,SBOX-COST,0.11087902380032809,ok
355890e0-2696-44ef-adcf-8f5263c25fe7,AdaptiveChaoticLevySwarm,f0_only_biased,SBOX-COST,0.12427515119961238,ok
3560b152-c759-495e-91c7-5c7cba82ef51,HybridPSODE,f0_only_biased,SBOX-COST,0.1618140799477103,ok
356179d2-4a01-40db-88a3-5786bb12ad38,HybridPSODE,f0_only_biased,SBOX-COST,0.1759181865628316,ok
35654bbd-9435-4196-af7e-2f671425cac2,AdaptiveSwarmGradientDescent,f0_only_biased,SBOX-COST,0.12513198381102658,ok
357ae491-a0bd-4c12-83a1-d44ee7be5a31,EnhancedHybridDifferentialEvolutionPSO,both_biased,SBOX-COST,0.2021500634896728,ok
358b3a25-a6bb-405d-8802-183bc2330df8,AdaptiveSwarmGradientDescent,f0_only_biased,SBOX-COST,0.13962454164334073,ok
35a7c1b1-5c14-4389-8c6b-722e87102326,AdaptiveSwarmOptimizer,f0_only_biased,SBOX-COST,0.17314088990704216,ok
35ab1302-7ea5-463c-8c94-b2bf040a8f48,HybridPSODE,f0_only_biased,SBOX-COST,0.16608351427410437,ok
35e23dbe-0833-4f9b-99cb-6b763320e904,AdaptiveCovarianceSwarmOptimization,neither_biased,SBOX-COST,0.16090351275760573,ok
35e48b7c-53c4-437d-876e-aa474e83fd7f,EnhancedAdaptiveSwarmGradientDescent,f0_only_biased,SBOX-COST,0.09644006549694015,ok
35e80deb-ced8-4cf0-b716-94e83c0d4809,HybridPSOSA,both_biased,SBOX-COST,0.13148604668489008,ok
35f08d6b-fcd9-4cd1-8037-7cdd24a8ddc7,EnhancedHybridPSODE,f0_only_biased,SBOX-COST,0.12761901744868906,ok
360dc494-41ef-4ea5-a5a4-5f6494412ff5,EnhancedHybridDEPSO_V2,f0_only_biased,SBOX-COST,0.12334728181820857,ok
36194286-77b3-499f-bcf4-0d52f9e3a81b,EnhancedHybridSwarmOptimizer,f0_only_biased,SBOX-COST,0.06103700948041043,ok
361e1f68-edf8-4e53-b382-7fbdf1944da2,AdaptiveSwarmGradientDescent,neither_biased,SBOX-COST,0.15418838704541155,ok
3623bdfb-0207-4493-9465-514b557c032c,HybridPSODE,f0_only_biased,SBOX-COST,0.1439675323769642,ok
3647216f-e178-4064-a770-74aa1b83d6db,PSO_DE_Hybrid,f0_only_biased,SBOX-COST,0.13193193676536868,ok
3654bdd8-775f-41dc-87ed-e58a7fb8b46f,EnhancedAdaptiveSwarmGradientDescent,f0_only_biased,SBOX-COST,0.2047699113863081,ok
369899ce-f696-4b98-b57e-32cd7817a175,PSODEOptimizer,both_biased,SBOX-COST,0.06641070939198068,ok
36b9ce64-89e4-47be-9843-ccf75782d929,EnhancedDifferentialPSOSA,f0_only_biased,SBOX-COST,0.1233507517391206,ok
36d4229d-1b8a-48f8-8528-ad7c240a492e,PSODEOptimizer,f0_only_biased,SBOX-COST,0.06944878673502589,ok
36d4d7ea-9614-4def-b30f-e4d9c68283ad,EnhancedAdaptiveSwarmGradientDescent,f0_only_biased,SBOX-COST,0.2003530987302951,ok
36f1e267-af3d-4a45-aff9-539a93f0db2a,AdaptiveSwarmGradientDescent,f0_only_biased,SBOX-COST,0.15483013227518877,ok
3704ed48-bafd-4cf6-8c1c-8adbc065657f,HybridPSO_DE,f0_only_biased,SBOX-COST,0.15765763630417637,ok
374eedf9-5a5e-406e-a149-73f7986cb7b8,EnhancedDAPSO,both_biased,SBOX-COST,0.13724905238059026,ok
37535fdc-2329-4d46-85b2-3b79d5fa6888,HybridPSO_DE,f0_only_biased,SBOX-COST,0.12894831660460418,ok
377bc695-fd13-4928-acad-40fb30ea59cf,QuantumWavePSO,f0_only_biased,SBOX-COST,0.17522023524210556,ok
3780aace-c3fb-4a0e-be39-7cf364d42bfd,HybridPSO_DE,f0_only_biased,SBOX-COST,0.14421601585380153,ok
3790b2f2-be00-457b-85f8-0992ef3cab02,DynamicSwarmOptimizer,f0_only_biased,SBOX-COST,0.19625043114017166,ok
3798ce98-d9ca-46df-8faf-fea540eca124,EnhancedAdaptiveSwarmGradientDescent,f0_only_biased,SBOX-COST,0.21021706423766134,ok
379a9aef-bf85-4f3b-8285-0a425323730d,EnhancedAdaptiveSwarmGradientDescent,neither_biased,SBOX-COST,0.15306072630315143,ok
37aa66ac-485f-4931-bb61-13210851409b,AdaptiveSwarmOptimizer,f0_only_biased,SBOX-COST,0.1758183301023148,ok
37b40bec-a089-4c37-bda3-e973fd1355e0,AdaptiveSwarmHarmonyOptimization,f0_only_biased,SBOX-COST,0.11353529217292035,ok
37c1a8c4-4201-4738-9528-3c09c1161e48,HybridPSO_DE,f0_only_biased,SBOX-COST,0.11368728007605024,ok
37c241fb-caef-4753-b3ce-b454420315b2,PSO_DE_Hybrid,f0_only_biased,SBOX-COST,0.16560400608518272,ok
37df8400-24dd-4e7f-9263-9a1c91132f4e,SwarmOptimizer,f0_only_biased,SBOX-COST,0.16384570450852343,ok
37fdeb5f-d0da-412c-8839-6fe2e3484fe8,EnhancedAdaptiveSwarmGradientDescent,f0_only_biased,SBOX-COST,0.21457402048364094,ok
3804a6ea-941b-4283-851d-89fd8c0614e2,HybridSwarmEvolutionDescent,f0_only_biased,SBOX-COST,0.20967905289144978,ok
38144732-ef7a-4229-942b-6d7f5e75b5c5,AdaptiveSwarmGradientDescent,f0_only_biased,SBOX-COST,0.23409424841049692,ok
382b74e4-4be9-42a3-816c-887a2723ca66,AdaptiveSwarmGradientDescent,f0_only_biased,SBOX-COST,0.1917211103400624,ok
382fab9d-be71-4b4d-9355-8b4314ac85d9,HybridPSO_DE,f0_only_biased,SBOX-COST,0.15949238848358502,ok
3840a352-1d2e-462f-b106-8b61a97bb958,EnhancedNAPSO,f0_only_biased,SBOX-COST,0.18463003463805214,ok
3867b618-a138-433f-824d-1f6d02a09cd4,HybridPSODE,both_biased,SBOX-COST,0.19846771143064204,ok
386f5482-3b1a-47b7-a27d-a0582c79db41,AdaptiveSwarmOptimizer,f0_only_biased,SBOX-COST,0.10777613340991216,ok
3883f27d-ea91-4f67-87fa-c09f75a3b811,AdaptiveSwarmGradientDescent,f0_only_biased,SBOX-COST,0.13229971372025662,ok
3888afb9-cd01-43a2-a2e3-efd751a150ad,AdaptiveSwarmGradientDescent,f0_only_biased,SBOX-COST,0.16393723831854884,ok
38ca218c-6fb9-4d4d-8154-4fd69792e8fb,AdaptiveSwarmGradientDescent,neither_biased,SBOX-COST,0.13093930134893988,ok
38e01f7a-066a-4b9a-b3d7-03d0614e5043,EnhancedAdaptiveSwarmGradientDescent,f0_only_biased,SBOX-COST,0.1730967411776915,ok
38fbac84-3316-4b70-8147-5361ce8a6f11,EnhancedAdaptiveSwarmGradientDescent,f0_only_biased,SBOX-COST,0.19512726874758374,ok
38ffd668-6c14-4efa-ad8d-896a438db169,AdaptiveSwarmGradientDescent,f0_only_biased,SBOX-COST,0.2047700915340277,ok
3905d84c-778a-449a-bbbe-865bd769a546,AdaptiveSwarmGradientDescent,f0_only_biased,SBOX-COST,0.21896165973964096,ok
391124f8-830a-496f-b52a-3e29145020b1,EnhancedAdaptiveSwarmGradientDescent,neither_biased,SBOX-COST,0.17887972470221206,ok
39275196-e327-4711-a5b4-8552edf1130d,AdaptiveSwarmOptimizer,f0_only_biased,SBOX-COST,0.15348790185180256,ok
392d227c-259d-4830-8476-441ab50bda43,ChaosEnhancedAdaptiveParabolicSwarm,f0_only_biased,SBOX-COST,0.12016695571756852,ok
3969f027-442b-4449-9a12-3d4487dbf4c6,EnhancedAdaptiveDynamicEvoPSO,f0_only_biased,SBOX-COST,0.13755621575960433,ok
398d71a6-ff18-4e99-bb63-42e6312f5e21,HybridPSO_DE,f0_only_biased,SBOX-COST,0.1964238027588969,ok
399895f7-d743-4815-9a57-cac1cf9104f4,AdaptiveResonancePSO,f0_only_biased,SBOX-COST,0.07298356883233245,ok
39a2ccfd-4dfd-4083-ba18-631dc7833ee0,HybridPSO_DE,f0_only_biased,SBOX-COST,0.12386888080315993,ok
39b8a405-06a8-4ae7-a62f-1ec257e7993e,PSODEOptimizer,f0_only_biased,SBOX-COST,0.07050951248285411,ok
39bcea82-0bde-48cd-80d8-a1faee7c8d99,AdaptiveSwarmHarmonyOptimization,f0_only_biased,SBOX-COST,0.14019341590240952,ok
39d4dfd7-26a2-4c88-9025-d5c00fe23c7c,AdaptiveSwarmGradientDescent,f0_only_biased,SBOX-COST,0.1618425721733486,ok
39d91562-3364-401a-86a5-2dd7939a56f0,DynamicSwarmOptimizer,f0_only_biased,SBOX-COST,0.095249275943867,ok
39ddca9b-e5bd-48ac-9eff-8bc3cd4ab406,DynamicAdaptiveSwarmDERefined,f0_only_biased,SBOX-COST,0.07673972819614953,ok
39e2b765-399a-4d70-a1a7-48ba253b9465,EnhancedHybridDifferentialEvolutionPSO,both_biased,SBOX-COST,0.148328140456989,ok
39e624cf-f727-48b0-953e-2cc080158638,AdaptiveSwarmGradientDescent,f0_only_biased,SBOX-COST,0.21997549689849633,ok
39f75a5e-abc0-4028-979b-05a046d2ea08,DynamicPhaseTransitionSwarmOptimizer,both_biased,SBOX-COST,0.060220076701847244,ok
3a142d65-9e42-4422-ac2e-9ecc6bd728e5,HybridPSO_DE,f0_only_biased,SBOX-COST,0.0738791268569288,ok
3a148d34-467d-4392-b4b1-6bf16d5dd8c8,AdaptiveSwarmGradientDescent,f0_only_biased,SBOX-COST,0.12941912955260843,ok
3a30df09-ed04-4b52-93b2-a22053253dd9,HPSO_ADE_Improved,f0_only_biased,SBOX-COST,0.12907734300637477,ok
3a4ee92e-bd32-4727-9514-fad878ed5180,PSODEOptimizer,f0_only_biased,SBOX-COST,0.06645682219414017,ok
3a67e8ce-9069-43ae-bc89-9041c5f9ca44,AdaptiveSwarmGradientDescent,neither_biased,SBOX-COST,0.10224334417586314,ok
3a827b7e-8744-4ac0-bdf7-e78e385da528,CollaborativeSwarmSearch,f0_only_biased,SBOX-COST,0.16579545608068574,ok
3a955152-bbe0-4ec8-86b1-63ff972974bd,EnhancedNAPSO,f0_only_biased,SBOX-COST,0.18610210205469557,ok
3a955fc1-ee45-4bf4-8593-c481e5b645f0,EnhancedLevyFlightParticleSwarm,both_biased,SBOX-COST,0.13447335633557178,ok
3ab84b5a-7bd0-42f7-b9c3-c7c69e6b55df,HybridPSODE,f0_only_biased,SBOX-COST,0.12438914083223031,ok
3ada0aef-9767-4556-838d-f57c6ce4950f,HybridPSO_DE,f0_only_biased,SBOX-COST,0.11480234915697532,ok
3afb7ca6-9271-4cca-8799-8b09a9a0f26f,AdaptiveSwarmOptimizer,f0_only_biased,SBOX-COST,0.1242709415664146,ok
3b1f4fd9-a6a0-43b5-a5b2-4f1e712c4f40,NAPSO,f0_only_biased,SBOX-COST,0.2161027000371822,ok
3b27db84-a76e-4988-b889-dd36f2ba7c13,EnhancedDynamicSwarmDE,both_biased,SBOX-COST,0.07614026816649525,ok
3b30c471-fad1-4710-a9e5-09c2e6db7bc1,EnhancedAdaptivePSO,f0_only_biased,SBOX-COST,0.17816911293912166,ok
3b48b966-867c-4dd2-a75f-19c4eeccc281,AdaptiveSwarmGradientDescent,f0_only_biased,SBOX-COST,0.15554531499183719,ok
3b4adabe-a19e-4ff6-ac21-b86cde2a7ea1,NAPSO_Diversity,f0_only_biased,SBOX-COST,0.19856408145699223,ok
3b75a081-56ff-48a0-9bc7-9366736aa7ce,OptimizedHybridPSO_DE,f0_only_biased,SBOX-COST,0.14091339813777876,ok
3b995755-9b6a-4429-9b0b-49e46d084716,AdaptivePSO,f0_only_biased,SBOX-COST,0.16614266628734184,ok
3bcf6a2b-f357-47c0-81cd-13352f877ba5,EnhancedAdaptiveSwarmGradientDescent,f0_only_biased,SBOX-COST,0.2225062933863532,ok
3be3f2e7-43db-4a20-9946-76f53041cf62,AdaptiveSwarmHarmonyOptimization,f0_only_biased,SBOX-COST,0.1366060773832225,ok
3bfd7210-b273-42c5-8d94-b4a0a72d59dc,AdaptiveSwarmHarmonySearch,f0_only_biased,SBOX-COST,0.13271269580342476,ok
3c1e6e54-f8bd-4de3-88cc-b817b5c5c50c,CollaborativeSwarmSearch,f0_only_biased,SBOX-COST,0.14275959020748732,ok
3c2f6c6e-2278-4230-afa3-413d6055f104,AdaptiveSwarmHarmonyOptimization,f0_only_biased,SBOX-COST,0.1621081342243975,ok
3c3208a3-e805-4c72-9139-9e7e1622134d,EnhancedNAPSOPlus,f0_only_biased,SBOX-COST,0.15994994858232894,ok
3caf4749-967e-465e-8493-69a71b3b711f,HybridPSO_GA,f0_only_biased,SBOX-COST,0.13641990410836602,ok
3cb6b14a-beb1-47df-b39c-4a3d8456bab8,PSO_DE_Hybrid,f0_only_biased,SBOX-COST,0.1367464849311271,ok
3cbcf020-9f11-4a34-8731-bf12670c014e,AdaptiveSwarmOptimizer,f0_only_biased,SBOX-COST,0.15143234437051073,ok
3cbe9c51-9c83-4bac-a0e0-eec299e79f76,ImprovedEnhancedNAPSO,f0_only_biased,SBOX-COST,0.1308229171880465,ok
3cdb6945-e206-4c12-928f-c5244cb68b53,EnhancedAdaptiveSwarmGradientDescent,f0_only_biased,SBOX-COST,0.23323976242606298,ok
3cdbe4c4-44aa-44da-b9d5-d89d2d8ce5ba,AdaptiveSwarmGradientDescent,neither_biased,SBOX-COST,0.12754032169192125,ok
3cdddff1-e38a-4c97-aa43-e38ad993acaf,AdaptiveSwarmGradientDescent,f0_only_biased,SBOX-COST,0.1557980592606145,ok
3ce8ca7a-fc83-4810-85af-406783872972,PSO_DE_Optimizer,f0_only_biased,SBOX-COST,0.06980911325833056,ok
3d0933cd-a0d4-4d27-9ba3-7cb120f1b163,AdaptiveSwarmGradientDescent,neither_biased,SBOX-COST,0.14378223695508202,ok
3d425d0a-59a5-49af-b616-f4db537ce58c,EnhancedAdaptiveSwarmGradientDescent,f0_only_biased,SBOX-COST,0.18327516747218497,ok
3d62c4e6-7f60-489c-bc1c-c16839cf7c78,EnhancedAdaptiveSwarmGradientDescent,f0_only_biased,SBOX-COST,0.16909260170489432,ok
3d6b1c93-3b71-4359-8926-ba0d9f8eba00,AdaptiveHybridPSODE,f0_only_biased,SBOX-COST,0.22314050828474566,ok
3d715410-8284-4699-9640-30eb05984b83,HybridDifferentialEvolutionPSO,both_biased,SBOX-COST,0.16105106539200564,ok
3d78ec84-7253-4522-8cd0-fdff592baec3,HPSO_ADE_AdaptiveNeighborhood,both_biased,SBOX-COST,0.1632544618975108,ok
3da20293-c831-4e78-9b01-6ecd112296a8,EnhancedAdaptiveHybridPSO_DE,f0_only_biased,SBOX-COST,0.07870591124744085,ok
3da34ee8-ea79-4a97-b419-b8689b677802,RefinedHybridPSODE,both_biased,SBOX-COST,0.1677222092505205,ok
3dae7a41-9915-41f1-8a15-c92dd3ffbe3d,AdaptiveSwarmGradientDescent,f0_only_biased,SBOX-COST,0.15035636151876475,ok
3de28898-5a2d-4ea3-98f4-e3990a2f4ced,HybridPSODE,f0_only_biased,SBOX-COST,0.1541558505187025,ok
3df63d4d-ef6c-49da-b288-1a9f712e1505,EnhancedDynamicEvoPSO,f0_only_biased,SBOX-COST,0.14963140322308785,ok
3dfe9a0e-7d22-4068-9965-84269733c7a2,PSODEOptimizer,f0_only_biased,SBOX-COST,0.06878978614275294,ok
3e099a9d-b6f5-4f77-b9db-de36811614de,EnhancedHybridPSODE,both_biased,SBOX-COST,0.17041011762335623,ok
3e0b864c-ca42-489d-9dbc-909220efe509,HybridPSODE,f0_only_biased,SBOX-COST,0.14494575541186472,ok
3e3f4580-0402-4f49-8207-7ad8e0bd189f,EnhancedHybridPSODE,f0_only_biased,SBOX-COST,0.20775710925669327,ok
3e4a9f13-5c64-4e1d-b877-52d816fb7e4f,AdaptiveSwarmGradientDescent,neither_biased,SBOX-COST,0.13857114230960024,ok
3e595eca-0ad9-4438-86dc-6ee99814318d,EnhancedHybridSwarmOptimizer,f0_only_biased,SBOX-COST,0.06321507671444354,ok
3e60e71d-b3c6-459d-9d22-ac8e13387136,HybridPSODE,f0_only_biased,SBOX-COST,0.20160315855917996,ok
3e6a0dcc-d8ed-48e6-bf5e-61425c1206fe,SwarmOptimizer,f0_only_biased,SBOX-COST,0.20227458898089082,ok
3e6a6b6b-b134-46b8-9d15-dc99c5e55919,AdvancedMultiStrategyOptimizer,both_biased,SBOX-COST,0.1297215572444204,ok
3e7cf5e7-e7b5-415c-9077-7de4633012ca,AdaptiveSwarmGradientDescent,f0_only_biased,SBOX-COST,0.1627069796451749,ok
3e979832-6736-4a9f-891f-2f3aa4b19b6f,EnhancedAdaptiveCooperativeSwarm,both_biased,SBOX-COST,,error
3e98f05b-a764-4770-b83d-ce8d6077b12a,AdaptiveSwarmOptimizer,f0_only_biased,SBOX-COST,0.17726821272868684,ok
3e9c5ab9-06c7-46f7-9707-ce55ad04ec02,AdaptiveSwarmGradientDescent,neither_biased,SBOX-COST,0.18639133097553184,ok
3ea4e751-98b4-440b-b9a3-26523987854e,DynamicInertiaAdaptiveHybridSwarm,f0_only_biased,SBOX-COST,0.14261511047141756,ok
3eb69dcd-9408-46ef-9611-a37941161189,AdaptiveSwarmGradientDescent,f0_only_biased,SBOX-COST,0.1682841745931294,ok
3ee03018-e948-4e0d-b480-790f5052db1c,EnhancedAdaptiveSwarmGradientDescent,f0_only_biased,SBOX-COST,0.14703488119167862,ok
3efad840-19d5-4557-a321-8f57da2dba7f,EnhancedDynamicSwarmDE,f0_only_biased,SBOX-COST,0.07472854056115466,ok
3f15aaa2-d785-4889-a1ca-ffee109f6b57,EnhancedMultiStrategyOptimizer,both_biased,SBOX-COST,0.11401040465601009,ok
3f22c8a3-ab39-4837-9113-a4ace6f98f20,ImprovedHybridPSODE,f0_only_biased,SBOX-COST,,partial
3f3e6710-26db-4cc3-9798-90a9d1b8cab3,AdaptiveHybridPSO_GA,f0_only_biased,SBOX-COST,0.10827713388047089,ok
3f573acf-80f1-415e-a107-05ee216e617c,EnhancedAdaptiveSwarmGradientDescent,f0_only_biased,SBOX-COST,0.17377553749351965,ok
3f5a6495-5117-4870-b366-38eb54785c40,RefinedAdaptiveHybridPSO_DE,f0_only_biased,SBOX-COST,0.07622672007778367,ok
3f5a7277-9401-4ffe-a4f5-71a76681bb48,AdaptiveSwarmHarmonySearch,neither_biased,SBOX-COST,0.12132659054376632,ok
3f661715-c58d-4f6b-a75e-f57bb6ab9116,HybridPSO_DE,f0_only_biased,SBOX-COST,0.12569768657714153,ok
3f77c708-bd2d-463f-a98f-a1de793f167b,EnhancedSwarmCoordinationDE,both_biased,SBOX-COST,0.07129335295842659,ok
3f8a94c1-e69a-4be4-b330-a15a19e7ee5c,EnhancedAdaptiveAPSO,both_biased,SBOX-COST,0.061004326311073526,ok
3fa254c7-bc22-460e-befa-a0a075314326,ImprovedHybridPSODE,f0_only_biased,SBOX-COST,0.14683106803655582,ok
3fa42654-6ed0-46eb-b6f3-bf161a1e3664,QuantumAdaptiveSwarmOptimizer,f0_only_biased,SBOX-COST,0.15418030101313343,ok
3faf2541-d0c5-4abe-ba28-c486543adf91,HybridPSODE,both_biased,SBOX-COST,0.1723713987646592,ok
3fb1fe75-c901-4568-bdc1-0230cf06b548,AdaptiveSwarmGradientDescent,f0_only_biased,SBOX-COST,0.1438455215855723,ok
3fc36dc6-61a1-49bb-b8b8-a3d713a730ea,AdaptiveSwarmGradientDescent,f0_only_biased,SBOX-COST,0.2225177664033933,ok
3fd3081d-90f3-49cf-9e52-f58cfb1d6ce9,EnhancedDynamicPhaseTransitionSwarmOptimizer,both_biased,SBOX-COST,0.06301685814414126,ok
3ff3f407-2bc6-4be8-88c8-c48b317c685e,HybridPSOSA,both_biased,SBOX-COST,0.13566877963604576,ok
400c9f79-3b98-4edf-af9f-dafdcc70f1d5,AdaptiveSwarmGradientDescent,f0_only_biased,SBOX-COST,0.1213617063873655,ok
40124b32-d4df-4dbd-b360-4a73df9579df,EnhancedQuantumInspiredPSO_DE,f0_only_biased,SBOX-COST,0.16195084764566436,ok
4021e70a-9d35-46b2-aaae-e93a17edab50,PSO_DE_Hybrid,f0_only_biased,SBOX-COST,0.1710393030204028,ok
40275735-80a9-4d97-a21d-de0390812d27,EnhancedHybridPSO_DE,f0_only_biased,SBOX-COST,0.20071878881925595,ok
406973b3-82b4-4c08-aa2e-e73fee142b3e,EnhancedImprovedHybridPSODE,f0_only_biased,SBOX-COST,0.10833734906404095,ok
408143cc-1db5-442c-be06-a66447f98cd9,HybridPSODE,both_biased,SBOX-COST,0.19412100336740495,ok
40820d0a-7306-40bd-8292-f06af7fa4b08,AdaptiveQuantumHybridPSO_DE,f0_only_biased,SBOX-COST,0.19219941318177453,ok
409fa2bf-ebd5-443b-9fad-c9ad743be5af,HPSO_ADE_LF_Chaos,both_biased,SBOX-COST,0.16850505027933427,ok
40a3a667-dfee-4a1e-beb5-7e1fabda42fa,ChaoticSwarmOptimizer,f0_only_biased,SBOX-COST,0.1633366170783211,ok
40aa176c-3d26-4bc4-b1dd-b2a7400e0e95,HPSO_ADE_Enhanced,both_biased,SBOX-COST,0.16084290346368404,ok
40c82831-6354-4350-9941-3a29dcf1e3a7,EnhancedAdaptiveSwarmPerturbation,f0_only_biased,SBOX-COST,0.17833177655891186,ok
40cb0d83-7c2c-42cf-9900-9f670f1f602e,CollaborativeSwarmSearch,f0_only_biased,SBOX-COST,0.13894531745994965,ok
40e19954-2671-4bda-8c9b-8866637cc851,AdaptiveSwarmGradientDescent,f0_only_biased,SBOX-COST,0.19983538182371574,ok
4103446d-f346-4352-ba2f-33cdba2c2723,AdaptiveSwarmOptimizer,f0_only_biased,SBOX-COST,0.16251099647822642,ok
41051a6e-ebdc-478a-9597-30d9086274fc,AdaptiveSwarmGradientDescent,neither_biased,SBOX-COST,0.12716782085795306,ok
4156f580-08ea-4f6e-9ece-bf248076a951,HybridPSODE,f0_only_biased,SBOX-COST,0.2041366283695951,ok
415ce9da-e874-4a47-aba7-a12d8e876531,EnhancedAdaptiveSwarmGradientDescent,f0_only_biased,SBOX-COST,0.1761139626678867,ok
4163596a-52e7-4f5b-a001-c49efd8a2878,RefinedDynamicSwarmOptimizer,f0_only_biased,SBOX-COST,,partial
4163b7ac-1c78-418a-98bd-d171f4a34932,HybridPSODE,f0_only_biased,SBOX-COST,0.20576443199953218,ok
4168e0fd-5a78-4fe1-80ce-f3bc25586980,Enhanced_Adaptive_Hybrid_PSO_DE,both_biased,SBOX-COST,0.06972524537005637,ok
416d4422-9b5b-48ab-88f7-d281b8ec0cf8,AdaptiveSwarmHarmonyOptimization,f0_only_biased,SBOX-COST,0.16693680928170396,ok
416e5508-5141-448f-a7c4-c52d85fe2775,AdaptiveMultiPhaseSwarmOptimizer,both_biased,SBOX-COST,0.05744273661508244,ok
417c05b0-8768-4ae6-b978-628fe601f114,DynamicSwarmOptimizer,both_biased,SBOX-COST,0.089458314655866,ok
41a5d52e-102a-4f4e-8471-f4f64e15960f,HybridPSODE,f0_only_biased,SBOX-COST,0.13494609269962526,ok
41c5875f-384a-4b5c-b336-5199b66b0d2e,EnhancedAdaptiveSwarmGradientDescent,f0_only_biased,SBOX-COST,0.17185052295515402,ok
41d716b4-4424-4a5c-b713-3fcb1bf55f98,RefinedAdaptiveHybrid,f0_only_biased,SBOX-COST,0.12037122499582174,ok
41e3c043-27b7-45b8-9ffa-505d007ae9fb,EnhancedAdaptiveSwarmGradientDescent,f0_only_biased,SBOX-COST,0.21154741586134046,ok
41fcfc40-5562-4304-be2e-0b418cf1c842,RefinedEnhancedDAPSO,f0_only_biased,SBOX-COST,0.17092136907662314,ok
41feac38-db01-4066-820f-3069270b0756,HybridPSODE,both_biased,SBOX-COST,0.19658744820636542,ok
420ad5b3-fd46-41af-a2fb-fb6b40c6669d,MultiStrategyQuantumHybridPSO_DE,f0_only_biased,SBOX-COST,0.18209565823256474,ok
420c2f1c-fbd4-4f9d-b103-c5ae47ca7d6e,OptimizedEliteDEPSO,f0_only_biased,SBOX-COST,0.16775558592011505,ok
421a5302-e0a8-4564-8220-7abb8df0543b,HybridPSO_DE,f0_only_biased,SBOX-COST,0.13487522062586466,ok
42239f48-0c8b-4403-8ea7-e03b56d7f30a,AdaptiveHybridPSODE,f0_only_biased,SBOX-COST,0.14911594078801266,ok
422bb3f9-4d12-4c35-8323-50336dea58cf,SwarmOptimizer,f0_only_biased,SBOX-COST,0.20147366256516464,ok
423ef904-4f41-45ad-8127-b6464d7fdd58,AdaptiveSwarmGradientDescent,f0_only_biased,SBOX-COST,0.20666076172179323,ok
424101fd-f41a-45bf-8fa4-8caff54e3858,HybridPSOSA,both_biased,SBOX-COST,0.12359595817686694,ok
4246d9e5-0000-4069-b260-910e4daf4825,PSODEOptimizer,f0_only_biased,SBOX-COST,0.07107756759266565,ok
4247de11-fc4e-4e0c-bb04-6ff803b2aa12,HybridPSODE,f0_only_biased,SBOX-COST,0.14424955090481478,ok
424c022f-f244-4218-8312-a60560bfddc5,EnhancedAdaptiveHybridPSO_GA,f0_only_biased,SBOX-COST,0.11621183608534491,ok
425537b7-8227-4ae9-8410-9b86f0aa95fb,EnhancedParticleSwarmDCM,f0_only_biased,SBOX-COST,0.14595983998550194,ok
42aadbad-4eb5-4245-b83a-36ec2e314544,AdaptiveQuantumEnhancedPSO_DE,f0_only_biased,SBOX-COST,0.19844170078418627,ok
42c50784-1bb4-4cf5-b43a-c7083aa2ec01,RefinedDAPSO,both_biased,SBOX-COST,0.1339753560146306,ok
42c55a4f-5065-44f2-aeda-1acb13187709,AdaptiveSwarmGradientDescent,f0_only_biased,SBOX-COST,0.21397372697692388,ok
42d6117e-0fdc-4971-9948-7849a079c32e,AdaptiveHybridPSODE_EnhancedMutation,f0_only_biased,SBOX-COST,0.18428243644747022,ok
42db5834-6845-4981-89cc-b1afbf567691,AdaptiveDiversitySwarmOptimizer,both_biased,SBOX-COST,0.0646475799444602,ok
42e4e620-f32a-46a0-9bfb-36f5adaf4826,HybridPSODE,f0_only_biased,SBOX-COST,0.13048210527841708,ok
43065f59-c128-4f85-b6c6-cd34867ba9c6,EnhancedHybridDEPSO,f0_only_biased,SBOX-COST,0.15248181519149445,ok
43076db7-f02e-40e3-b389-410c604d5380,AdaptiveSwarmGradientDescent,neither_biased,SBOX-COST,0.13111737119764422,ok
430eb646-bdbf-42cf-b3a2-325e3b309353,EnhancedHybridPSODE_SA,both_biased,SBOX-COST,0.16520012503396278,ok
4327906e-a39f-42eb-bf4c-e02d3c36a186,HybridPSODE,both_biased,SBOX-COST,0.20722059955879193,ok
43362fd8-b18c-490c-ba9a-5278242238a9,EnhancedAdaptiveSwarmGradientDescent,f0_only_biased,SBOX-COST,0.2389578060862595,ok
43693ff6-6d6e-41b3-bb8e-9a7da5afae8e,EnhancedNAPSO,f0_only_biased,SBOX-COST,0.19401653784750464,ok
436ad727-68a8-4d64-84e9-b2d4c3eb68cc,HybridPSOSA,both_biased,SBOX-COST,0.10835087261749243,ok
438cfce0-5342-4acf-9201-021de48b08da,HybridPSODE,f0_only_biased,SBOX-COST,0.1410049922265668,ok
4395fb80-e89c-407d-93dd-17aca5574413,LevyChaosEnhancedAdaptiveHybridSwarm,f0_only_biased,SBOX-COST,0.14650040965715844,ok
43ae116a-f413-4319-8297-20eb253de312,HybridPSODE,both_biased,SBOX-COST,0.2327229972710983,ok
43b4f157-9e98-4e02-91c3-adfd784fdeda,HybridPSO_DE,f0_only_biased,SBOX-COST,0.15517741661522483,ok
43d11a96-9b10-4e5a-861c-3c012b94dedb,EnhancedAdaptiveSwarmOptimizer,f0_only_biased,SBOX-COST,0.10878962742209482,ok
43e781c5-3b72-447f-90d5-4a3f731f0634,DynamicSwarmOptimizer,f0_only_biased,SBOX-COST,0.14409644486202614,ok
43e87050-03d9-4b1e-a547-e2e621130f3d,EnhancedAdaptiveSwarmGradientDescent,f0_only_biased,SBOX-COST,0.17255771397329112,ok
44087ace-5af5-4cb2-b415-5a123966c78d,EnhancedAdaptiveSwarmGradientDescent,f0_only_biased,SBOX-COST,0.21321313002982145,ok
441b6785-55de-4545-84c1-b48289ecebfd,AdaptiveSwarmOptimizer,f0_only_biased,SBOX-COST,0.1669209131573901,ok
443821b3-e4d4-4c67-b14c-a19f0b3a5a20,AdaptiveHybridPSO_GA,f0_only_biased,SBOX-COST,0.11373690396608285,ok
443def73-778c-4b8d-b19b-a5885f7bc8f9,DualChaosEnhancedAdaptiveHybridSwarm,f0_only_biased,SBOX-COST,0.13578286812670554,ok
443fcc6a-6dd2-42c7-93e9-573b6f7713ec,AdaptiveHybridPSODE,f0_only_biased,SBOX-COST,0.22493221951453354,ok
444a7e0c-2d13-4691-9822-8aa96ef455dd,AdaptiveSwarmGradientDescent,f0_only_biased,SBOX-COST,0.1813179129070588,ok
44dd361f-864a-4d4b-a170-a5ef1f4f415b,HybridPSODE,f0_only_biased,SBOX-COST,0.2175691724659753,ok
44efa99f-488b-434d-a732-789428692a41,HPSO_ADE_AdaptiveNeighborhood,both_biased,SBOX-COST,0.17338087856199408,ok
450d7e06-4446-4551-befa-7304087c0870,AdaptiveSwarmGradientDescent,f0_only_biased,SBOX-COST,0.23923272977389765,ok
45129461-bb34-406f-b572-526c2c477a85,PSO_DE_Hybrid,f0_only_biased,SBOX-COST,0.18949538457038698,ok
452306d7-2dd7-489a-a61e-7c55e2b38bb5,Adaptive_Hybrid_PSO_DE,f0_only_biased,SBOX-COST,0.07340796733092911,ok
45242982-f26b-4332-9b16-13967a918413,PSO_DE_Hybrid,f0_only_biased,SBOX-COST,0.12175437431803382,ok
453ba690-ade1-4063-a7f7-d9e2d5a35523,HybridPSODE,f0_only_biased,SBOX-COST,0.15125957538253476,ok
45568f4e-6870-44b5-b736-3b1f076c391b,AdaptiveSwarmOptimizer,f0_only_biased,SBOX-COST,0.1620016208386313,ok
4558eafd-5cbb-4be6-925f-56728d7f611e,AdaptiveDiversityDrivenPSO_DE,f0_only_biased,SBOX-COST,0.10784424630516075,ok
457427b6-41c7-46df-8efe-bc4836d5d2df,AdaptiveHybridPSO_DE,f0_only_biased,SBOX-COST,0.18303008851563288,ok
4583617c-1a62-4a43-8e84-e87f89b74299,EnhancedAdaptiveSwarmGradientDescent,both_biased,SBOX-COST,0.17367303665584932,ok
459157e1-4cf9-46fc-9969-9d74e30c7b95,AdaptiveMultiAgentHybrid,f0_only_biased,SBOX-COST,0.10822120224704307,ok
459d60a1-736c-48c7-89e0-b8e20110338b,AdaptiveSwarmGradientDescent,f0_only_biased,SBOX-COST,0.20215425388010227,ok
45b28ae9-8e07-439e-b7c5-f57c33207de4,SwarmOptimizer,f0_only_biased,SBOX-COST,0.16965618621814227,ok
45ceb80d-999c-4b4b-8858-21f85e56ff91,CollaborativeSwarmSearch,f0_only_biased,SBOX-COST,0.21178513648924419,ok
45e1e9c6-5b61-4a8a-b4b6-bbd38ebf51a1,AdaptiveSwarmGradientDescent,f0_only_biased,SBOX-COST,0.15359606097424128,ok
4610abef-5a94-4371-99b2-25f8eb355323,EnhancedHybridDEPSO,f0_only_biased,SBOX-COST,0.14889540647546845,ok
462c7709-4d71-475b-bc7c-ef7227f10e44,DynamicAdaptiveAPSO,both_biased,SBOX-COST,0.06355152833111452,ok
463c6e45-a9a3-4c8a-aefb-258ce318dd1b,HybridPSOSA,both_biased,SBOX-COST,0.10970283037889456,ok
463ed305-1970-4301-942b-d4cca31d54c1,RefinedDynamicSwarmDE,both_biased,SBOX-COST,0.07361594243219444,ok
46554d14-4dc4-4aea-b75a-3f559699b639,EnhancedNAPSO,f0_only_biased,SBOX-COST,0.1954661393579329,ok
465acb48-6cf1-407b-9ce8-4ed8eb0a968e,AdaptiveSwarmHarmonySearch,neither_biased,SBOX-COST,0.13207380107914357,ok
4686322b-a62f-4af5-b98c-24a279fc1bfa,EnhancedHybridPSO_DE_Adaptive,f0_only_biased,SBOX-COST,0.08713359685461464,ok
4696bf73-a92c-4822-a9ba-9ab3ed171ff9,RefinedHybridPSO_DE,both_biased,SBOX-COST,0.17490815773108212,ok
4696dde5-5fd8-4d1f-b3b6-76fc67e37305,HybridPSO_DE,f0_only_biased,SBOX-COST,0.13634723575073665,ok
469b5423-0c35-461a-b907-eef26f0c9547,EnhancedAdaptiveSwarmGradientDescent,neither_biased,SBOX-COST,0.11687995114649019,ok
46a46c83-82c4-423a-8996-c04cb25310cd,HybridPSODE,f0_only_biased,SBOX-COST,0.17094780426766717,ok
46babf2e-c389-4bc6-a074-ff1fc5afdb54,PSODEOptimizer,both_biased,SBOX-COST,0.06475457541731147,ok
46c3d907-95ed-4342-acda-29fbd3a67486,PSODEOptimizer,f0_only_biased,SBOX-COST,0.07138575146011372,ok
46ce4deb-4998-415d-a3a9-4566103072bf,AdaptiveSwarmGradientDescent,f0_only_biased,SBOX-COST,0.19947555414428175,ok
46d1767b-f807-4676-94e5-025603d8440c,CollaborativeSwarmSearch,f0_only_biased,SBOX-COST,0.18631313843013025,ok
4708c91b-d07b-4114-b571-767d8bdc1bcc,PSO_DE_Hybrid_Improved,f0_only_biased,SBOX-COST,0.20916691778672208,ok
4746abf4-6ff0-40a4-a5f8-dd81c2f891cc,EnhancedAdaptiveSwarmGradientDescent,f0_only_biased,SBOX-COST,0.21472605401444783,ok
474a1b21-51ce-448e-a1da-b5dc38db0fe9,HybridPSODE,f0_only_biased,SBOX-COST,0.10145293031125871,ok
475c683b-1e84-4a7a-bcba-25292092f93c,HybridSwarmTerrainOptimizer,g0_only_biased,SBOX-COST,0.062180646620543664,ok
4798a40c-6a02-4f7d-8e82-c458299c9a89,AdaptiveSwarmGradientDescent,neither_biased,SBOX-COST,0.13011432323681796,ok
47a2b4a6-2f62-4c6f-91a2-5d9a7f7ca1f4,DynamicSwarmOptimizer,f0_only_biased,SBOX-COST,,error
47b2bb77-27ba-4143-abf8-0da60676175b,AdaptiveSwarmOptimizer,f0_only_biased,SBOX-COST,0.09671747485356658,ok
47c2463f-4da9-4d92-995c-3054df2fab3b,AdaptiveSwarmGradientDescent,neither_biased,SBOX-COST,0.13827312455242974,ok
47eae291-b056-4767-a97d-0738f3224165,HybridPSOSA,both_biased,SBOX-COST,0.11300009116733958,ok
47fbbcce-b260-4e94-b353-b664ba018f48,AdaptiveSwarmHarmonyOptimization,f0_only_biased,SBOX-COST,0.16025550629957822,ok
48050891-ecb3-486e-a656-1303ae2dd94b,HybridPSO_DE,f0_only_biased,SBOX-COST,0.1408872090330674,ok
4849d797-ad83-4a09-89e0-154031e4a3b4,AdaptiveSwarmOptimizer,f0_only_biased,SBOX-COST,0.1675934740817127,ok
4853edb5-34e0-4f5c-9d24-53a324b5ed8e,HybridPSODE,both_biased,SBOX-COST,0.18107422430619846,ok
485d0850-492d-4bdc-93e7-b466cd6bd479,EnhancedHybridPSO_GA,f0_only_biased,SBOX-COST,0.13974663200155218,ok
488295b5-8727-4308-877d-a2f1698dcb9a,AdaptiveSwarmGradientDescent,f0_only_biased,SBOX-COST,0.21562801074225318,ok
48862137-014f-4dd9-b657-bf781512ef0d,EnhancedHybridDEPSO,f0_only_biased,SBOX-COST,0.11701174953642528,ok
488b29d1-84bf-4ed7-9316-c257990b37f6,EnhancedHybridPSODE,both_biased,SBOX-COST,0.17078216084361486,ok
489120ca-a7bb-45cc-a5db-c35b70a962b5,EnhancedAdaptiveSwarmGradientDescent,f0_only_biased,SBOX-COST,0.19440265689945965,ok
48a3d0d1-d982-4ccf-aaa0-9120427c0c2a,HybridPSO_DE,f0_only_biased,SBOX-COST,0.16607835290270745,ok
48ac0c20-2ed8-43c4-8de9-91519c95b75c,EnhancedAdaptiveSwarmGradientDescent,f0_only_biased,SBOX-COST,0.19853125622144413,ok
48ad72af-5f97-4fee-9633-334ad07a1ce5,EnhancedAdaptiveCooperativeSwarm,both_biased,SBOX-COST,,error
48dbf54e-07b1-4570-97fc-89aca276609b,HybridPSODE,both_biased,SBOX-COST,0.19826403228054776,ok
48dd065b-43d1-4d54-b92c-995c09160771,ChaosEnhancedAdaptiveHybridSwarm,f0_only_biased,SBOX-COST,0.1203036876560547,ok
49385aab-866b-4efb-b4fd-b17a44db650b,AdaptiveSwarmGradientDescent,neither_biased,SBOX-COST,0.16644200815405016,ok
4958e2ed-3ee1-40a4-b07e-7550372d69b4,AdaptiveSwarmGradientDescent,neither_biased,SBOX-COST,0.1426188472149304,ok
499092a4-b05c-49c4-955e-5dcb9d69bc75,AdaptiveEnhancedAPSO,both_biased,SBOX-COST,0.06266141240924869,ok
499ac0df-d837-4fdb-99bb-aa617ec6401e,AdaptiveSwarmHarmonySearch,neither_biased,SBOX-COST,0.12797550621700632,ok
499c43e9-f1f2-4b69-b2cc-b18420c82b1b,HPSO_ADE_Improved,f0_only_biased,SBOX-COST,0.15829686918497177,ok
499ee1eb-9b97-43cf-88ee-8039ee8673b1,DynamicSwarmOptimizer,f0_only_biased,SBOX-COST,0.13009006246989857,ok
49ec729e-8604-4cb7-b924-f97f4726efb4,HybridPSO_DE,f0_only_biased,SBOX-COST,0.13849653556940975,ok
49ec9ddb-ed16-4479-9035-0db9fa7e7081,DynamicSwarmOptimizer,f0_only_biased,SBOX-COST,0.1928817750067715,ok
4a424217-924c-42e1-8d27-4711d472a907,EnhancedHybridPSODE,both_biased,SBOX-COST,0.1760110777545224,ok
4a43c3ac-9c0b-427e-a7c5-48e2765024a3,EnhancedDynamicSwarmDE,f0_only_biased,SBOX-COST,0.07985331418049305,ok
4a813966-d79b-46b0-b54c-658069179fa0,EnhancedAdaptiveSwarmGradientDescent,f0_only_biased,SBOX-COST,0.21025665723764453,ok
4a9dffea-54e3-4923-bb87-7cdb0470269a,EnhancedNAPSO,f0_only_biased,SBOX-COST,0.21329653683530203,ok
4a9ea90e-27b9-4640-9f03-097e50e12d6e,AdaptiveSwarmHarmonySearch,neither_biased,SBOX-COST,0.12702819088602718,ok
4adae281-03e4-4e0c-9d39-c4795780123e,AdaptiveSwarmGradientDescent,f0_only_biased,SBOX-COST,0.1532420388541551,ok
4aef2bfc-0a5b-42fd-9da3-6c9946025195,PSO_DE_Hybrid_Improved,f0_only_biased,SBOX-COST,0.20363508496389682,ok
4afd733d-dcb5-45e9-b841-a9db00f1831a,HybridPSODE,both_biased,SBOX-COST,0.15629828097467613,ok
4b360fab-161c-4ff4-a55c-aa7984681010,DiversifiedAdaptivePSO,f0_only_biased,SBOX-COST,0.1898071796401234,ok
4b38fe37-1e0f-4d64-a8f2-450f65e0052b,EnhancedAdaptiveMultimodalExplorer,f0_only_biased,SBOX-COST,0.21002146499578173,ok
4b43e8ce-cf73-484d-8c77-46b28b774e13,AdaptiveSwarmGradientDescent,f0_only_biased,SBOX-COST,0.14650054928991346,ok
4b4c2c30-0146-4e02-90c3-127e2c663534,AdaptiveSwarmGradientDescent,f0_only_biased,SBOX-COST,0.19731894102633374,ok
4b55d5b0-b0de-45db-842b-72071cd48273,AdaptiveDynamicPSO_GA,f0_only_biased,SBOX-COST,0.11326218317891959,ok
4b673c30-be88-4748-8940-3d479a8d75b2,AdaptiveSwarmOptimizer,f0_only_biased,SBOX-COST,0.09863246374998366,ok
4b68898c-c265-4a30-b93d-5c2eb600d11f,AdaptiveSwarmGradientDescent,f0_only_biased,SBOX-COST,0.23237982038887584,ok
4b7c8618-1591-40e0-ba51-382a57dd1d97,HybridPSODE,neither_biased,SBOX-COST,0.11477803189165864,ok
4b828a22-4ce9-4659-a9ca-f123d27f1341,EnhancedDAPSO,both_biased,SBOX-COST,0.18319782719364724,ok
4b9a0d8e-6a60-4e1f-9805-f1810dd3f441,AdaptiveSwarmGradientDescent,f0_only_biased,SBOX-COST,0.12317991776979054,ok
4ba61128-86ce-47da-bf84-b4cb71ac75a1,AdaptiveSwarmGradientDescent,f0_only_biased,SBOX-COST,0.14623163832413436,ok
4bbba5d6-bf65-4a69-bd3c-74b59f4b24b0,AdaptiveSwarmGradientDescent,f0_only_biased,SBOX-COST,0.21513622486166017,ok
4bc27641-63af-4ae6-aad7-174f7c1e0b4b,EnhancedAdaptiveSwarmGradientDescent,f0_only_biased,SBOX-COST,0.17262667036038726,ok
4bc6aeab-6e00-4966-a323-5262008171e5,EnhancedAdaptiveSwarmGradientDescent,f0_only_biased,SBOX-COST,0.16954759285434806,ok
4bd61926-12ac-4759-9eb1-54635c7e9dd8,AdaptiveSwarmHarmonySearch,neither_biased,SBOX-COST,0.13093706248048423,ok
4bf0d123-1e47-442e-acf4-6970c5c0b9bf,EnhancedAPSO,both_biased,SBOX-COST,0.05951314986088929,ok
4c025b94-9cde-4f7f-8ae8-4aa5c6cc1dff,EnhancedAdaptiveSwarmGradientDescent,f0_only_biased,SBOX-COST,0.18420782079342798,ok
4c711dbc-d9f1-4aec-ab01-5a07666f4462,HybridPSODE,f0_only_biased,SBOX-COST,0.13197524982418385,ok
4c91f46d-e3a0-4d78-830f-04723cd79e00,HybridPSO_DE,f0_only_biased,SBOX-COST,0.20283528511236637,ok
4c9239f3-9a97-4f47-9755-84af022ae237,HybridPSO_DE,f0_only_biased,SBOX-COST,0.15911273272526344,ok
4c92b604-a2f6-47a2-89bb-c6b420c389c7,EnhancedAdaptiveSwarmGradientDescent,f0_only_biased,SBOX-COST,0.1958992225751176,ok
4ca48b51-b436-4fe9-a41a-82cc16db247d,HybridPSODE,both_biased,SBOX-COST,0.20079763016506672,ok
4cab5dd3-ae25-4fe5-8040-ac90fca5ed16,HybridPSODE,both_biased,SBOX-COST,0.20897762529365854,ok
4cb3d0e0-5846-4009-a492-cf3eb27dc621,DynamicPhaseTransitionSwarmOptimizer,both_biased,SBOX-COST,0.060869802319242904,ok
4cd31bab-aa8d-4c0c-8e30-fb3cf2725148,PSO_DE_Hybrid,f0_only_biased,SBOX-COST,0.21119208835648917,ok
4cd373d0-1208-4bd8-81d7-afebc9b93ca5,EnhancedAdaptiveSwarmGradientDescent,f0_only_biased,SBOX-COST,0.19976379167500483,ok
4ce372f1-3f1d-45b3-ac11-1c8241f36796,EnhancedHybridPSODE,f0_only_biased,SBOX-COST,0.16937843741840986,ok
4cf64321-482a-4e82-8f1e-43200097cd82,PSODEOptimizer,f0_only_biased,SBOX-COST,0.06871174468379151,ok
4d14bfa7-987b-481b-a9a4-6fa312d20698,HybridPSO_DE,f0_only_biased,SBOX-COST,0.14331336276742654,ok
4d1f1b87-c85c-4eef-a474-dca6542d5f07,HybridPSOSA,both_biased,SBOX-COST,0.10153099953356867,ok
4d4bfa6e-7cd4-4cc0-a57d-4339b7784ac4,HybridPSOSA,both_biased,SBOX-COST,0.11498608767778411,ok
4d64e441-5270-462a-9efb-bc99c8255de3,SwarmOptimizer,f0_only_biased,SBOX-COST,0.20356277313783727,ok
4d759b64-c4d8-45cd-8c7c-af188a7c17f3,EnhancedDEPSO,both_biased,SBOX-COST,0.14940649611492127,ok
4d770e22-acac-46ad-9b55-abd7184a64a8,CollaborativeSwarmSearch,f0_only_biased,SBOX-COST,0.2291674807651358,ok
4d8439f8-2094-4a6d-a0d3-7065748fcc7b,EnhancedAdaptiveSwarmGradientDescent,neither_biased,SBOX-COST,0.1505394970176691,ok
4de0a3c3-24fb-4ffe-a9de-bea575424869,SwarmOptimizer,f0_only_biased,SBOX-COST,0.17969471606496462,ok
4de72628-8744-4383-bd4d-895a92928c01,Adaptive_Hybrid_PSO_DE,f0_only_biased,SBOX-COST,0.07348460546094542,ok
4defe8aa-795b-4c3b-adaf-45bfc8eccb33,HybridPSODE,f0_only_biased,SBOX-COST,0.10989698940834347,ok
4df97bb2-6643-4b28-9fb7-55cc9029acbf,AdaptiveMultiAgentHybrid,f0_only_biased,SBOX-COST,0.11799270639689469,ok
4e0a7c2a-a9ff-4d14-8015-c0a25fff351a,RefinedHybridPSODE,both_biased,SBOX-COST,0.17088639330330996,ok
4e1be8bc-ff42-4b8e-87da-ffd96591853b,AdaptiveParticleSwarmDL,f0_only_biased,SBOX-COST,0.13656151703641511,ok
4e1ea2a9-cb65-4aba-8a73-7a666179fab3,EnhancedHybridPSODE_AdaptiveSocialLearning_RandomizedLocalSearch,f0_only_biased,SBOX-COST,0.16931164857688757,ok
4e209480-d433-46a4-a2e7-b2af53856a71,AdaptiveSwarmGradientDescent,f0_only_biased,SBOX-COST,0.19834323400114934,ok
4e238dd5-1db2-463a-92dc-45c4a6ae64dc,SwarmOptimizer,f0_only_biased,SBOX-COST,0.19911019326382046,ok
4e2c1f95-9aad-4b44-89f4-215f407dae0b,DynamicPhaseTransitionSwarmOptimizer,both_biased,SBOX-COST,0.058492986685694484,ok
4e38d0a0-a38e-4130-b9dc-198b93e9e929,CollaborativeSwarmSearch,f0_only_biased,SBOX-COST,0.24929164336998888,ok
4e525902-9245-4dbe-995f-ee1e5fe74523,EnhancedHybridPSODE,f0_only_biased,SBOX-COST,0.2129347111578653,ok
4e5ccd9c-2f8d-43f7-82ad-a0b2e508f394,SwarmOptimizer,f0_only_biased,SBOX-COST,0.12034921553451916,ok
4e8b0892-eba5-4505-bda9-29d05979e672,AdaptiveSwarmGradientDescent,f0_only_biased,SBOX-COST,0.17745238806806393,ok
4e8dce12-77b7-4a36-9307-fdbbe2bbdd15,HybridSwarmGradientAccent,f0_only_biased,SBOX-COST,0.17562802155456508,ok
4e8f7bd9-8aa1-4730-ae09-693c0b1cd7c6,EnhancedAdaptiveNeighborhoodPSO,f0_only_biased,SBOX-COST,0.1980712181169144,ok
4f0a8c16-3ca4-4499-856a-1e5869f24d55,AdaptiveSwarmGradientDescent,f0_only_biased,SBOX-COST,0.17793360865276436,ok
4f0c1dd4-77b2-4d34-983c-6fddd82b4378,HybridPSOSA,f0_only_biased,SBOX-COST,,partial
4f2596aa-7bde-4827-abe5-f6d09c9ee372,HybridPSOSA,both_biased,SBOX-COST,0.11486181891112204,ok
4f2b0e64-b577-40ab-a914-de5161d6e50b,AdaptiveSwarmGradientDescent,f0_only_biased,SBOX-COST,0.16085649994854334,ok
4f2ef60b-301c-4309-8ed1-00347aa30292,ChaosLevyAdaptiveSwarm,f0_only_biased,SBOX-COST,0.11530532183247687,ok
4f505fd0-e4b4-4ce4-822a-b49a81c6bb9f,HybridPSOSA,both_biased,SBOX-COST,0.10463829386801049,ok
4f55b173-63a9-4b65-a906-332a86d9dff0,EnhancedHybridDEPSO,both_biased,SBOX-COST,0.17814837867881547,ok
4f6c553e-2234-4ee1-aa4a-a4cff9978049,EnhancedAdaptiveSwarmGradientDescent,f0_only_biased,SBOX-COST,0.1902119315964427,ok
4f82c326-ac87-485f-8596-da15a1dbca84,HybridQPSODE,f0_only_biased,SBOX-COST,0.12950828300155107,ok
4f833de7-d8bf-453d-bec4-4e55d2e9baf8,PSODEOptimizer,f0_only_biased,SBOX-COST,0.07163914000705088,ok
4f8fbf20-fe6c-4283-96d8-58a7e980a6c8,AdaptiveSwarmGradientDescent,f0_only_biased,SBOX-COST,0.15214838904327566,ok
4fb3c8bb-a1df-44b9-8d24-cbe458253f66,RefinedDynamicSwarmDE,both_biased,SBOX-COST,0.07419123659181111,ok
4fc3d2be-6753-4388-a1d3-3bcaa2882a26,AdaptiveSwarmGradientDescent,f0_only_biased,SBOX-COST,0.17725731615902734,ok
4fcfb843-b6b5-4b9b-a4fd-c6c287f5d1f7,RefinedAdaptiveCooperativeSwarm,both_biased,SBOX-COST,,error
4fd048e8-93af-471a-8954-d90d9ab64a0c,EnhancedChaoticLevySwarm,f0_only_biased,SBOX-COST,0.18933551554531963,ok
4fe27401-26e3-42b7-972e-355cb4c542ca,HybridPSO_DE,f0_only_biased,SBOX-COST,0.1184949891837405,ok
4ff4cc28-a8e0-438f-ae70-96db94836aab,EnhancedAdaptiveSwarmGradientDescent,f0_only_biased,SBOX-COST,0.1829558609654721,ok
500afb2a-717a-4f29-923a-b9646c5b8fa9,HybridPSO_DE,f0_only_biased,SBOX-COST,0.1676942167786477,ok
501f0c1c-39a0-492f-a0e8-b0235feae7da,AdaptiveSwarmGradientDescent,f0_only_biased,SBOX-COST,0.19556131672962046,ok
502c703e-d347-416a-a721-37e721a9d273,SwarmOptimizer,f0_only_biased,SBOX-COST,0.1514250368205498,ok
5034723a-3e4f-4bcf-ad02-3a2d653a49b6,AdaptiveHybridPSODE,f0_only_biased,SBOX-COST,0.1769890808722927,ok
5036f9d3-f855-405d-96c0-d0ef6fd47d94,AdaptiveSwarmGradientDescent,f0_only_biased,SBOX-COST,0.1904344857515947,ok
504173c2-a5b6-4f19-9d20-d700150f5cc7,EnhancedAdaptiveSwarmGradientDescent,f0_only_biased,SBOX-COST,0.18226610109064803,ok
506fc3a5-ac85-42d4-b1a4-ef753743d91e,AdaptiveSwarmGradientDescent,f0_only_biased,SBOX-COST,0.21395128837325572,ok
50763132-1545-414e-955d-a9528e17a26b,EnhancedHybridPSOSA,both_biased,SBOX-COST,0.1267302417961097,ok
507e0262-db3f-4b42-9fd5-7d700d783b47,HybridPSODE,both_biased,SBOX-COST,0.21761615215495003,ok
50e496fd-98eb-45dd-be23-ffc9cefbc53e,DynamicPhaseTransitionSwarmOptimizer,both_biased,SBOX-COST,0.0593366322432652,ok
50f62098-2ee1-426d-b8b6-8bec3f94a0b7,RefinedEnhancedHybridPSODE,both_biased,SBOX-COST,0.16781712282157418,ok
510dcb70-d171-4e00-967c-6bbcbb83ab4e,HybridPSODE,f0_only_biased,SBOX-COST,0.13290212986015296,ok
510de5e7-ce0c-431a-ab47-a65723d57767,AdaptiveSwarmGradientDescent,neither_biased,SBOX-COST,0.13286729211347154,ok
51393069-683b-4295-aca5-480b9ca809ab,EnhancedAdaptiveSwarmGradientDescent,f0_only_biased,SBOX-COST,0.19519209330931353,ok
514f88e9-c030-4c9d-a8a3-349fcef224aa,EnhancedNAPSO,f0_only_biased,SBOX-COST,0.22111394398161396,ok
51546594-467e-4ae3-991a-c3722774d2f8,EnhancedAPSO,both_biased,SBOX-COST,0.060327240341781704,ok
516ad8c2-e494-4c4a-ba60-7b8636df6fe0,AdaptiveSwarmHarmonyOptimization,f0_only_biased,SBOX-COST,0.12026093461268489,ok
517971bf-1586-4e08-bdcd-9fed2f30a023,HybridPSO_DE,f0_only_biased,SBOX-COST,0.12551004897983153,ok
519213d0-eb81-4301-9304-d4d9e1d3e5b8,AdaptiveSwarmGradientDescent,f0_only_biased,SBOX-COST,0.17797839547968314,ok
51931a04-7c01-45ab-984a-607840c547b8,HybridPSODE,both_biased,SBOX-COST,0.21707671515734706,ok
51bc34ab-be82-4965-b8cc-1f8c7d1b8a41,HybridPSODE,f0_only_biased,SBOX-COST,0.19367863424401907,ok
51bd6e3b-4b3d-4627-acde-858e9d696f46,EnhancedAdaptiveSwarmGradientDescent,f0_only_biased,SBOX-COST,0.15618316352266182,ok
51dcef23-d220-48a4-8617-b511f56199ec,AdaptiveSwarmGradientDescent,f0_only_biased,SBOX-COST,0.17737886480761794,ok
51f46145-7b3d-4c4a-8cb9-4bb6b83eedb2,AdaptiveSwarmGradientDescent,f0_only_biased,SBOX-COST,0.21777218168113466,ok
51f62d74-3bea-4304-92bf-190021aadb3b,AdaptiveHybridPSO_GA,f0_only_biased,SBOX-COST,0.11561362625637346,ok
52222383-4d1d-40b6-8ba8-447381d62ee9,HybridPSODEAE,f0_only_biased,SBOX-COST,0.18880168873276626,ok
5225988d-5e02-4445-9656-aaccd5de71eb,EnhancedAdaptiveSwarmGradientDescent,neither_biased,SBOX-COST,0.16041251041839996,ok
52309ac0-ff86-477b-942f-74a86feeb775,EnhancedDynamicSwarmDE,f0_only_biased,SBOX-COST,0.07368858631342476,ok
523164b1-b470-450b-9713-e3d69f5cd175,EnhancedAdaptiveHybridPSO_GA,f0_only_biased,SBOX-COST,0.11332953517858689,ok
523d15e4-ae81-4c04-a8f7-ad7429fbfd3e,HybridAdaptivePSO_DE,f0_only_biased,SBOX-COST,0.0706009756642744,ok
52435cec-45f7-4097-b246-a1878067dc3b,PSODEOptimizer,both_biased,SBOX-COST,0.07490640931247991,ok
524c9a3d-8dd2-41a0-9d79-4e7e5ba009bb,RefinedHybridDEPSO,f0_only_biased,SBOX-COST,0.1399831901237578,ok
52568970-a6b9-4ef4-ad9d-db9ab016b88b,EnhancedChaoticLevySwarm,both_biased,SBOX-COST,0.09563840558287048,ok
5264f2ea-eacb-4399-a3df-3f22a8600441,AdaptiveSwarmGradientDescent,f0_only_biased,SBOX-COST,0.1922246777516975,ok
526d769e-4ab1-4741-a515-173feffa900f,EnhancedNAPSO,f0_only_biased,SBOX-COST,0.19028845148264095,ok
527f3940-381f-4c39-a3df-dc5aa0f3ecec,HybridPSO_DE,f0_only_biased,SBOX-COST,0.16792329538695056,ok
52a3fe96-0631-4ea7-be5f-0c4de5ad0181,PSO_DE_Hybrid,f0_only_biased,SBOX-COST,0.1445558734910482,ok
52acbc76-2d68-42cc-a546-ce8344afd100,PSO_DE_Hybrid,f0_only_biased,SBOX-COST,0.1929253668167791,ok
52c53d63-55f4-47f3-8eb4-95f61c3edc1a,EnhancedAdaptiveSwarmGradientDescent,neither_biased,SBOX-COST,0.1910992419365828,ok
52de413c-7d38-4140-94c7-092e159afd2f,DynamicPhaseTransitionSwarmOptimizer,both_biased,SBOX-COST,0.059053620581479525,ok
52e8d009-0567-471d-8ff4-298f6bb919dd,PSODEOptimizer,f0_only_biased,SBOX-COST,0.06532317106525579,ok
52e8fca3-deb6-431a-964c-28f690f33052,EnhancedDAPSO,both_biased,SBOX-COST,0.1406774557779143,ok
533af4ac-81fd-4930-9818-4359f0ca995c,HybridPSODE,both_biased,SBOX-COST,0.15496094436031255,ok
534b920d-b33e-4c23-8547-f9ced6052cba,EnhancedAdaptiveSwarmGradientDescent,f0_only_biased,SBOX-COST,0.2011453273385231,ok
534d82d2-be8c-47d2-a768-0cf640e46ace,EnhancedDynamicSwarmDE,both_biased,SBOX-COST,0.07258283977178677,ok
5384b4db-5fcc-4748-b943-678e35c7bf93,DynamicPhaseTransitionSwarmOptimizer,both_biased,SBOX-COST,0.06023743547136885,ok
53860ccd-abd7-4e84-94f9-120a7cc76ff7,EnhancedAdaptiveSwarmGradientDescent,f0_only_biased,SBOX-COST,0.215640103288568,ok
538f8a06-e069-42f5-aaf2-0292d7f7a845,RefinedAdaptiveSwarmGradientDescent,f0_only_biased,SBOX-COST,0.2061599377114794,ok
53a6f1e6-c55f-4b0a-87fb-a6a391925df2,EnhancedDAPSO,both_biased,SBOX-COST,0.1385315284223439,ok
53a8f890-b3e1-4209-86ba-2a55c8cd11b1,EnhancedAdaptiveSwarmGradientDescent,f0_only_biased,SBOX-COST,0.15030459435334795,ok
53c4585d-9e3c-49af-aeef-80ea432e6f43,RefinedAdaptiveHybridPSO_GA,f0_only_biased,SBOX-COST,0.11990987228051428,ok
53d81a57-6490-4e01-b2a6-2c433e44d64b,AdaptiveSwarmGradientDescent,neither_biased,SBOX-COST,0.1346456336233352,ok
541355e3-5ce8-4c19-9e10-7baf2fe862af,AdaptiveSwarmGradientDescent,f0_only_biased,SBOX-COST,0.23675208923834368,ok
541a210a-ea3a-472e-a029-02cc690b458f,Adaptive_Hybrid_PSO_DE,f0_only_biased,SBOX-COST,0.1128163119115511,ok
541f94c6-e3e4-4915-a571-f42553ce28a3,QuantumInspiredAdaptiveMomentumPSO_DE,f0_only_biased,SBOX-COST,0.16087035917362402,ok
54238f8f-27ec-499b-9cf0-70f883876e6b,EnhancedAdaptiveSwarmGradientDescent,f0_only_biased,SBOX-COST,0.18109990985888386,ok
542928e3-26b8-4bb7-922e-ce35f0364d56,QuantumAdaptiveHybridPSO_DE,f0_only_biased,SBOX-COST,0.17633585534021817,ok
54397607-09a2-471f-96ce-edffa159f49a,AdaptiveSwarmGradientDescent,f0_only_biased,SBOX-COST,0.20193434776131086,ok
544486ce-57f2-47ca-ae6c-6548e5c1fec2,RefinedNAPSO,f0_only_biased,SBOX-COST,0.1669235587424634,ok
546067f3-2358-430f-8d93-2a319234b983,AdaptiveSwarmGradientDescent,f0_only_biased,SBOX-COST,0.1924021636595888,ok
546fb8c0-424c-4e46-9bb0-3dce8a2df2f5,EnhancedAdaptiveSwarmGradientDescent,neither_biased,SBOX-COST,0.16855887248607082,ok
54725a96-5749-4c1f-8c62-b6bb7ccd12f9,EnhancedAdaptiveSwarmGradientDescent,f0_only_biased,SBOX-COST,0.1859139748328379,ok
547e3852-6428-45e5-8805-2e5201ac8c0c,HPSO_ADE_Enhanced,both_biased,SBOX-COST,0.16381978378473636,ok
549833b2-8312-4885-92f9-77ccd85c8e8e,RefinedChaosAdaptiveHybridSwarm,f0_only_biased,SBOX-COST,0.12105755062573711,ok
54d5ef70-945d-4fd2-8db2-4737db8e03a7,AdaptiveSwarmGradientDescent,f0_only_biased,SBOX-COST,0.20854860980434153,ok
54da93ca-0238-49ef-b2aa-4bd904d9a513,EnhancedDynamicSwarmDE,f0_only_biased,SBOX-COST,0.07177204994256338,ok
54dfd726-3bf8-41e8-9501-7e70996c468e,HybridPSOSA,both_biased,SBOX-COST,0.11728892342460043,ok
54f08531-982d-443e-863d-76a06469f652,EnhancedDynamicNeighborhoodAdaptivePSO,f0_only_biased,SBOX-COST,0.21254776135972803,ok
5503cece-cb19-40b6-b9a3-412fc06fc9c1,EnhancedAdversarialSwarmDE,both_biased,SBOX-COST,0.07394072693765606,ok
55242ab9-0825-4d2b-b770-8eba9e5ce32f,AdaptiveSwarmGradientDescent,f0_only_biased,SBOX-COST,0.14429439216362538,ok
55251704-53e6-4aa0-980f-f6af8d5b8bdd,AdaptiveSwarmHarmonySearch,f0_only_biased,SBOX-COST,0.13221700741165882,ok
552ea91e-5aaf-4e12-b456-2cf3aed6240b,EnhancedMultiStrategyOptimizer,both_biased,SBOX-COST,0.09645058149422399,ok
5588e7fc-835d-427f-b11f-90d8010fa1fd,DynamicSwarmOptimizer,both_biased,SBOX-COST,0.0842740126485305,ok
55b7e3ff-e0b2-4615-8fd0-b07e5041fa31,EntropyDAPSO,both_biased,SBOX-COST,0.1307726533206797,ok
55c88259-5638-4f06-b40d-106b9226d97a,PSODEOptimizer,f0_only_biased,SBOX-COST,0.07550995280462425,ok
55f931cb-e431-4b29-a78c-845d059e544a,AdvancedMultiStrategyOptimizer,both_biased,SBOX-COST,0.13668427496882807,ok
5606d1d0-b76f-4f91-be9a-36f3a5498287,HybridPSODE,both_biased,SBOX-COST,0.18658104332002406,ok
560f334c-46b1-44a9-bcc3-f53634dfaaac,HybridPSO_DE,f0_only_biased,SBOX-COST,0.15333462374048734,ok
5613e9dc-6744-41ec-878d-b3f97eeca63b,EnhancedAdaptiveSwarmGradientDescent,f0_only_biased,SBOX-COST,0.18414378537894083,ok
562c80a7-9780-4e3f-9122-7b9ac061df62,AdaptiveSwarmGradientDescent,f0_only_biased,SBOX-COST,0.19349424265363374,ok
5637171e-e10d-42a1-995e-eb40df4e68f5,EnhancedAdaptiveSwarmGradientDescent,f0_only_biased,SBOX-COST,0.13338633230037722,ok
5639ccff-bbf4-46b1-b57d-5bfd7c1c2024,HybridPSODE,f0_only_biased,SBOX-COST,0.14068826758972064,ok
564147c3-8425-4d06-af66-0e7bfbd0d375,EnhancedDynamicSwarmDE,f0_only_biased,SBOX-COST,0.0779346233616753,ok
5656997f-30aa-4af0-8594-381142f4a59e,AdaptiveSwarmHarmonySearch,neither_biased,SBOX-COST,0.12746552654640303,ok
569db75d-458f-47d0-b28b-63e793a058b3,HybridSwarmEvolutionPSO,both_biased,SBOX-COST,0.08499894205871142,ok
569ef702-99fd-4b97-a4b2-cd154be785f9,EnhancedAdaptiveDEPSOPlus,both_biased,SBOX-COST,0.1819677749227831,ok
56e087a2-47c6-40df-b24f-3537f3c3b555,EnhancedChaoticLevySwarm,f0_only_biased,SBOX-COST,0.1727726485664548,ok
56f6396e-c758-49d1-8b03-b4aa7a77b40b,AdaptiveSwarmHarmonySearch,neither_biased,SBOX-COST,0.11930695904393161,ok
56fda1f3-e553-43e6-ad2c-1b747e2c7a9c,HybridPSODE,both_biased,SBOX-COST,0.2163544811307333,ok
571b3ba1-feb9-464a-87ad-0550875b9cb8,HyperAdaptiveSwarmDE,f0_only_biased,SBOX-COST,0.0816903828024905,ok
573056c2-998e-4962-84d4-0332924e0385,ChaosEnhancedAdaptiveHybridSwarm,f0_only_biased,SBOX-COST,0.11973760368984605,ok
5732d935-ed42-4068-9d16-b58ea5e6d629,AdaptiveSwarmGradientDescent,neither_biased,SBOX-COST,0.14259533494672672,ok
573b3c67-9992-414f-868b-efd3031ebeb6,HybridPSODE,both_biased,SBOX-COST,0.1984197882182971,ok
574c697d-2315-414f-abcb-943bbca75858,EnhancedNAPSOLevy,f0_only_biased,SBOX-COST,0.2049104237971175,ok
57587df2-e9f2-40d5-80ae-eabafdf8149b,AdaptiveSwarmHarmonyOptimization,f0_only_biased,SBOX-COST,0.13265675227945467,ok
577a103e-b017-4ebf-a2f9-53e692480710,DynamicPhaseTransitionSwarmOptimizer,both_biased,SBOX-COST,0.05784680580556621,ok
577f12c2-6d6b-476c-a397-db59e7fc66e4,AdaptiveSwarmGradientDescent,f0_only_biased,SBOX-COST,0.20949568846806793,ok
579288e0-f225-48f1-9150-9c72923341d6,PSODEOptimizer,f0_only_biased,SBOX-COST,0.07176908216261504,ok
57b7f4a8-b120-427c-a3f4-dc347dc243c8,PSODEOptimizer,f0_only_biased,SBOX-COST,0.0672629745662417,ok
57bfe763-0b86-449a-8bfa-5afcf45926d1,AdaptiveSwarmGradientDescent,f0_only_biased,SBOX-COST,0.16248317907043575,ok
57d2d0c3-63e0-4fba-bcbd-e8785a9074e8,EnhancedAdversarialSwarmDE,both_biased,SBOX-COST,0.07061934704438688,ok
57ec6b8f-3d48-4395-931d-1be73025f256,MultiScaleDynamicSwarm,f0_only_biased,SBOX-COST,0.17195248418969,ok
57ec9a62-4323-4ae3-a4eb-0738d96916b1,AdaptiveMultimodalExplorer,f0_only_biased,SBOX-COST,0.2064657974792467,ok
57f235f4-9792-475d-85ab-959423279967,ChaoticSwarmOptimizer,f0_only_biased,SBOX-COST,0.18008291647792066,ok
580cf826-3ec5-4687-8449-5213f539fb6b,ChaosEnhancedAdaptiveHybridSwarm,f0_only_biased,SBOX-COST,0.11482080116263621,ok
5818810d-860e-4693-848a-22fcf06d45ad,QuantumInspiredEnhancedSwarmDescent,f0_only_biased,SBOX-COST,0.18449563904762764,ok
583b0e05-49c1-4c25-aace-5eac121de289,HybridPSODE,f0_only_biased,SBOX-COST,0.16628241925606851,ok
583dcd34-133f-4199-9a61-4860ae5eda1f,HybridPSO_DE,f0_only_biased,SBOX-COST,0.14906815023120343,ok
585524e0-ad1f-4331-bc70-f20e3df62756,EnhancedDAPSO_v2,both_biased,SBOX-COST,0.13591469268109813,ok
5870a2fe-cce5-4772-a1b9-cd6b5c09e240,AdaptiveSwarmGradientDescent,f0_only_biased,SBOX-COST,0.2161295718125831,ok
5873c97b-b396-43f6-81b7-e8e0f63848b2,EnhancedNAPSO,f0_only_biased,SBOX-COST,0.1692163421100035,ok
58a06dbb-52c6-4501-8430-6c9abfd6e870,EnhancedHybridPSO_DE,f0_only_biased,SBOX-COST,0.16818994679066807,ok
58a4df4f-6864-46d2-8ee3-0b76b6a135bc,SwarmOptimizer,f0_only_biased,SBOX-COST,0.19015644834616777,ok
58a50254-9ec8-4345-acc8-94657fe7746a,HPSO_ADE_Enhanced_Refined,f0_only_biased,SBOX-COST,0.1409695298755118,ok
58b25797-6eed-49bf-879d-8e44886fa8f7,EnhancedSwarmOptimizer,f0_only_biased,SBOX-COST,0.12952695850527143,ok
5901ff9f-a3a2-44e7-946e-5ca4ded22274,AdaptiveSwarmGradientDescent,f0_only_biased,SBOX-COST,0.14781760016701828,ok
592a9341-b478-46fb-9321-37a384736f1a,DynamicPhaseTransitionSwarmOptimizer,both_biased,SBOX-COST,0.06240847144284309,ok
5943fe64-900d-4d09-bb07-9e692ca3157f,DynamicSwarmOptimizer,f0_only_biased,SBOX-COST,,error
595511eb-162d-4daf-b053-235360fa0c69,HybridPSODE,f0_only_biased,SBOX-COST,0.1910289479001033,ok
595aa6fe-e26b-4e30-be52-2ff1c34793c2,HybridPSOSA,both_biased,SBOX-COST,0.10530075309030876,ok
59697a16-3dbd-4c8d-8465-c982add0ba18,EnhancedDynamicEvoPSO,f0_only_biased,SBOX-COST,0.11795020810680701,ok
597fe817-1dc0-42b7-99eb-b34497b35c5f,CollaborativeSwarmSearch,f0_only_biased,SBOX-COST,0.2430658120234465,ok
59800581-71c3-4e6e-b9af-92888d31d7c0,HybridPSODE,f0_only_biased,SBOX-COST,0.15945465654611335,ok
59841d94-c5ac-47c6-92cf-594ecf1e8f59,ChaosEnhancedAdaptiveHybridSwarm,f0_only_biased,SBOX-COST,0.11165479992557793,ok
5988fcd5-f171-458a-8c6f-45d1b2d0d8cc,EnhancedAdaptiveCulturalSwarmOptimizer,f0_only_biased,SBOX-COST,0.11048507591527605,ok
598c8a72-732f-485c-963c-8bde195aa7d1,AdaptiveSwarmGradientDescent,f0_only_biased,SBOX-COST,0.18356192685883127,ok
599bf456-b3d9-475a-8f91-38b9345836c5,DynamicSwarmOptimizer,f0_only_biased,SBOX-COST,0.14188070928115798,ok
59a46bd7-d3f4-48b9-a3a8-56c387d3c023,EnhancedHybridPSO_DE,f0_only_biased,SBOX-COST,0.13879789235207177,ok
59a63354-28fd-4395-b065-05f2c2ca6de9,HybridPSO_DE,f0_only_biased,SBOX-COST,0.15204842012329894,ok
59b5bf1f-2376-4bc0-a11f-5fa61e48b6cc,HybridPSO_DE,f0_only_biased,SBOX-COST,0.11596208249842371,ok
59c35537-9eb7-4aa8-adb9-5333ca8b65e1,EnhancedAdaptiveSwarmGradientDescent,f0_only_biased,SBOX-COST,0.1262938360732972,ok
59d48f82-05e2-4b6d-bc77-2dc3ab5b259c,EnhancedHybridPSODE_AdaptiveInertiaMutation,f0_only_biased,SBOX-COST,0.19498391894026557,ok
59d782c7-e789-4562-bed7-e6c94ee4defc,AdaptiveHybridPSODE,f0_only_biased,SBOX-COST,0.15875421747517426,ok
59d7e7a1-b977-4cd7-83be-6cd94e6b21f5,QuantumInspiredAdaptiveMomentumPSO_DE,f0_only_biased,SBOX-COST,0.18221399393687432,ok
59de2180-49d4-4633-a8d6-3975dc027204,HybridPSODE,f0_only_biased,SBOX-COST,0.17711431677982153,ok
59e42fca-60f5-41a6-ad50-4269132442aa,EnhancedNAPSO,f0_only_biased,SBOX-COST,0.22099735349656008,ok
59fda245-d099-482a-80f1-dc40a27ade92,EnhancedMemorySwarm,both_biased,SBOX-COST,,error
5a0d52f6-514b-47c2-a1c1-1bee05d2db88,EnhancedAdaptiveSwarmGradientDescent,f0_only_biased,SBOX-COST,0.19482564778374656,ok
5a22f057-17a2-4caa-9f13-64e3da15cac6,ChaoticSwarmOptimizer,f0_only_biased,SBOX-COST,0.1797254275150405,ok
5a46038b-881e-4139-b3f0-53c5b9d0a12d,PSO_DE_Hybrid,f0_only_biased,SBOX-COST,0.1243042670952642,ok
5a4b3d93-3f17-45b9-a2c0-928f7ab839c9,ChaosEnhancedAdaptiveHybridSwarm,f0_only_biased,SBOX-COST,0.14045829347420125,ok
5a511f0a-65e8-4c83-a08c-c4e7641daa84,HybridPSODE,both_biased,SBOX-COST,0.20134829496253093,ok
5a56637a-1f5a-4e2f-8c1c-fa9afbfe22bd,CollaborativeSwarmSearch,f0_only_biased,SBOX-COST,0.17918592852466303,ok
5a7be9fe-a107-49c1-b533-68f6173a5c4e,PSODEOptimizer,f0_only_biased,SBOX-COST,0.06770867988370094,ok
5a7e9c57-d953-4fe8-9d1d-bef54f3b5b6b,EnhancedAdaptiveQuantumHybridPSO_DE,f0_only_biased,SBOX-COST,0.13485724607436772,ok
5a87cc9c-c083-415a-b662-b1c6cb611d5a,HybridPSODE,f0_only_biased,SBOX-COST,0.20189698401053258,ok
5aa437f4-0021-42a2-b138-8180eda18661,SynergisticSwarmHeatmapDiversification,f0_only_biased,SBOX-COST,,partial
5aa98255-4fa1-43a8-b64a-892ed471d03b,AdvancedMultiStrategyPSODE,both_biased,SBOX-COST,0.17045845725622533,ok
5aad89db-af1b-4b0f-91c8-9b1a624c2890,AdaptiveSwarmGradientDescent,neither_biased,SBOX-COST,0.11794188358345162,ok
5ab6f9a7-c465-4982-9fa5-3874725a322b,HybridPSODE,f0_only_biased,SBOX-COST,0.11030575329090521,ok
5acd1e35-464e-4c68-a343-96ca4b8883fc,AdvancedNAPSO,f0_only_biased,SBOX-COST,0.18219605486094542,ok
5ad954a6-9380-46a2-806c-3752daab8c34,EnhancedDAPSO,both_biased,SBOX-COST,0.12889102820434165,ok
5afe8d62-602b-4299-be8b-371df8cf43b4,EnhancedAdaptiveSwarmGradientDescent,f0_only_biased,SBOX-COST,0.1481550705420367,ok
5b02416a-18d3-48c0-92fd-00082042bd09,EnhancedAdaptiveSwarmGradientDescent,f0_only_biased,SBOX-COST,0.2159048654194634,ok
5b135b96-bfa5-42e9-b29f-06803956d407,HybridPSODEPlusPlus,f0_only_biased,SBOX-COST,0.20697910957175944,ok
5b2ccab7-36cc-479b-bd8d-df48952f9575,HybridPSODE,both_biased,SBOX-COST,0.1721983957296861,ok
5b55595f-09de-49de-8880-db5e6ed3ccdc,AdaptiveSwarmHarmonyOptimization,f0_only_biased,SBOX-COST,0.1633291808387897,ok
5b883c6e-fc1e-4db0-9128-9aa57fe25d6c,AdaptiveSwarmHarmonyOptimization,f0_only_biased,SBOX-COST,0.14159442029044111,ok
5b9cc349-241a-4913-8471-86947de4c6b7,EnhancedNAPSO,f0_only_biased,SBOX-COST,0.12463255569966157,ok
5baa7250-7a56-4272-82cf-f1046bbce31a,EnhancedAdaptiveSwarmGradientDescent,f0_only_biased,SBOX-COST,0.20826441458564213,ok
5bb9b3a9-8627-4cb6-bcb8-ca598764b378,EnhancedAdaptiveSwarmGradientDescent,neither_biased,SBOX-COST,0.17282954849730914,ok
5c01e1e8-7ebb-4adb-8c8b-cdc46f066722,AdaptiveEliteDEPSO,f0_only_biased,SBOX-COST,0.13294574705531392,ok
5c027421-2e9d-411c-9636-72953a17ec6a,DynamicSwarmOptimizer,f0_only_biased,SBOX-COST,0.20358879207216224,ok
5c08a2c8-7365-4ace-b40d-7fbaafc9f350,AdaptiveSwarmGradientDescent,f0_only_biased,SBOX-COST,0.215554120838515,ok
5c0ee661-816c-4011-a2ee-4a5807542f4d,HybridPSODE,f0_only_biased,SBOX-COST,0.12121575710199561,ok
5c11cfe5-0e0e-427a-b37d-cf99551ac960,ChaosEnhancedAdaptiveHybridSwarm,f0_only_biased,SBOX-COST,0.1322615423669025,ok
5c34e0c7-d756-41bd-8b8e-b5a8f563dcf7,EnhancedAdaptiveSwarmGradientDescent,f0_only_biased,SBOX-COST,0.2053475438529736,ok
5c44e08e-0981-4544-8bb4-d7ceffb1ae72,AdaptiveSwarmOptimizer,f0_only_biased,SBOX-COST,0.17546070587813634,ok
5c49fc1b-2497-4ce3-8c5e-96bddb871fea,EnhancedHybridPSODE,both_biased,SBOX-COST,0.18035642799140628,ok
5c511255-cfb9-4559-acd7-450d69b912ab,AdaptiveSwarmGradientDescent,f0_only_biased,SBOX-COST,0.14081645283867458,ok
5c9b2e0c-bbf0-4883-ae95-72f08515d9fd,CollaborativeSwarmSearch,f0_only_biased,SBOX-COST,0.2037752401606348,ok
5cac4c0c-0e7f-43de-aa6c-3cda26bdc177,HybridPSO_DE,f0_only_biased,SBOX-COST,0.15399631091987015,ok
5cb24586-4d33-4b62-ad21-27f3b121cd2d,SwarmOptimizer,f0_only_biased,SBOX-COST,0.20764096362966433,ok
5cbd0aa9-cf88-43b9-9acf-d3de97fb638f,HybridPSODE,both_biased,SBOX-COST,0.18442884728791953,ok
5cd17e65-80b4-436c-9b0e-88bd5bee25d2,AdaptiveSwarmGradientDescent,f0_only_biased,SBOX-COST,0.21771224047089122,ok
5cde9a52-5f1e-4131-8c2a-8e4ab83a9743,HybridPSODE,both_biased,SBOX-COST,0.20853235428750433,ok
5ceaf4c6-87b2-4023-837e-bd5d29422a34,HybridPSODE,neither_biased,SBOX-COST,0.10968382718031816,ok
5ceceee8-34d0-4e81-b156-c472fe7371db,AdaptiveSwarmOptimizer,f0_only_biased,SBOX-COST,0.10517171350995594,ok
5cf7c3df-0d04-4005-b1bf-80f95c8f1130,ChaosEnhancedAdaptiveHybridSwarm,f0_only_biased,SBOX-COST,0.12339967138551557,ok
5d022273-7618-42d3-97aa-f607c4802644,HybridPSODE,both_biased,SBOX-COST,0.21566488459864563,ok
5d134a9f-92b2-4bb3-8e99-1c90c7b30d6a,AdaptiveMultiPhasePSODE,f0_only_biased,SBOX-COST,0.10143778268625742,ok
5d322e1a-0557-4f91-99c3-79f8ceaf128a,AdaptiveSwarmOptimizer,f0_only_biased,SBOX-COST,0.17522227451483513,ok
5d3dde4d-c322-403d-9a03-48d6dfa2caf0,HybridPSODE,f0_only_biased,SBOX-COST,0.12426657716503353,ok
5d454166-0ab8-4915-9a29-61bbe6c568e9,EnhancedHybridDEPSO,f0_only_biased,SBOX-COST,0.14742368787559246,ok
5d4b5201-f19e-4c31-add5-66c1a3aab368,HybridPSODE,both_biased,SBOX-COST,0.19455248876407372,ok
5d5228bc-f748-464a-9b10-4ef49ead70b6,AdaptiveSwarmGradientDescent,neither_biased,SBOX-COST,0.13651749631210172,ok
5d6d28b7-f14b-47c9-82cd-2bfa9eb2dfc6,HybridPSO_DE,f0_only_biased,SBOX-COST,0.1411202070147376,ok
5d9d579f-bf9c-4cb1-80b1-be420118f460,AdaptiveDynamicSwarmOptimizer,f0_only_biased,SBOX-COST,0.20536244737750298,ok
5daa1c04-c6ea-4992-9af9-293b7bafd43d,HybridPSO_DE,f0_only_biased,SBOX-COST,0.15357967362647323,ok
5db95710-ab0b-41d1-91f6-25ec945d444c,HybridPSODE,both_biased,SBOX-COST,0.1839338100081984,ok
5dcc19b9-6f0e-4b29-a8e1-6f1edad0da29,HybridPSOSA,both_biased,SBOX-COST,0.10978583986049897,ok
5dd31a35-cb79-416a-b7e7-89a3a91b4977,AdaptiveSwarmGradientDescent,f0_only_biased,SBOX-COST,0.14018325917508956,ok
5e214ff2-dae3-458b-9dde-4adfc97e5a0c,HybridPSODE,f0_only_biased,SBOX-COST,0.16213822109082837,ok
5e2af7c6-a15f-4f6a-bea0-0666ad38ed07,PSO_DE_Hybrid,f0_only_biased,SBOX-COST,0.158087209017356,ok
5e79086b-0b96-4707-b470-cad5c5222c41,AdaptiveSwarmHarmonyOptimization,f0_only_biased,SBOX-COST,0.17581894471576348,ok
5e790e50-bb26-41fe-bd44-6ebe6bf33203,AdaptiveSwarmHarmonySearch,neither_biased,SBOX-COST,0.13697983310707101,ok
5e907f77-c8b4-4d72-9a87-2c8ec7cafbaa,HybridPSO_DE,f0_only_biased,SBOX-COST,0.06903188714262933,ok
5eb1cadf-20bd-462f-b978-ac80915c8b5a,EnhancedHybridPSODE,f0_only_biased,SBOX-COST,0.17562391923140191,ok
5ec42d4a-c47e-4542-b8d0-8a4ae6fe90e1,AdaptiveSwarmGradientDescent,f0_only_biased,SBOX-COST,0.21752416538622701,ok
5ec51c11-b482-4df7-aefe-648b382cebda,HPSO_ADE_Enhanced,both_biased,SBOX-COST,0.14273939975743377,ok
5ee9d58d-7af2-4a36-8aac-d17c2e041be4,AdaptiveHybridPSO_GA,f0_only_biased,SBOX-COST,0.11407774603153975,ok
5eee0627-ae1c-4b03-bfa0-8fcf60da7827,AdaptiveSwarmGradientDescent,f0_only_biased,SBOX-COST,0.1513453780935291,ok
5effba22-9d38-4622-928f-255974b44768,HybridPSO_DE,f0_only_biased,SBOX-COST,0.14280630978628023,ok
5f0fbe29-1409-4e1a-b605-16c21eb49628,EnhancedDAPSO,both_biased,SBOX-COST,0.14272852025244226,ok
5f29b94f-afc8-453a-85e6-6a7f550b733f,EnhancedDAPSO,both_biased,SBOX-COST,0.13482215630086852,ok
5f39119f-8c41-4096-bc42-68e96edd9bc4,AdaptiveSwarmOptimizer,f0_only_biased,SBOX-COST,0.17077984060912113,ok
5f497775-6565-4938-8619-37a3350aa610,AdaptiveSwarmGradientDescent,f0_only_biased,SBOX-COST,0.194682203033798,ok
5f536bfb-cc11-41fe-ab68-522dfe8a2354,AdaptiveSwarmGradientDescent,f0_only_biased,SBOX-COST,0.15482736260386218,ok
5f6dce22-f385-4fb4-ad08-52e12e849f9a,EnhancedAdaptiveSwarmGradientDescent,neither_biased,SBOX-COST,0.15183266040971735,ok
5f7e0729-6b4e-471d-8c44-cf330a57d796,EnhancedAdaptiveQuantumHybridPSO_DE,f0_only_biased,SBOX-COST,0.15226070817376403,ok
5f96b0cd-8eef-4495-be14-16b319d488cc,ChaosEnhancedAdaptiveHybridSwarm,f0_only_biased,SBOX-COST,0.10701275664518478,ok
5fb17cfa-85dd-43b8-9436-e38d8d2701c3,PSODEOptimizer,both_biased,SBOX-COST,0.06615414237207821,ok
5fb4a302-5051-46da-84ea-99b2e5f5aded,EnhancedHybridPSODE,f0_only_biased,SBOX-COST,0.18821424911690154,ok
5fc0b0cd-9f8c-4162-abb9-1174e6705d27,AdaptiveSwarmOptimizer,f0_only_biased,SBOX-COST,0.1661733026735101,ok
5fce222b-2281-4b98-bed3-39602ce876a5,RefinedHybridPSODE,f0_only_biased,SBOX-COST,0.12887375519766137,ok
5fd19f41-0a63-4031-ba86-524ad4beea6a,DynamicSwarmOptimizer,f0_only_biased,SBOX-COST,0.17943273125512804,ok
60069456-66f3-4809-bc1e-d04ead6dd5b3,QuantumInspiredAdaptiveHybridPSO_DE,f0_only_biased,SBOX-COST,0.14871163178436844,ok
60096af8-ec1d-421c-9fdb-7e55a4c463ed,HybridPSOSA,both_biased,SBOX-COST,0.10868365932165566,ok
600e6a77-fc7b-4ebc-8277-7196a23cbfc6,AdaptiveSwarmGradientDescent,neither_biased,SBOX-COST,0.1613708297525984,ok
601448a5-4559-4387-a306-ac219f0ba849,HybridPSOSA,neither_biased,SBOX-COST,0.1175894958089695,ok
601ce281-f27a-459b-b266-c36722e078cc,CollaborativeSwarmSearch,f0_only_biased,SBOX-COST,0.09422987450740476,ok
602241d4-ea2c-448c-9670-a382fcbe7b23,ImprovedHybridSwarm,both_biased,SBOX-COST,0.16749539302445368,ok
6032227e-2b15-4373-8393-3e1455ee4823,EnhancedAdaptiveSwarmGradientDescent,f0_only_biased,SBOX-COST,0.1673090926796526,ok
604a9223-ce8b-456a-85e4-8ae2003388e2,AdaptiveSwarmGradientDescent,neither_biased,SBOX-COST,0.15048534422225146,ok
60523c78-2566-4fe0-b24a-1d3849718559,PSODEOptimizer,f0_only_biased,SBOX-COST,0.06835090065910535,ok
605864ce-1be6-427a-97d6-0bc52b49f27b,HybridPSODE,both_biased,SBOX-COST,0.19769040919019282,ok
607583c9-d8b3-4f4c-a88a-ec9954b23a46,AdaptiveSwarmGradientDescent,f0_only_biased,SBOX-COST,0.13699284453542485,ok
60762dfb-eba6-4d5f-9843-7882a014258f,SwarmOptimizer,f0_only_biased,SBOX-COST,0.1184798072135813,ok
608aa1d6-7884-487f-bb43-ec5ed3fdebda,DynamicSwarmOptimizer,f0_only_biased,SBOX-COST,,error
609427a4-1b63-4469-9b25-d1f5eaf186f2,EnhancedAdaptiveSwarmGradientDescent,neither_biased,SBOX-COST,0.12093814634977298,ok
6094f493-9308-4dbf-b565-dd70a9b24c04,HybridPSO_DE,f0_only_biased,SBOX-COST,0.13967805405955735,ok
60b78be9-7931-4be3-a42c-3f849fc09acd,HybridPSODE,both_biased,SBOX-COST,0.2117440607168271,ok
60c2a409-d96a-4ba5-a041-748a7673b581,DynamicSwarmOptimizer,f0_only_biased,SBOX-COST,0.13508109545905414,ok
60f5808d-2e03-4b39-97e2-6bbd983bec03,EnhancedAdaptiveSwarmGradientDescent,f0_only_biased,SBOX-COST,0.17748364336625536,ok
61198a4a-6b16-41a4-b430-0150b9c4b6f8,EnhancedAdaptiveSwarmGradientDescent,neither_biased,SBOX-COST,0.15524105849356573,ok
612e590b-5eff-4701-aae1-3653d48886bd,AdaptiveSwarmOptimizer,both_biased,SBOX-COST,0.12483019016218273,ok
613aab66-8c13-456a-9009-c8091b1506b5,DynamicSwarmOptimizer,f0_only_biased,SBOX-COST,0.18761624669304916,ok
6180f60a-4578-439e-9b06-75f4d67fd365,AdaptiveSwarmOptimizer,neither_biased,SBOX-COST,0.09548683658140351,ok
619f4669-5856-45e4-9d07-14219fccb1fa,HybridPSODE,f0_only_biased,SBOX-COST,0.21356026353009738,ok
61b1d167-f2d1-4326-8091-94a4ccf35a18,AdaptiveSwarmOptimizer,f0_only_biased,SBOX-COST,0.17375579342234404,ok
61b8b7c8-a76c-4100-a1b9-122a927a3aee,AdaptiveSwarmGradientDescent,f0_only_biased,SBOX-COST,0.18034184382293583,ok
61cb54f6-bfa5-4cfc-92b8-aee215e9dd56,EnhancedNAPSO,f0_only_biased,SBOX-COST,0.21435533426245856,ok
61cc1040-0a9a-4b28-81fd-e54abe58650a,CollaborativeSwarmSearch,f0_only_biased,SBOX-COST,0.2455052601987821,ok
61d207ed-90b6-4bd5-9888-91aadae63e51,EnhancedEvoPSO,f0_only_biased,SBOX-COST,0.1260233076835472,ok
61fc7e2f-47ca-4e45-b4fe-2276e02d8bfe,HybridPSODE,f0_only_biased,SBOX-COST,0.16955563686554664,ok
6217651d-d382-409c-bb87-ca2965c2e188,AHSO_ChaoticAdaptive,f0_only_biased,SBOX-COST,0.11160972311261075,ok
6233ad50-e1eb-4020-9552-00d711896b6f,EnhancedAdaptiveSwarmGradientDescent,f0_only_biased,SBOX-COST,0.1906215132162224,ok
626075d6-b9e3-47d7-83a2-8332865add49,EnhancedAdaptiveSwarmGradientDescent,f0_only_biased,SBOX-COST,0.16356831745210385,ok
626c3ac3-7e35-4192-a3df-a0bf2107c253,EnhancedAdaptiveCooperativeSwarm,both_biased,SBOX-COST,0.1079343391602593,ok
62b6b227-b6eb-49ca-81e9-4f0ace17865b,EnhancedDynamicSwarmDE,f0_only_biased,SBOX-COST,0.0735568687824643,ok
62d960cd-af20-412c-89ae-32f521e1bf54,RefinedDynamicSwarmDE,both_biased,SBOX-COST,0.06904326457047105,ok
62e499b9-2eb6-4504-b753-20b0c161b1fe,HybridPSOSA,both_biased,SBOX-COST,0.1173501669715483,ok
62ebdf84-cb19-44c3-9d8b-0eda3dad5c8f,MultiScaleChaosEnhancedSwarm,f0_only_biased,SBOX-COST,0.11412914192776752,ok
62f6b34c-c538-4a8a-8431-2156cc9a3ab8,HybridPSODE,both_biased,SBOX-COST,0.18124449068410192,ok
632213c7-497a-4319-85a1-9fb565e7dc5f,EnhancedAdaptiveSwarmGradientDescent,f0_only_biased,SBOX-COST,0.1825122323257544,ok
6353cee3-6ac8-4aea-8b80-6dadf9f6b61c,HybridPSODE,neither_biased,SBOX-COST,0.10526326096273023,ok
63763b23-4ca2-4abd-a06a-48f36c69969d,AdaptiveSwarmGradientDescent,f0_only_biased,SBOX-COST,0.18490573956119338,ok
63b917b4-bb8a-4122-94fc-607fe7396285,HPSO_ADE_Enhanced_v2,f0_only_biased,SBOX-COST,0.11812992707286732,ok
63c35193-5c34-49b2-88f6-ff7055a83117,AdaptiveSwarmOptimizer,f0_only_biased,SBOX-COST,0.17278193247654855,ok
63c67837-9d2d-4da5-b272-49f720ba7305,HybridPSODE,f0_only_biased,SBOX-COST,0.14823840582523795,ok
63d53438-f25c-45cf-853d-9a601d3ba3b2,AdaptiveSwarmGradientDescent,f0_only_biased,SBOX-COST,0.17564484597666968,ok
63db6f79-8ca8-45ea-be78-98d3494cccff,HybridPSO_DE,f0_only_biased,SBOX-COST,0.1431965410755887,ok
63ef10fe-c33f-49d8-8c52-e6ceb3645c56,EnhancedHybridPSO_GA,f0_only_biased,SBOX-COST,0.1484492094247934,ok
63fd9189-8423-40b5-a00a-e01020c1bb9b,PSODEOptimizer,f0_only_biased,SBOX-COST,0.06656530298449971,ok
640a5ecd-db22-4635-920c-09aa9df487b0,AdaptiveSwarmGradientDescent,f0_only_biased,SBOX-COST,0.1867419763006436,ok
640dac1c-b238-4561-93a0-03cda794a409,HybridPSODE,f0_only_biased,SBOX-COST,0.21813146542891376,ok
642568f2-f244-46b0-a991-e9f85b0bfd89,HybridEnhancedParticleSwarmACGR,neither_biased,SBOX-COST,0.14833837434544106,ok
642e09e6-adda-47df-b0e7-da7bab752ec8,AdaptiveSwarmGradientDescent,neither_biased,SBOX-COST,0.11965399125078457,ok
6439431a-c98e-4577-985f-5f11d0b28563,PSO_DE_Hybrid,f0_only_biased,SBOX-COST,0.21132874195852408,ok
6456ea07-3f48-4946-b7df-b9a2e82e9e83,PSODEOptimizer,f0_only_biased,SBOX-COST,0.0689566513234563,ok
647ae4dc-0d80-4982-b7ad-ca7902deb218,AdaptiveQuantumSwarmPerturbation,f0_only_biased,SBOX-COST,0.13609502119707048,ok
6490abaa-4c3e-4260-8c55-efee8a192a0a,NovelMetaheuristicOptimizer,f0_only_biased,SBOX-COST,0.16265829569450116,ok
64e2f682-91bb-4282-9a29-eb7f8cba18e2,PSO_DE_Hybrid,f0_only_biased,SBOX-COST,0.1929455450031468,ok
64e7f93f-fa58-4129-b6cd-dba411bf12bb,DynamicSwarmOptimizer,f0_only_biased,SBOX-COST,,error
65011a29-3525-48a0-9d64-40989a58d921,AdaptiveSwarmGradientDescent,f0_only_biased,SBOX-COST,0.16892814799186895,ok
65142aed-1b36-4157-adf9-80ce00e5973e,AdaptiveSwarmGradientDescent,neither_biased,SBOX-COST,0.12408190842422737,ok
65330df6-111f-404a-937a-004227602610,EnhancedAdaptiveQuantumHybridPSO_DE,f0_only_biased,SBOX-COST,0.17225864298875904,ok
6536e600-be3c-479d-99fe-fa898aa5e8a7,EnhancedChaosAdaptiveHybridSwarm,f0_only_biased,SBOX-COST,0.12139451785602043,ok
65726fcf-9cf5-4200-9f75-435bb81f0591,PSODEOptimizer,f0_only_biased,SBOX-COST,0.07391680497729237,ok
6573ce50-93e9-498e-a318-448475c7e2ce,ImprovedEnhancedNAPSO,f0_only_biased,SBOX-COST,0.1953258663097816,ok
65816c54-b49d-49eb-a30d-1d232453f933,AdaptiveSwarmGradientDescent,f0_only_biased,SBOX-COST,0.12858603460428084,ok
65832578-4c62-4d6d-ab2f-af522b14a8ec,AdaptiveCooperativeSwarm,both_biased,SBOX-COST,0.1690019526990485,ok
659c069b-e895-45a3-b419-63a7dcc5a36e,EnhancedHybridDEPSO,f0_only_biased,SBOX-COST,,partial
65a2d032-b7a3-4f85-bd83-6da92b37f49f,ImprovedHybridDifferentialEvolutionPSO,both_biased,SBOX-COST,0.16739447775286753,ok
65a577b8-4c05-4a37-bcb2-7dd75a7a8a9b,AdaptiveDynamicEvoPSO,f0_only_biased,SBOX-COST,0.13440640195253933,ok
65bb201b-0aa1-4e78-840c-3e8d74aa1664,HybridPSO_GA,f0_only_biased,SBOX-COST,0.1295678908349508,ok
65f48bf2-9771-4ccc-909b-2ff1da9b34ef,HybridPSO_DE,f0_only_biased,SBOX-COST,0.12835292486041505,ok
65f55ede-afda-49ef-a238-48b5dcdf9795,AdaptiveHybridPSO_GA,f0_only_biased,SBOX-COST,,partial
65f98d84-2bc5-4923-b2d0-ad76874d4681,CollaborativeSwarmSearch,f0_only_biased,SBOX-COST,0.21274403766386896,ok
662024d5-6bad-476f-b080-724099be052d,HybridPSODE,both_biased,SBOX-COST,0.18017819652957942,ok
6656dd32-13f0-4ef4-9fd4-346f60909ada,EnhancedNAPSO,f0_only_biased,SBOX-COST,0.19413459821833626,ok
6661a016-67db-4082-a694-89c265d04eeb,EnhancedLevyChaosPSO,both_biased,SBOX-COST,0.08633264627069875,ok
666a19dd-5a9d-4e76-92d9-2d9f32ba3539,DynamicAdaptiveSwarmDE,f0_only_biased,SBOX-COST,0.07565956362900686,ok
667563ac-c6c2-49d3-8dd1-430245f17a66,HybridPSOSA,both_biased,SBOX-COST,0.11166930322568522,ok
6676e3f2-6199-48a4-9a34-0008ff1c9aef,SwarmOptimizer,f0_only_biased,SBOX-COST,0.17236404800987748,ok
6686202d-a3b4-46da-a595-f6fff567b72a,AdaptiveSwarmGradientDescent,f0_only_biased,SBOX-COST,0.18893597377683213,ok
668623e6-8058-45c6-96a1-5c856b2e7957,EnhancedAdaptiveSwarmGradientDescent,neither_biased,SBOX-COST,0.1843164294821837,ok
66870fa9-072b-400d-9ea4-595d754b4bdf,AdaptiveSwarmHarmonyOptimization,f0_only_biased,SBOX-COST,0.1866218420423543,ok
6698cb78-94f7-4f8a-8869-a654adea0ed4,AdaptiveSwarmGradientDescent,f0_only_biased,SBOX-COST,0.20733915863081154,ok
669f9782-39d9-48e8-80a8-e05952658790,EnhancedMultiStrategyOptimizer,both_biased,SBOX-COST,0.12759775684089109,ok
66b2d071-a302-48f9-890d-8b958b18f64c,AdaptiveSwarmGradientDescent,f0_only_biased,SBOX-COST,0.20142854115584286,ok
66bd6318-b9bb-4059-ab33-8f482a2a6b86,HybridPSOSA,both_biased,SBOX-COST,0.11754685026942359,ok
66e62081-7333-4d66-b781-3dbf046997ad,HybridPSODE,f0_only_biased,SBOX-COST,0.2064121623876991,ok
6715a6cc-529d-4c78-9732-a82baf9e4f38,AdaptiveSwarmGradientDescent,f0_only_biased,SBOX-COST,0.21212487601558186,ok
6716b339-106a-4fe6-917a-aed9650b9b06,AdaptiveSwarmGradientDescent,f0_only_biased,SBOX-COST,0.20534819595391912,ok
67208eea-2da4-4fd9-b130-d05d5b5e4998,AdaptiveSwarmGradientDescent,neither_biased,SBOX-COST,0.1768311449788642,ok
672539aa-97c8-4358-b388-ab1d2612a423,ChaosEnhancedAdaptiveHybridSwarm,f0_only_biased,SBOX-COST,0.11432406775202342,ok
673dd190-2f4b-4dbd-b2d8-5889bdc97f21,SwarmOptimizer,f0_only_biased,SBOX-COST,0.10825189239412783,ok
6767a991-dbee-4877-bdde-41a13487da4f,HybridPSO_DE,f0_only_biased,SBOX-COST,0.07186275899384392,ok
6775cfc2-c15f-4c7f-828c-2068858b5221,AdaptiveSwarmOptimizer,neither_biased,SBOX-COST,0.12032629357773038,ok
678a0ca4-31d2-449d-a745-bc7314944dcf,HybridPSOSA,both_biased,SBOX-COST,0.11999795230771897,ok
67ab1f2e-ff1a-4aa1-925b-ed7c9929a1ef,CollaborativeSwarmSearch,f0_only_biased,SBOX-COST,0.16711839192214428,ok
67bff410-a9b1-44bd-bf73-c4d19bcb5b22,HPSO_ADE_AdaptiveNeighborhood,both_biased,SBOX-COST,0.1707647249059592,ok
67cadea9-d784-48f2-8ce7-1405fa7c9b25,HybridPSODE,both_biased,SBOX-COST,0.22450154205124878,ok
67e538e2-ddf5-4f6c-aaa8-a95278aecc04,DynamicSwarmOptimizer,f0_only_biased,SBOX-COST,,error
67f223c4-6012-4d3d-8c06-fb159525f2cd,EnhancedHybridPSO_DE,f0_only_biased,SBOX-COST,0.1514870172366781,ok
680b599f-73ad-46ff-b529-29dc536a2da7,EnhancedAdaptiveSwarmGradientDescent,f0_only_biased,SBOX-COST,0.1666804985037812,ok
6813be18-f779-4820-a51e-d2696a17c869,EnhancedAdaptiveChaosPSOWithLevyAndMutation,both_biased,SBOX-COST,0.08612866684081905,ok
6822b53a-49c4-4472-85e8-2e29bde31f76,PSO_DE_Hybrid,f0_only_biased,SBOX-COST,0.15689056358395356,ok
6824b348-a01b-43f8-94a1-2ab0222afa10,AdaptiveSwarmGradientDescent,f0_only_biased,SBOX-COST,0.12971830196397582,ok
685238d2-55d1-4ff0-ac0e-7f471d535d7d,HybridDynamicPSO,f0_only_biased,SBOX-COST,0.11101216215103943,ok
68567a6d-cdba-4cd3-840f-0086f27d5c80,RefinedDynamicChaosPSODE,both_biased,SBOX-COST,0.13365662019756783,ok
688ab52f-1290-424a-8768-45d2c61dc5ae,AdaptiveSwarmHarmonyOptimization,f0_only_biased,SBOX-COST,0.15848550175051218,ok
68949a91-d6e6-4e6b-8222-69c53a762bd5,AdaptiveSwarmGradientDescent,f0_only_biased,SBOX-COST,0.18580838932407845,ok
68aebfc7-e709-4f98-a10f-24160c55ff6b,EnhancedNAPSO,f0_only_biased,SBOX-COST,0.14605961889970687,ok
68bddc87-cd40-46ae-bd71-17ee2f33476d,PSO_DE_Hybrid,f0_only_biased,SBOX-COST,0.14193684366170245,ok
68c05968-293c-475c-8e9e-d359f72ece60,AdaptiveSwarmGradientDescent,f0_only_biased,SBOX-COST,0.14538764668759058,ok
68c1f9b6-50ec-43d3-883d-adb8504090c7,EnhancedHybridPSODE,f0_only_biased,SBOX-COST,0.1834593944882791,ok
68d2de8a-b691-4c49-9ba6-d56de02bd17c,AdaptiveSwarmGradientDescent,neither_biased,SBOX-COST,0.13962871440612307,ok
68e5a71f-9aa2-4d5f-955a-6be924cf96f4,PSODEOptimizer,f0_only_biased,SBOX-COST,0.07195928467844509,ok
68f61ca5-bbd5-43a9-ab45-551cea5a8058,AdaptiveSwarmGradientDescent,f0_only_biased,SBOX-COST,0.14458551989539326,ok
69012d68-93c8-4929-ae7f-004d0ac1ddbf,HybridPSODE,f0_only_biased,SBOX-COST,0.21080586959665204,ok
691219e3-148e-41a7-8dc4-dbc1a1f241ba,EnhancedDAPSO,both_biased,SBOX-COST,0.11807701715296375,ok
691fd3ff-b0d5-47ba-a73f-d108aedc0723,EnhancedAdaptiveSwarmGradientDescent,f0_only_biased,SBOX-COST,0.179038509024719,ok
69239e10-763b-4577-ae0a-576f9dcf0b5f,EnhancedAdaptiveSwarmGradientDescent,f0_only_biased,SBOX-COST,0.21610800157593463,ok
6956071b-658d-4e8c-8000-b542961b2fc6,EnhancedAdaptiveSwarmGradientDescent,f0_only_biased,SBOX-COST,0.23911859628899257,ok
695d3f96-71c6-46c6-86a4-f8e196464837,SwarmOptimizer,f0_only_biased,SBOX-COST,0.20264353767980436,ok
695e2d58-a73a-434c-a2c4-377f5c82b35d,EnhancedAdaptiveSwarmGradientDescent,f0_only_biased,SBOX-COST,0.1916392813594688,ok
69636af4-241f-4bd0-b02f-88664aa0bb0e,AdaptiveDynamicEvoPSO,f0_only_biased,SBOX-COST,0.12195021306844821,ok
69a5bbc7-7db1-4709-847c-2d85cf1ca445,PSODEOptimizer,f0_only_biased,SBOX-COST,0.06799902644356118,ok
69b0e08d-4e2c-4a3a-aee8-f44701ef11f5,HybridPSODE,f0_only_biased,SBOX-COST,0.13699271939261262,ok
69bc926d-6d21-40a3-85ad-45ef0dbfbcbe,AdaptiveHybridPSO_GA,f0_only_biased,SBOX-COST,0.11146579699896954,ok
69cd5971-d5e1-467c-be39-e4aa51578c2d,AdaptiveDynamicEvoPSO,f0_only_biased,SBOX-COST,0.13578350681162896,ok
69e95054-4aa4-4501-a2e6-75658c5340da,EnhancedDynamicSwarmDE,f0_only_biased,SBOX-COST,0.07454758602729675,ok
69ef3135-0cc8-4633-8a5a-49b302f23a90,EnhancedAdaptiveSwarmGradientDescent,f0_only_biased,SBOX-COST,0.17664166632952627,ok
69f9863e-ea44-4f8d-94f0-029fa1e943d3,ChaosEnhancedAdaptiveHybridSwarm,f0_only_biased,SBOX-COST,0.1161771553030359,ok
6a0efa23-fb85-4721-8142-0a1f3252809a,EnhancedHybridPSODE,f0_only_biased,SBOX-COST,0.2222733862000439,ok
6a117e4f-2066-4207-be0b-48b5573ded66,DynamicSwarmOptimizer,f0_only_biased,SBOX-COST,,error
6a25e669-8896-4a64-b625-564eaff86b9b,CollaborativeSwarmSearch,f0_only_biased,SBOX-COST,0.23303789333649175,ok
6a38dec0-b86c-4c34-b06d-854bd7fd3980,ChaosEnhancedAdaptiveHybridSwarm,f0_only_biased,SBOX-COST,0.14227370791712923,ok
6a4afe0d-77d9-4999-b588-bc3daef161da,PSO_DE_Hybrid,f0_only_biased,SBOX-COST,0.19640278728609928,ok
6a4cc70f-aa3e-4c01-90cb-4a5ef109ac29,AdaptiveMultiPopulationMetaheuristic,f0_only_biased,SBOX-COST,0.17288797406587086,ok
6a955d94-32de-4d94-aaea-e446c5dc2f7a,CollaborativeSwarmSearch,f0_only_biased,SBOX-COST,0.11685696716999203,ok
6a985a81-48ea-4030-964e-4dd2ad5b1988,HybridPSODE,f0_only_biased,SBOX-COST,0.14062775615575168,ok
6a9fc8ea-f08d-4248-956c-af9c7b1e0cde,AdaptiveQuantumHybridPSO_DE,f0_only_biased,SBOX-COST,0.1468589150043219,ok
6abaf91c-ee12-4fe8-89eb-eec385585efa,RefinedAdaptiveCulturalSwarmOptimizer,f0_only_biased,SBOX-COST,0.12880829311506464,ok
6acc7e7d-3588-428a-96c2-d752d6b79162,EnhancedNAPSO,f0_only_biased,SBOX-COST,0.17459873755225108,ok
6ad6b3bf-5b8e-41d8-a7e4-a754f8636801,EnhancedHybridPSO_GA,f0_only_biased,SBOX-COST,0.11537488683198147,ok
6af5a238-b5f3-4e65-9a4f-b11c966e6371,EnhancedAdaptiveSwarmGradientDescent,f0_only_biased,SBOX-COST,0.20596330124231627,ok
6af8ae07-81c8-44e7-b9d9-6b9a91186b24,DynamicHybridPSODE,f0_only_biased,SBOX-COST,0.17186177198226404,ok
6b11e415-56ce-47b1-bd9d-b4cafe64e13a,HPSO_ADE_Enhanced,f0_only_biased,SBOX-COST,0.15508020531375838,ok
6b1e00fc-4cb0-4ae7-9ac9-6ab597a3b8e9,RefinedHybridPSODE,both_biased,SBOX-COST,0.15720185534235892,ok
6b270c6f-cfec-4419-b6de-555d9b49ea5a,ChaosEnhancedAdaptiveHybridSwarm,f0_only_biased,SBOX-COST,0.11685983537210841,ok
6b2f5db1-7d18-4a85-a237-338c7a8bc905,AdaptiveSwarmOptimizer,f0_only_biased,SBOX-COST,0.15825574164989004,ok
6b756e5a-8e50-45c1-adb2-7404a375ae4f,CollaborativeSwarmSearch,f0_only_biased,SBOX-COST,0.19611585665219694,ok
6b7ae5e1-a4cb-43cf-9162-d7b5a92e93c2,EnhancedHybridDEPSO,f0_only_biased,SBOX-COST,0.16173727835850105,ok
6b8a1864-e071-4070-b71e-630c1dd03760,EnhancedAdaptiveSwarmGradientDescent,f0_only_biased,SBOX-COST,0.21418883326810995,ok
6b994e26-c370-44cc-8cab-31f1edb7ddbd,AdaptiveSwarmGradientDescent,f0_only_biased,SBOX-COST,0.22450918511108425,ok
6b9eea36-185d-40b1-970c-540120dbf1d6,HPSO_ADE_Enhanced,both_biased,SBOX-COST,0.17249462882006344,ok
6bae0430-0699-4347-81f4-3c0d5ba04859,EnhancedAdaptiveHybridPSO_GA,f0_only_biased,SBOX-COST,0.10300687829094099,ok
6bd4583c-0a15-4a3e-af33-aff6859f479d,PSO_DE_Hybrid,f0_only_biased,SBOX-COST,0.12640477230601466,ok
6bdfe294-4cdb-4b69-a8b1-d0a1b9032005,AdaptiveParticleSwarmCovarianceMutation,f0_only_biased,SBOX-COST,0.12956770098886278,ok
6c143df6-3e48-4487-b76c-32a35e9a4c0b,AdaptiveSwarmOptimizer,f0_only_biased,SBOX-COST,0.1707712781620323,ok
6c17869b-4f28-4121-bef7-77d0f0b51634,EnhancedAdaptiveSwarmGradientDescent,f0_only_biased,SBOX-COST,0.21319368326839117,ok
6c1b9efd-3d31-4e9a-ae86-42bfbb8f4f6b,HPSO_ADE,f0_only_biased,SBOX-COST,0.15101044177439066,ok
6c1f5043-9c6b-4cc0-8298-06bd9521d659,RefinedAdaptiveCooperativeSwarm,both_biased,SBOX-COST,,error
6c2361d5-a6da-45bb-bd57-ff901f1bced1,EnhancedAdaptiveSwarmGradientDescent,neither_biased,SBOX-COST,0.12349403590139117,ok
6c28e9f4-bb51-4a79-bdc2-8388832a320e,AdaptiveHybridPSO_GA,f0_only_biased,SBOX-COST,0.11401482164595125,ok
6c41fb42-09b2-4bd9-b15e-96addc57589d,DynamicSwarmOptimizer,f0_only_biased,SBOX-COST,,error
6c576261-5e2f-4917-8564-ad9db1c0596d,EnhancedAdaptiveSwarmGradientDescent,f0_only_biased,SBOX-COST,0.20781687260406573,ok
6c6a2049-be6a-428a-8d28-d030990122d8,PSODEOptimizer,f0_only_biased,SBOX-COST,0.07419848503100107,ok
6c8d6784-b125-4ab9-a757-45a39172daf3,EnhancedAdaptiveSwarmGradientDescent,f0_only_biased,SBOX-COST,0.19019972810833255,ok
6c93fd60-03c5-45fa-baa8-deccde99345e,EnhancedAdaptiveSwarmGradientDescent,f0_only_biased,SBOX-COST,0.1081271630569339,ok
6c9ac486-e782-43ea-8793-d24938408916,EnhancedAdaptiveCulturalSwarmOptimizer,f0_only_biased,SBOX-COST,0.16191786075118716,ok
6cb2679d-12d8-4b74-bd3a-dd974b51fad1,HPSO_ADE_Enhanced,f0_only_biased,SBOX-COST,0.16173784686972034,ok
6cb64863-ad95-429a-8bfb-89cd258803d5,AdaptiveSwarmHarmonySearch,neither_biased,SBOX-COST,0.12386700414252502,ok
6ce637e7-33ea-4888-89bc-fbd432ea4b02,EnhancedAdaptiveCulturalSwarmOptimizer,f0_only_biased,SBOX-COST,0.15328965031021705,ok
6cef04f9-7c78-455e-a924-3a515874c206,GradientEnhancedSwarm,f0_only_biased,SBOX-COST,0.2260374686521824,ok
6d2be848-83fe-4dbd-a784-9df8cf1d199d,DynamicPhaseTransitionSwarmOptimizer,both_biased,SBOX-COST,0.06138432961052126,ok
6d851b7c-e98d-47c4-add0-0994525a074d,AdaptiveSwarmGradientDescent,neither_biased,SBOX-COST,0.1430315334060409,ok
6dc6fd07-7d25-44e9-80d0-f23c45e73941,QuantumInspiredAdaptiveMomentumPSO_DE,f0_only_biased,SBOX-COST,0.1622210819561992,ok
6de07348-2110-417e-9e7a-a33abc103da9,AdaptiveHybridPSO_GA,f0_only_biased,SBOX-COST,0.11692330454612757,ok
6deb411b-40ec-4af5-9508-31130549f269,EnhancedAdaptiveSwarmGradientDescent,f0_only_biased,SBOX-COST,0.19813003013596603,ok
6e0966a7-a6af-4810-a709-02f2b8d51bb0,AdaptiveSwarmGradientDescent,f0_only_biased,SBOX-COST,0.16215899205324713,ok
6e195dc0-5c21-4fd1-90bc-01a622512c89,DynamicSwarmOptimizer,f0_only_biased,SBOX-COST,,error
6e204176-47a7-4b1c-8d22-2e6fa748acde,HPSO_ADE_Enhanced,both_biased,SBOX-COST,0.18535800782925982,ok
6e3a0660-6710-4afe-aa70-a762ba3815d1,PSODEOptimizer,f0_only_biased,SBOX-COST,0.06811207204545017,ok
6e50b840-d9fe-4ed5-b83c-7c43e6ae18ef,AdaptiveHybridPSODE,f0_only_biased,SBOX-COST,0.17305429503618214,ok
6e6430a9-f8dd-48fe-837c-b571e2abfff0,EnhancedAdaptiveSwarmGradientDescent,f0_only_biased,SBOX-COST,0.19447347321187863,ok
6e7e7e6d-e863-47e9-97e0-5f06414bae01,EnhancedMemorySwarm,both_biased,SBOX-COST,,error
6e80dfc7-0d00-4dbf-9bea-be07550c6ad4,DynamicSwarmOptimizer,f0_only_biased,SBOX-COST,0.18354136425718265,ok
6e9d9af0-1a25-4ad4-ba22-811fb086f89b,EnhancedHybridPSODE,f0_only_biased,SBOX-COST,0.1835674279064936,ok
6eafb924-04bc-4b6d-9add-6a13ab5143ef,DynamicSwarmOptimizer,f0_only_biased,SBOX-COST,,error
6eb6ba27-5095-4044-a5f6-8a2345f1b7ce,ChaosEnhancedAdaptiveHybridSwarm,f0_only_biased,SBOX-COST,0.13668160081757597,ok
6edcdca5-b2e2-4fc1-98f8-4a392a2cd549,EnhancedHybridPSO_GA,f0_only_biased,SBOX-COST,0.13101730392554045,ok
6ee269e1-5d06-4c2b-a88b-0659778902da,EnhancedAdaptiveSwarmGradientDescent,f0_only_biased,SBOX-COST,0.2177348633568046,ok
6f0a58f8-99ca-431d-9c4b-98db6882b148,AdaptiveSwarmGradientDescent,f0_only_biased,SBOX-COST,0.20772017933995984,ok
6f2a7850-f8e5-438d-b4cb-913b20417ebf,EnhancedDynamicSwarmDE,f0_only_biased,SBOX-COST,0.07182571268171813,ok
6f4c337e-0fab-4f00-ac78-77aadc5c84cd,CollaborativeSwarmSearch,f0_only_biased,SBOX-COST,0.07324249277070256,ok
6f4df244-4fc0-44d0-ac6b-2b8745a8a230,EnhancedAdaptiveSwarmGradientDescent,f0_only_biased,SBOX-COST,0.21585571234283452,ok
6f637d28-7a64-4b67-95bb-170e396da988,HybridPSODE,both_biased,SBOX-COST,0.20808182137907966,ok
6f74eaf4-df13-4c56-a2b8-639b784f69c8,AdaptiveSwarmHarmonySearch,neither_biased,SBOX-COST,0.14308975040595817,ok
6f87b3ee-6352-45a4-8cec-c26ba8931eb1,AdaptiveSwarmHarmonyOptimization,f0_only_biased,SBOX-COST,0.15312761497841093,ok
6f8cf71e-abb5-421e-8be0-a6f4bdc27389,AdaptiveSwarmGradientDescent,f0_only_biased,SBOX-COST,0.23065364482470016,ok
6fb74d05-bf3a-4267-b76c-7402ad2bb584,AdaptiveSwarmGradientDescent,f0_only_biased,SBOX-COST,0.2178164592526242,ok
6fec0ede-b491-4e86-b6be-ba9ece07ea91,AdaptiveSwarmGradientDescent,f0_only_biased,SBOX-COST,0.21292951081351488,ok
7011c1c5-fec8-47f2-8522-0b48c4b34159,RefinedHybridDifferentialEvolutionPSO,both_biased,SBOX-COST,0.2003955702086463,ok
702b054e-d8bb-4abc-9854-b06f5f26858e,Enhanced_HPSO_ADE,both_biased,SBOX-COST,0.17602757153472848,ok
702e3130-4c2b-441e-8363-b752c52476f5,EnhancedDAPSO,both_biased,SBOX-COST,0.12485642422593783,ok
7033a32b-f567-45d2-9422-007f4ff62836,AdaptiveSwarmGradientDescent,f0_only_biased,SBOX-COST,0.1584207468890792,ok
70536d5a-c6e8-4f3e-b422-6f853614ca1d,AdaptiveSwarmOptimizer,f0_only_biased,SBOX-COST,0.1708078318924216,ok
7072b2e7-2667-4a7a-9ddd-c33f28f4aa04,SynergisticDynamicEvoPSO,f0_only_biased,SBOX-COST,0.12048381102574844,ok
707a9c3d-6978-4057-94a8-ff74f4944860,EnhancedAdaptiveCooperativeSwarm,both_biased,SBOX-COST,,error
7099dd11-a02a-4390-aed1-e15a22118f13,PSODEOptimizer,f0_only_biased,SBOX-COST,0.06732659933130387,ok
70a93c07-b880-46d4-a0fc-98d30c2d6b79,AdaptiveSwarmGradientDescent,f0_only_biased,SBOX-COST,0.20799110127590797,ok
70c08124-2391-40cf-8d76-a5f8cd7d0c10,CollaborativeSwarmSearch,f0_only_biased,SBOX-COST,0.22015359960618588,ok
70da6a23-d77c-4583-a6ff-8ec068cb46f5,AdaptiveSwarmGradientDescent,f0_only_biased,SBOX-COST,0.1652081158514377,ok
70f69224-f2ef-49fb-b8cd-9dc60682d231,EnhancedDAPSO_Refined,both_biased,SBOX-COST,0.13071870551272158,ok
710a4cc0-eaef-4301-80ea-e1eaad87890b,AdaptiveCooperativeSwarm,both_biased,SBOX-COST,0.1822353089886055,ok
710aa0b0-5087-4d41-b8d1-895be1a41d6e,RefinedAdaptiveDynamicEvoPSO,f0_only_biased,SBOX-COST,0.12589209434320214,ok
71206063-f8c2-4769-9d15-c271c5da0946,HPSO_ADE_Enhanced,both_biased,SBOX-COST,0.15114159839869284,ok
713d9d53-dc6f-4052-9d66-2556b8795328,AdaptiveSwarmHarmonyOptimization,f0_only_biased,SBOX-COST,0.12796843866459617,ok
7146c235-de8e-4b3e-a675-58f162fde390,DynamicSwarmOptimizer,f0_only_biased,SBOX-COST,,error
714bd4e7-caf8-40d7-94ed-c624b4b70ebf,AdaptiveSwarmGradientDescent,f0_only_biased,SBOX-COST,0.1749351268099329,ok
718ad018-660c-4bb8-9757-1b84a9088a3b,AdaptiveSwarmGradientDescent,f0_only_biased,SBOX-COST,0.21499273114240058,ok
71c2579e-1dba-4603-8c6f-e711f0399a8f,EnhancedAdaptiveMultiPhaseSwarmOptimizer,both_biased,SBOX-COST,0.06044699418732854,ok
71cd5bc2-2911-4ba4-8efc-e5213ac83c2f,PSODEOptimizer,f0_only_biased,SBOX-COST,0.06569211752365477,ok
71cdfcf8-dac7-4640-b4b1-cf2a8c372cc2,AdaptiveSwarmGradientDescent,neither_biased,SBOX-COST,0.12494864959295354,ok
71de0aff-85d7-47c4-9e6f-f88b59bac193,HPSO_ADE_AdaptiveNeighborhood,both_biased,SBOX-COST,0.16889522088300707,ok
720a905f-bafb-4fec-abab-4f3b4dc5cabc,AdaptiveSwarmGradientDescent,f0_only_biased,SBOX-COST,0.21161973301293865,ok
7224e301-f386-443d-9027-504f58e3eadd,RefinedDynamicSwarmDE,both_biased,SBOX-COST,0.07523995162483511,ok
722723cf-e45b-4373-a7ff-d469777bf630,AdaptiveSwarmHarmonyOptimization,f0_only_biased,SBOX-COST,0.18707281245215382,ok
722abc02-5057-46c6-8ddd-f37819dcc857,EnhancedNAPSOv2,f0_only_biased,SBOX-COST,0.1851991147117668,ok
722dbd43-b921-4532-a995-bc6501fac01a,HybridPSODE,f0_only_biased,SBOX-COST,0.19019548910366751,ok
7234fd56-165c-4c4d-995a-bc7671e70327,AdaptiveSwarmGradientDescent,f0_only_biased,SBOX-COST,0.15178247203755063,ok
72581de6-1fd8-4276-8651-bd6962f539b5,AdaptiveSwarmOptimizer,f0_only_biased,SBOX-COST,0.17471950269557301,ok
728c46ae-84d2-4bab-b183-9bea00c9537c,HybridPSODE,both_biased,SBOX-COST,0.2061614422759108,ok
72964862-0a04-4201-9121-45b70c32bf89,AdaptiveSwarmGradientDescent,f0_only_biased,SBOX-COST,0.15756806625303077,ok
72ba38f0-10be-45f6-b031-6bf19c8a45a2,AdaptiveSwarmGradientDescent,neither_biased,SBOX-COST,0.14195130558122523,ok
72c664d0-07e0-41e3-8dc8-259649e057b5,AdaptiveSwarmGradientDescent,f0_only_biased,SBOX-COST,0.2185281770595348,ok
72d71ea8-7d91-43eb-92e9-7f8205b5ecf0,SwarmOptimizer,f0_only_biased,SBOX-COST,0.1908354647799187,ok
72dd11df-2a73-4c90-a646-128ba161e90a,ASNM,neither_biased,SBOX-COST,0.06840272133772639,ok
7309701f-4d69-42dd-9b3f-f6dff899ecfd,SwarmOptimizer,f0_only_biased,SBOX-COST,0.17781472203010873,ok
7312e6e4-64cf-4392-9221-eab3c127a421,DynamicPhaseTransitionSwarmOptimizer,both_biased,SBOX-COST,0.06017272410036713,ok
731bd7b3-92b4-40bb-82f4-baed538795d4,DynamicSwarmOptimizer,f0_only_biased,SBOX-COST,0.15509822238583076,ok
732390c9-2cfc-4e0a-849b-10131bcbbe0b,EnhancedAdaptiveHybridPSO_GA,f0_only_biased,SBOX-COST,0.1190128113772177,ok
7331907a-edd4-4590-acdc-5bf18f76c157,AdaptiveSwarmGradientDescent,f0_only_biased,SBOX-COST,0.15314748778973486,ok
73454cf5-6306-4e21-9e40-55019efd5d8c,AdaptiveHybridPSODE,f0_only_biased,SBOX-COST,0.21807255092111727,ok
7366a003-63da-4133-b3b4-194ac12906f7,EnhancedDAPSO,both_biased,SBOX-COST,,partial
7366c6a0-3f49-47a9-b180-fa3ee0dc5bf0,SwarmOptimizer,f0_only_biased,SBOX-COST,0.19208063023290647,ok
7380e6a9-6f55-4a85-8c0a-f65716fd5822,AdaptiveSwarmGradientDescent,f0_only_biased,SBOX-COST,0.18140706317015384,ok
73842764-da29-480d-8c91-ec909ca42c24,QuantumInspiredAdaptiveMomentumPSO_DE,f0_only_biased,SBOX-COST,0.15611563363557734,ok
738e7b28-65a7-4419-a1c3-ee691d96c77e,SwarmOptimizer,f0_only_biased,SBOX-COST,0.11960155004333954,ok
73a36276-c61e-4a91-9c6f-5dc097a1d36f,DynamicSwarmOptimizer,f0_only_biased,SBOX-COST,0.2047348461148708,ok
7422c0af-24ad-4258-96fb-07f3380ddc6f,AdaptiveSwarmGradientDescent,f0_only_biased,SBOX-COST,0.20465511527676256,ok
74257e5c-4ef6-4603-926c-799e48bf98f9,EnhancedAdaptiveSwarmGradientDescent,f0_only_biased,SBOX-COST,0.20595569214736564,ok
742f49c2-4326-4d75-bcdb-4ceb962ef3d0,PSO_DE_Hybrid,f0_only_biased,SBOX-COST,0.19330485957194127,ok
74327ba3-f423-4193-bf91-bbd64991aa66,AdaptiveSwarmOptimizer,f0_only_biased,SBOX-COST,0.1719590190874218,ok
744632f8-36ef-432e-bb6f-5400614ae380,AdaptiveSwarmHarmonySearch,f0_only_biased,SBOX-COST,0.1215303272635449,ok
7467ac04-a08f-492f-ba8e-918b7966b42e,EnhancedAdaptiveSwarmGradientDescent,f0_only_biased,SBOX-COST,0.21280641678289786,ok
74942b89-0b0f-458e-a418-f87a3459b921,HybridMetaOpt,f0_only_biased,SBOX-COST,0.18060682972268857,ok
749f47eb-e337-462f-834c-f2e054f56e85,HPSO_ADE_Enhanced,both_biased,SBOX-COST,0.16719543359743472,ok
74c16d88-16bc-4151-ace6-06e62c54b4d1,EnhancedAdversarialSwarmDE,both_biased,SBOX-COST,0.07521773000157177,ok
74d90241-0673-413e-ba2d-d16d2935c015,AdaptiveSwarmGradientDescent,neither_biased,SBOX-COST,0.20385385810744247,ok
74efd40b-008e-4a14-9afb-9942def4f1ca,HybridPSODE,f0_only_biased,SBOX-COST,0.18583842537767567,ok
7500f3c0-25f8-401f-a672-649a0189258d,HybridPSO_DE,f0_only_biased,SBOX-COST,0.16998543237837746,ok
75094c28-db13-4500-8df6-a98e677bf089,AdaptiveSwarmGradientDescent,f0_only_biased,SBOX-COST,0.2071510949361848,ok
75319515-1855-46e4-b710-6478de0db8e2,PSO_DE_Hybrid,f0_only_biased,SBOX-COST,0.1924886104356367,ok
753c9373-fbe9-4f55-8456-505faaa09d0c,EnhancedSwarmOptimizer,neither_biased,SBOX-COST,0.10218060270988988,ok
753f25ac-3963-441a-8486-71b37b5a2be6,EnhancedAdaptiveCooperativeSwarm,both_biased,SBOX-COST,,error
754995bc-d0ee-4101-a87e-a662e8cb352f,PSO_DE_Hybrid,f0_only_biased,SBOX-COST,0.13607656180304212,ok
754b73e0-cd86-479d-847c-bede09b08b65,PSODEOptimizer,both_biased,SBOX-COST,0.06398438115664791,ok
757cebf8-dbc6-4f5c-84ff-06ef1f18bcf9,ChaoticSwarmOptimizer,f0_only_biased,SBOX-COST,0.1713548798692049,ok
75add07d-7f47-4716-b1f9-715d28c4e963,AdaptiveSwarmGradientDescent,f0_only_biased,SBOX-COST,0.14786775532971855,ok
75c425b6-0b3f-4412-b03f-6d6c779f0969,AdaptiveChaosDAPSO,both_biased,SBOX-COST,0.13338686572624375,ok
75dbf803-a6a6-423b-a186-a5c76ca43024,HybridPSODE,f0_only_biased,SBOX-COST,0.17378273303577663,ok
75f1751e-de64-407b-ba87-0d6b82a11b36,EnhancedHybridDEPSOAdaptive,f0_only_biased,SBOX-COST,0.128846645169611,ok
7614d29d-ab6f-45a7-b674-3a8708b3cc84,EnhancedAdaptiveSwarmGradientDescent,f0_only_biased,SBOX-COST,0.2127609202323473,ok
764d4ab4-8f32-4c1a-a443-95eb2902da92,Enhanced_Adaptive_Hybrid_PSO_DE,f0_only_biased,SBOX-COST,,partial
76c5c652-f97b-434b-a367-2b75d307cd63,CollaborativeSwarmSearch,f0_only_biased,SBOX-COST,0.18911398664298046,ok
76c9cc05-af7d-408a-a96e-5f487bb1b646,AdaptiveSwarmGradientDescent,neither_biased,SBOX-COST,0.12675243856919197,ok
771b6184-a9e5-435e-8c3f-b4413fec0e9e,AdaptiveHybridPSO_GA,f0_only_biased,SBOX-COST,0.11339424163983536,ok
772204d5-49f7-4eba-8aa1-efe240348896,AdaptiveSwarmGradientDescent,f0_only_biased,SBOX-COST,0.14250821267574104,ok
772460c0-4536-4f38-9dff-19ea4f8c0fbb,CollaborativeSwarmSearch,f0_only_biased,SBOX-COST,0.18334268264999465,ok
778bbeaf-6426-447f-82fe-59d8a4916120,AdaptiveSwarmHarmonyOptimization,f0_only_biased,SBOX-COST,0.13681300024376128,ok
778caa0a-c1b9-4922-846d-ff884693e4e3,RefinedDynamicSwarmDE,both_biased,SBOX-COST,0.07199146713217677,ok
77930589-a212-4595-8907-a38155da688c,EnhancedDynamicAdaptiveSwarmDE,f0_only_biased,SBOX-COST,0.07613301421787091,ok
77945ac2-5492-4dd9-a573-1d63fd86d352,AdaptiveSwarmHarmonyOptimization,f0_only_biased,SBOX-COST,0.12552684776156778,ok
77a7b8c3-3aa7-475c-8d4e-6672fceafe3e,DynamicPhaseTransitionSwarmOptimizer,both_biased,SBOX-COST,0.06040841523157332,ok
77c37c51-e7e5-4770-b03e-22a90cc6732f,EnhancedAdaptiveSwarmGradientDescent,f0_only_biased,SBOX-COST,0.20770197902222903,ok
77d4d1ae-8210-460f-a251-07fa7a63810b,AdaptiveCooperativeSwarm,both_biased,SBOX-COST,0.16865737866069497,ok
78029011-8f10-46f0-b6df-7a4f697a0609,HybridPSODE,f0_only_biased,SBOX-COST,0.1641962364000652,ok
7806c9ea-458b-47f6-888d-7a224649ff46,EnhancedDAPSO,both_biased,SBOX-COST,0.14201887009778724,ok
781373bc-0e9a-4054-b0d2-214dbb25510e,AdaptiveSwarmHarmonyOptimization,f0_only_biased,SBOX-COST,0.19095642683722097,ok
781f263c-9300-4e57-ac1a-5717a2963950,ImprovedEnhancedNAPSO,f0_only_biased,SBOX-COST,0.18142636959727215,ok
782bf32a-1454-4815-a14c-6641e4635821,EnhancedHybridPSODE,f0_only_biased,SBOX-COST,0.20231825169474837,ok
78464335-0aaa-41b3-86af-d86ba9f47f13,EnhancedDAPSO,both_biased,SBOX-COST,0.13687825202087217,ok
786b2cea-9f5d-462b-a41f-2211f19c44b2,PSO_DE_Hybrid,f0_only_biased,SBOX-COST,0.13481431695039228,ok
787a23be-8c5b-459c-b960-2b90d69de65a,EnhancedDAPSO,both_biased,SBOX-COST,0.13118193496662156,ok
7885c3a3-aecc-4e5f-8fdb-53ce776d84eb,AdaptiveSwarmHarmonyOptimization,f0_only_biased,SBOX-COST,0.15535689156577698,ok
788c565d-2a13-4b9d-a236-de35c5cfed90,PSODEOptimizer,f0_only_biased,SBOX-COST,0.07276190113672193,ok
78ac9366-8720-433c-a8a1-78f6db09f20b,AdaptiveHybridPSODE,f0_only_biased,SBOX-COST,0.21483550065599838,ok
78b374c3-be51-4d30-a48d-21d563c5defe,AdaptiveSwarmHarmonyOptimization,f0_only_biased,SBOX-COST,0.16881229816608248,ok
78be1d00-306d-45ad-b689-0c932e986a28,AdaptivePSO_DE,f0_only_biased,SBOX-COST,0.07148538330431838,ok
78dabf51-2b8e-429a-a458-d4cb49a188f5,PSODEOptimizer,f0_only_biased,SBOX-COST,0.07085508544843772,ok
78eaa883-60a3-4fca-9804-7a326fda381e,AdaptiveSwarmHarmonyOptimization,f0_only_biased,SBOX-COST,0.15804856125453298,ok
78f6daea-524a-4736-988d-525511e420de,HPSO_ADE_AdaptiveNeighborhood,both_biased,SBOX-COST,0.17811177135463196,ok
7901e75c-9b1f-466a-ac87-d0fb47dfc011,HPSO_ADE,f0_only_biased,SBOX-COST,0.15024837832333693,ok
79211657-5ba6-4062-909f-88460cca070d,EnhancedAPSORefined,both_biased,SBOX-COST,0.05903390924065332,ok
792a17e4-5e84-44eb-bfc3-ec2a9d3d060a,AdaptiveSwarmGradientDescent,f0_only_biased,SBOX-COST,0.11939427295959182,ok
79331a34-4e83-4945-8fb1-195e56768595,HybridPSO_DE,f0_only_biased,SBOX-COST,0.15635492472011073,ok
793629b7-2e90-42e4-8207-2a5c4a301460,PSO_DE_Hybrid,f0_only_biased,SBOX-COST,0.20477476024555785,ok
79372dff-a2ce-4ec6-9798-8c59309a6e98,AdaptiveCooperativeSwarm,both_biased,SBOX-COST,0.17887536483895516,ok
793b518f-b336-435f-b679-fc38638779d0,HybridPSODE,both_biased,SBOX-COST,0.15952336977156353,ok
796b2fc8-04e7-44f8-95bd-0a8476b259e4,ImprovedHybridPSODE,f0_only_biased,SBOX-COST,0.14531997909708766,ok
797f7064-e526-4e95-916b-62bfeea4ec6e,RefinedEnhancedHybridPSODE,f0_only_biased,SBOX-COST,0.11352967695379279,ok
79807076-ab46-4185-8050-e07b7ee19b78,PSODEOptimizer,f0_only_biased,SBOX-COST,0.07826918180781389,ok
79821790-5515-4abf-9b20-84e946e453d3,CollaborativeSwarmSearch,f0_only_biased,SBOX-COST,0.19677732793631722,ok
79868bb8-dd6c-46c3-9eda-03ceed5202c8,EnhancedAdaptiveHybridPSO_GA,f0_only_biased,SBOX-COST,0.11402662532457862,ok
79a32032-0055-46de-af4a-ed2226df8a73,EnhancedLevyFlightParticleSwarm,f0_only_biased,SBOX-COST,0.15861019552732164,ok
79b1205d-acb5-4be2-a32e-5d10d96b6063,HybridPSODE,both_biased,SBOX-COST,0.2041144963840083,ok
79b77ae8-4733-49e3-b3b1-f2e69b2e7304,EnhancedHybridPSODE,both_biased,SBOX-COST,0.17041011762335623,ok
79d27094-39a4-4c5d-ba4d-c52f32cff1e5,ChaoticSwarmOptimizer,f0_only_biased,SBOX-COST,0.1729499553063994,ok
79dd93c8-d66d-48f0-ab00-f9ce73fa58e6,AMPSO,f0_only_biased,SBOX-COST,0.19380377919398362,ok
79e0badc-07c8-4008-bef1-5a560f7e52f0,HybridPSODE,both_biased,SBOX-COST,0.23212275543716238,ok
79eddee5-39ad-4528-9785-9b1707830076,DynamicPhaseTransitionSwarmOptimizer,both_biased,SBOX-COST,0.05626033640580586,ok
7a1e6e3a-598d-404e-8398-ca0810c1690b,DynamicPhaseTransitionSwarmOptimizer,g0_only_biased,SBOX-COST,0.06242447448406301,ok
7a4152f8-e4f5-4e3f-8a83-2ac1eb536e64,EnhancedSwarmSymbioticDE,both_biased,SBOX-COST,0.07327932377308412,ok
7a6a3438-c0f4-4242-ad14-55b10093d25b,EnhancedAdaptiveSwarmGradientDescent,f0_only_biased,SBOX-COST,0.17821293097027494,ok
7a7e033a-af00-4fbe-b556-9f25cc97718f,HybridPSO_DE,f0_only_biased,SBOX-COST,0.15740522598248993,ok
7a91bcf9-2752-40ea-b605-c7b6175046db,AdaptiveSwarmGradientDescent,f0_only_biased,SBOX-COST,0.20656971974131905,ok
7aaaf356-7a66-429f-905f-de4906fd84ab,EnhancedHybridDEPSO,f0_only_biased,SBOX-COST,0.15445610531842752,ok
7ad2ba5d-5020-4049-b1cb-1d07dd7ee354,DynamicPhaseTransitionSwarmOptimizer,both_biased,SBOX-COST,0.062247871085783606,ok
7ad4216f-2795-4ce6-a40d-b21ec2e31067,EnhancedDiverseChaoticLevySwarm,both_biased,SBOX-COST,0.18210188119037735,ok
7b0944b4-60f7-485c-ae48-a27c52caf51b,EnhancedAdaptiveSwarmGradientDescent,neither_biased,SBOX-COST,0.1679940805910822,ok
7b1edaf8-a543-4f4c-9580-a20cead790a1,EnhancedNAPSO,f0_only_biased,SBOX-COST,0.1724528845371244,ok
7b2b4cd2-6cbb-4e58-b3c0-348c15c619b6,EnhancedAdaptiveSwarmGradientDescent,f0_only_biased,SBOX-COST,0.1329956762831268,ok
7b4f42bd-4b73-4ff8-bf58-090e36f87b6d,AdaptiveHybridPSO_GA,f0_only_biased,SBOX-COST,0.10372021621510248,ok
7b56822b-3d02-42ad-8bf2-fedd78992afe,AdaptiveSwarmGradientDescent,neither_biased,SBOX-COST,0.14720698096280582,ok
7b6dac19-0402-49e0-ae72-6cf698ac2b97,EnhancedAdaptiveSwarmGradientDescent,f0_only_biased,SBOX-COST,0.2108516008603078,ok
7b7651c8-772d-450e-aec4-a41e49054a42,ChaosEnhancedAdaptiveHybridSwarm,f0_only_biased,SBOX-COST,0.1205635768842903,ok
7b85912c-21f7-4754-8092-a83aaab16e96,EnhancedAdaptiveSwarmGradientDescent,f0_only_biased,SBOX-COST,0.19557178460370933,ok
7b85c9a7-1f4b-45d4-a3e9-b2a05bd9f0f9,EnhancedAdaptiveSwarmGradientDescent,f0_only_biased,SBOX-COST,0.20653028649869776,ok
7b91b2ae-d590-4fdc-b688-8f1643f55a76,AdaptiveSwarmGradientDescent,f0_only_biased,SBOX-COST,0.17222146353148388,ok
7bab8721-07a0-453d-940e-40e83883793c,EnhancedAdaptiveSwarmGradientDescent,f0_only_biased,SBOX-COST,0.2095360352444014,ok
7bacb2d4-d864-49ce-8587-1027e2f3eb68,SwarmOptimizer,f0_only_biased,SBOX-COST,0.13425300171190607,ok
7bb79758-9834-4c72-81bb-c29ae7e3c69f,EnhancedAdaptiveSwarmGradientDescent,f0_only_biased,SBOX-COST,0.21772522969617317,ok
7bbe3c3f-774d-4f66-b654-4726c63cc0e7,AdaptiveSwarmGradientDescent,f0_only_biased,SBOX-COST,0.09510327687716508,ok
7bd69838-ebdd-44fa-9220-2b92ebd0fa34,HybridPSODE,both_biased,SBOX-COST,0.1633439204406168,ok
7bda49cb-c794-4a9d-a5b4-12378aace2dc,HybridPSO_DE,f0_only_biased,SBOX-COST,0.13038472666591439,ok
7bf989c1-e4ee-492b-ac53-2efbd8be2de9,EnhancedDAPSO,both_biased,SBOX-COST,0.1392440191626233,ok
7c0b5fd8-f70a-4771-b18a-16cf250ff905,ChaosEnhancedAdaptiveHybridSwarm,f0_only_biased,SBOX-COST,0.10927892782548453,ok
7c3fab69-9b3b-4fdf-9f81-64c1b563a9d1,HPSO_ADE_AdaptiveNeighborhood,both_biased,SBOX-COST,0.18514705360881015,ok
7c61272b-0cd0-4d9b-8cd6-37ccf3a9fa15,RefinedEnhancedHybridDEPSO,f0_only_biased,SBOX-COST,,partial
7c66e47d-b220-4eb1-8ca8-958a09c4faf8,RefinedDynamicSwarmDE,both_biased,SBOX-COST,0.07324722348238993,ok
7c7d697e-8664-4ac8-a9cf-c3103c82c943,RefinedHybridPSO_GA,f0_only_biased,SBOX-COST,0.10375864270949767,ok
7c9a0a1d-8f71-4b29-8743-b4c68ddc4c6c,ChaoticSwarmOptimizer,f0_only_biased,SBOX-COST,0.18423159421200538,ok
7cb6ce79-59b0-4f02-b76f-cf3013324a01,AdaptiveSwarmHarmonySearch,neither_biased,SBOX-COST,0.1298646793789978,ok
7cbb479b-3288-4216-ab54-b94658be3c8e,EnhancedAdaptiveCulturalSwarmOptimizer,f0_only_biased,SBOX-COST,0.15960455627545703,ok
7cc71c5b-ceb9-47cc-9f4d-629eee50dd70,AdaptiveSwarmGradientDescent,f0_only_biased,SBOX-COST,0.19293874921134213,ok
7cd7a2c4-2623-4142-bcdd-70e07c35bf95,PSO_DE_Hybrid,f0_only_biased,SBOX-COST,0.18190464805368178,ok
7cf4f6b6-698a-44fd-97de-47eb6ecaf9d9,EnhancedDynamicSwarmDE,both_biased,SBOX-COST,0.07648030017969576,ok
7d058d10-4eea-4ba1-ab9a-caff4d51d6ce,AdaptiveSwarmOptimizer,f0_only_biased,SBOX-COST,0.1772174665677504,ok
7d29883f-bb3f-494c-8da7-340d1a729e7e,HybridPSODE,both_biased,SBOX-COST,0.20349739800297165,ok
7d57fd7b-029a-4d8d-8f2e-e0e4cd7c7358,EDAPSO,neither_biased,SBOX-COST,0.12894844697981578,ok
7d58baa6-a9bb-49ab-a748-4d3bfd7c236d,EnhancedAdaptiveSwarmGradientDescent,f0_only_biased,SBOX-COST,0.16308296062108596,ok
7d6c861a-89d9-48fc-976d-7926fc2c654f,EnhancedAdaptiveSwarmGradientDescent,f0_only_biased,SBOX-COST,0.17918671662058083,ok
7d8d460a-2896-4f93-b02b-2b30ec44cab1,AdaptiveHybridPSODE,f0_only_biased,SBOX-COST,0.21192124247428593,ok
7d98dbf0-4fa3-4f5c-b330-fdaeb025081c,AdaptiveHybridPSO_GA,f0_only_biased,SBOX-COST,0.11047129655456345,ok
7d9f461c-18f1-442c-8d27-44b6a230bb62,PSO_DE_Hybrid_Improved,f0_only_biased,SBOX-COST,0.20380829467582665,ok
7da1a616-549c-413f-918b-e281d3470e2c,Enhanced_Adaptive_Hybrid_PSO_DE,f0_only_biased,SBOX-COST,0.07839248644130901,ok
7db24a71-f1cc-4196-8027-67d04c75e4c2,EnhancedHybridPSO_DE,f0_only_biased,SBOX-COST,0.15278733444588216,ok
7dd2e999-dd10-4fc4-8432-5beea7cc3fb0,HybridPSOSA,both_biased,SBOX-COST,0.11422660551961931,ok
7de6ea21-cd5a-4750-8862-23b674696af7,HybridPSODE,f0_only_biased,SBOX-COST,0.16307909879394847,ok
7e00f548-c445-4be0-9e9d-ea8fa59d9998,EnhancedAdaptiveHybridPSODE,f0_only_biased,SBOX-COST,0.2041501005487798,ok
7e36c4ac-c1f9-479f-a60e-a62bdac545ee,AdaptiveEnhancedAPSO,both_biased,SBOX-COST,0.060159292666762565,ok
7e6fd47f-4eb5-4010-9d3d-c0666f071680,EnhancedAdaptiveSwarmGradientDescent,f0_only_biased,SBOX-COST,0.20652202499444774,ok
7e8424b0-ba19-495d-953f-401223ec4e2b,EnhancedAdaptiveCulturalSwarmOptimizer,f0_only_biased,SBOX-COST,0.18104687869127073,ok
7e9bc4cd-be5f-47d6-9800-f96c1c99c418,EnhancedChaoticLevySwarm,both_biased,SBOX-COST,0.1804364893968513,ok
7ebddb98-d832-4ede-a00b-6a62b3c199d5,AdaptiveSwarmGradientDescent,f0_only_biased,SBOX-COST,0.1889843783402628,ok
7ecb3a45-e291-492b-bc92-402a0e3b2bd4,AdaptivePhaseTransitionSwarmOptimizer,both_biased,SBOX-COST,0.061679826312874365,ok
7ecd3b2a-c99b-4bd1-b48a-e8acde228574,AdaptiveSwarmHarmonySearch,neither_biased,SBOX-COST,0.13134679758222728,ok
7ee03d1e-c570-43eb-9cc5-c6689752ff40,AdaptiveEnhancedAPSO,both_biased,SBOX-COST,0.0606934195303437,ok
7f01f0d7-d3df-433c-8f91-c5bb05b98cb3,HPSO_ADE_Enhanced,both_biased,SBOX-COST,0.13736821833202986,ok
7f05ad1a-aa8d-496a-b277-9b7a29a63c32,RefinedHybridPSOSA,both_biased,SBOX-COST,0.10905785464311918,ok
7f263cab-4079-4d90-b06f-8f75e91852a8,EnhancedAdaptiveSwarmGradientDescent,neither_biased,SBOX-COST,0.17712856411893818,ok
7f340297-e656-47b7-b247-2ae8517193f9,AdaptiveSwarmChaosMemory,f0_only_biased,SBOX-COST,0.2007552154978588,ok
7f435d9f-ea2b-40d0-a6ab-bf99493a3f6e,EnhancedQuantumHybridPSO_DE,f0_only_biased,SBOX-COST,0.16913192731025767,ok
7f46907a-8881-4b39-8d4a-a156186e6cb1,AdaptiveSwarmGradientDescent,f0_only_biased,SBOX-COST,0.1817759404533948,ok
7f65eff1-4c07-489d-b91b-31352f7f1654,EnhancedHybridPSOSA,both_biased,SBOX-COST,0.13649885664515754,ok
7f82b6f5-793d-428c-84d2-18d4b8f89483,AdaptiveSwarmGradientDescent,neither_biased,SBOX-COST,0.1411953622466885,ok
7f95c3ed-9ed4-4d19-aa61-cdb3be2ab5b2,PSODEOptimizer,f0_only_biased,SBOX-COST,0.06969608417623652,ok
7fb28e71-4e38-43fc-b799-46322edf6c40,AdaptiveSwarmGradientDescent,f0_only_biased,SBOX-COST,0.2186673186362732,ok
7fb364c6-47b1-4320-bb93-40e1b83f5658,EnhancedHybridPSODE,both_biased,SBOX-COST,0.16749539302445368,ok
7fb822a8-b49a-4c41-a2cb-16a1628c9c42,AdaptiveSwarmGradientDescent,f0_only_biased,SBOX-COST,0.15062206244747578,ok
7fc53f63-0c42-4432-99f6-f2d019ede9a7,EnhancedDAPSO,both_biased,SBOX-COST,0.17047188674634572,ok
7fce8304-967b-4d57-94ce-bffc66c281a2,EnhancedAdaptiveSwarmGradientDescent,f0_only_biased,SBOX-COST,0.2205276373979594,ok
7fd4dbd8-bcd4-4db7-bb4d-640b02da84da,EnhancedAdaptiveSwarmGradientDescent,f0_only_biased,SBOX-COST,0.16894583883103387,ok
7ff4f7bf-3225-48e3-bcf6-893edc53c0d7,PSODEOptimizer,f0_only_biased,SBOX-COST,0.06919490771596187,ok
8015a922-89f6-42ce-91d1-64782b6ca41e,HybridPSODE,both_biased,SBOX-COST,0.20286078013707048,ok
801f50f9-a7ef-435b-ad38-7eb2f3f67621,EnhancedDynamicSwarmDE,f0_only_biased,SBOX-COST,0.07443856029364995,ok
802628c5-14ab-4caf-bf5f-95273f9bf512,DynamicPhaseTransitionSwarmOptimizer,both_biased,SBOX-COST,0.05724486991441563,ok
802db772-62bc-43f0-8aa9-cba0ba922f12,HybridPSODE,f0_only_biased,SBOX-COST,0.14192289987573198,ok
804b2c80-b5c7-4225-b11c-6422fcce62be,EnhancedAdaptiveSwarmGradientDescent,f0_only_biased,SBOX-COST,0.19112319317250503,ok
80567531-5025-4320-baa1-73a123e38d4a,CollaborativeSwarmSearch,f0_only_biased,SBOX-COST,0.18904653686096667,ok
806d59b7-4e0b-4b2d-ab4a-8aeaa44b6f75,EnhancedAdaptiveSwarmGradientDescent,f0_only_biased,SBOX-COST,0.1864585823187793,ok
80716b2d-1706-4b3e-81b7-5d236038a8a6,AdaptiveSwarmGradientDescent,f0_only_biased,SBOX-COST,0.20403669402853647,ok
80a87db7-db5c-4539-8d55-5ebe19d9767c,EnhancedNAPSO,f0_only_biased,SBOX-COST,0.1944197123037556,ok
80e03c8a-9d82-4bb7-917c-3cc7a980861d,AdaptiveSwarmGradientDescent,f0_only_biased,SBOX-COST,0.14431827328622607,ok
80e8431b-2484-4ef7-91b8-38736e2a312b,AdaptiveQuantumHybridPSO_DE,f0_only_biased,SBOX-COST,0.17481758979918693,ok
80facfad-8844-457f-80a9-49c3533751f2,HybridPSODE,both_biased,SBOX-COST,0.1997742686550525,ok
811e34b4-5275-4cd3-a40b-1f74d3849b62,AdaptiveHybridPSODE_EnhancedMutation,f0_only_biased,SBOX-COST,0.16730409718609512,ok
8123cb7e-cf59-4808-b03d-ced1ad10b629,HybridPSODE,f0_only_biased,SBOX-COST,0.147384314842493,ok
81334267-ee1f-49b5-a1e5-6641b43e1682,SwarmOptimizer,f0_only_biased,SBOX-COST,0.14100300634743893,ok
81366e02-8f2a-4a8e-81a7-88b3be5f03b0,HybridPSODE,f0_only_biased,SBOX-COST,0.21332113455367674,ok
813a2d30-4f7a-4ede-8e6f-6c077e474f3b,AdaptiveHybridPSO_GA,f0_only_biased,SBOX-COST,0.12718312984404767,ok
816d19f3-c46b-4352-a3a9-397b34d6d029,AdaptiveSwarmHarmonyOptimization,f0_only_biased,SBOX-COST,0.17669953542433153,ok
817271d0-bce6-43a0-b517-1ea6737145d6,PSODEOptimizer,f0_only_biased,SBOX-COST,0.06911031836226357,ok
817f2570-aeaf-4581-b7fe-d8c6cc78ccf8,HybridPSO_DE,f0_only_biased,SBOX-COST,0.16250925960785387,ok
8187e5ac-5e99-4adf-8bae-504ae39f983f,EnhancedNAPSOAdaptive,f0_only_biased,SBOX-COST,0.19264080379333304,ok
8187e81c-1fb9-4587-b097-841a20b5dd27,AdaptiveHybridPSODE,f0_only_biased,SBOX-COST,0.16454400091659582,ok
818bb534-b79d-4dcc-ac0e-7cdc633f9bd3,AdaptiveSwarmGradientDescent,f0_only_biased,SBOX-COST,0.1646526267911434,ok
819592df-a1cb-4293-a1bb-32776269ae22,EnhancedAdaptiveSwarmOptimizer,neither_biased,SBOX-COST,0.10727574725281232,ok
819c9202-a1bd-4f92-ab61-35fb5423391b,EnhancedHybridPSO_DE,f0_only_biased,SBOX-COST,0.18310037148559824,ok
81b5250c-340c-4866-8865-bc8921f767a0,HybridPSO_DE,f0_only_biased,SBOX-COST,0.1407368506346135,ok
81d8b633-59c3-4912-b849-c6c963e345ed,PSODEOptimizer,f0_only_biased,SBOX-COST,0.06975704090667202,ok
81f58657-f881-491a-b9b3-e1b7d451654b,RefinedDynamicLearningPSODE,both_biased,SBOX-COST,0.15035747345703626,ok
82041f3c-c789-4d1a-853c-da59549b7480,AdvancedDynamicSwarmDE,f0_only_biased,SBOX-COST,0.07509420971735163,ok
82116279-b520-4254-a549-c7d6de92ce0e,HybridPSODE,f0_only_biased,SBOX-COST,0.21668778744149775,ok
8220d65c-759e-4506-80ed-2a0edf64bfae,SwarmOptimizer,f0_only_biased,SBOX-COST,0.17410630396622534,ok
8232bd21-2c9c-4643-a6ac-0bdad42eb8ce,HybridPSO_DE,f0_only_biased,SBOX-COST,0.1316095545041639,ok
8242bd72-b898-4836-a85b-1bcd7c63815f,AdaptiveSwarmGradientDescent,f0_only_biased,SBOX-COST,0.17236387664804165,ok
8259bc16-5b95-4b5b-a2aa-b0f3d61228bd,EnhancedAdaptiveSwarmGradientDescent,f0_only_biased,SBOX-COST,0.09485235748017404,ok
826ccc6e-34f4-441a-85ff-9164a0e03017,AdaptiveQuantumParticleSwarm,f0_only_biased,SBOX-COST,0.18016547904843122,ok
82beb061-43f3-4dce-82ec-b503baf47f3d,AdaptiveMultiAgentHybrid,f0_only_biased,SBOX-COST,0.11115899728773757,ok
82c5a3ff-e706-4e1e-be76-d10c1be05afe,AdaptiveSwarmGradientDescent,f0_only_biased,SBOX-COST,0.20647642699987495,ok
8334d21e-e09e-47f0-bc41-dac196f84a27,RefinedHybridPSODE,both_biased,SBOX-COST,0.20079727570189823,ok
833e5b19-874c-403c-a8fb-1760556e2eff,PSODEOptimizer,both_biased,SBOX-COST,0.06938358680412578,ok
8398857b-dbf4-4a65-9ed5-af998dbd766f,EnhancedAdaptiveCulturalSwarmOptimizer,f0_only_biased,SBOX-COST,0.16412664488922707,ok
83a678d3-8101-4ce4-8c6a-1b3304a5c37a,AdaptiveSwarmGradientDescent,f0_only_biased,SBOX-COST,0.16305999846122227,ok
83b2ecdd-aaa8-4854-b47e-4cd73f9f9ffe,EnhancedAdaptivePSO,f0_only_biased,SBOX-COST,0.16631560535642909,ok
83c41302-4bd6-410a-9505-fca01747b05a,AdaptiveHybridPSO_GA,f0_only_biased,SBOX-COST,0.12976849005283916,ok
83cd9779-a092-49bf-8bb0-1ba535ca8ecd,ImprovedHybridPSODE,f0_only_biased,SBOX-COST,0.21515470970689513,ok
83ddaccf-a9d0-4b26-8555-84b2ad30349d,HybridPSODE,both_biased,SBOX-COST,0.21265343427005073,ok
83e6be81-db6a-4c3a-85e6-764e2fdc2209,EnhancedAdaptiveMultiPhaseSwarmOptimizer,both_biased,SBOX-COST,0.06133123744634543,ok
83ea23b3-c644-4b25-ab1a-087772473b3e,PSODEOptimizer,f0_only_biased,SBOX-COST,0.07459453083216172,ok
83ee1f37-1e42-4fdd-b98e-cb4a9693624a,EnhancedStochasticSwarmDescent,f0_only_biased,SBOX-COST,0.18437194122992856,ok
84105f45-d5a2-4ff7-a381-9bbff334f62b,AdaptiveSwarmGradientDescent,f0_only_biased,SBOX-COST,0.20163509238306407,ok
8411eae4-9554-40fc-91e2-af55a8c9d568,ChaosEnhancedAdaptiveHybridSwarm,f0_only_biased,SBOX-COST,0.14202079353371191,ok
844218e2-95df-4b09-babe-043136d54859,EnhancedHybridDEPSO,f0_only_biased,SBOX-COST,0.13262799399310404,ok
84535a68-37e2-462d-ad9e-347c08f51392,RefinedDynamicPhaseTransitionSwarmOptimizer,both_biased,SBOX-COST,0.06011422866060253,ok
847bb82f-c2e2-40a1-8ea0-332d3df5c7f8,AdaptiveSwarmGradientDescent,f0_only_biased,SBOX-COST,0.16689057793271145,ok
84bdfb99-fd4a-4052-81c5-9c2842b9f90c,AdaptiveSwarmGradientDescent,neither_biased,SBOX-COST,0.13836033744716963,ok
85068cd1-8dbd-40d3-9336-a72daa873a18,HybridPSOSA,both_biased,SBOX-COST,0.1042914283241464,ok
850d2332-47c6-46e0-a1c3-86681b8aa18a,AdaptiveSwarmGradientDescent,f0_only_biased,SBOX-COST,0.23028614852846455,ok
851e00f4-7cbb-4548-bd21-f42886aab149,AdaptiveSwarmHarmonyOptimization,f0_only_biased,SBOX-COST,0.16861299286064038,ok
854a2d95-faf0-48d0-94a3-e0ffc4c3a3b3,EnhancedAdaptiveCooperativeSwarm,both_biased,SBOX-COST,,error
854e4f13-8ad7-4ec5-b317-467286bf57d9,EnhancedAdaptiveHybridPSODE,f0_only_biased,SBOX-COST,0.2143787190983144,ok
854f08ba-06ed-4459-a853-2a62b0da56eb,QuantumInspiredSwarm,f0_only_biased,SBOX-COST,0.19065025704578867,ok
8550b292-7044-4f13-8d50-ff9d70d08288,ChaosEnhancedAdaptiveHybridSwarm,f0_only_biased,SBOX-COST,0.10947757150874374,ok
8560b321-8f1d-4a1c-b07b-e540644a318b,HybridPSODE,f0_only_biased,SBOX-COST,0.12164383394684504,ok
85b14ed0-86fd-4478-8ee0-9c4f058faa12,HybridPSO_DE,f0_only_biased,SBOX-COST,0.17017100342090946,ok
85b2698a-d8ca-4830-a08f-0b29c2c3269e,EnhancedAdaptiveCooperativeSwarmPlus,both_biased,SBOX-COST,,error
85c77ae6-d195-46b2-bede-54d1641b1dec,RefinedDynamicSwarmDE,both_biased,SBOX-COST,0.07107743283867335,ok
85dd3acf-d51d-4d7f-9b54-124266a2ecf6,HPSO_ADE_AdaptiveNeighborhood,both_biased,SBOX-COST,0.17407789421959355,ok
8603e5fb-1ccd-49ce-b1a9-f5b4b03c481b,EnhancedHybridDEPSO,f0_only_biased,SBOX-COST,0.14763304207148642,ok
8621624b-97d4-4401-9d64-b28afdb7d204,EnhancedAdaptiveSwarmGradientDescent,f0_only_biased,SBOX-COST,0.14171944867286584,ok
86546db0-b74d-4187-bb22-7f279278303e,ImprovedEnhancedNAPSO,f0_only_biased,SBOX-COST,0.1737534734677582,ok
86674d06-9700-417f-8c88-447b66394744,EnhancedAdaptiveDynamicEvoPSO,f0_only_biased,SBOX-COST,0.1289463517297294,ok
867884dc-7712-4317-a8ec-545ebc177740,HybridPSO_DE,f0_only_biased,SBOX-COST,0.11867999652177308,ok
86815b69-4973-4012-9342-940ed8efae17,EnhancedAdaptiveMemorySwarm,both_biased,SBOX-COST,0.10726005831499674,ok
869762c7-1c83-448d-bf93-5eb547b6fd55,AdaptiveSwarmGradientDescent,f0_only_biased,SBOX-COST,0.20223276744570196,ok
869cd657-d612-462e-8a59-28099552bcdd,Adaptive_Hybrid_PSO_DE,f0_only_biased,SBOX-COST,0.07220377736593422,ok
86abbff2-5fab-43bd-89ce-ace39c9358be,EnhancedAdaptiveSwarmGradientDescent,f0_only_biased,SBOX-COST,0.22878697993174596,ok
86cc69ab-e296-4241-881a-b5b2c2949761,AdaptiveChaoticParticleSwarm,f0_only_biased,SBOX-COST,0.16735583499966142,ok
86e1fc25-f94f-466f-875f-39068d5e6190,PSODEOptimizer,f0_only_biased,SBOX-COST,0.06928806004091376,ok
86f08397-6c25-4da7-87ca-479d6bd43eda,HybridPSODE,f0_only_biased,SBOX-COST,0.2074864297187099,ok
86f4d179-f48e-42d9-bd4a-8b9036ae0255,RefinedHybridPSODE,f0_only_biased,SBOX-COST,0.16351250833729453,ok
86fbc8f0-fb82-4029-a3ff-376b97899cdf,EnhancedSwarmInspiredDifferentialEvolution,f0_only_biased,SBOX-COST,0.10806004292487996,ok
8708a132-3c26-4420-97af-fb4b23f04a9f,AdaptiveSwarmGradientDescent,f0_only_biased,SBOX-COST,0.19091544980347358,ok
870f37c8-33d6-473d-9198-bbba84872664,EnhancedAdaptiveSwarmGradientDescent,f0_only_biased,SBOX-COST,0.2177814787975245,ok
873bca35-d291-4f17-87f6-2108fb736d75,AdaptiveSwarmGradientDescent,f0_only_biased,SBOX-COST,0.20293305569835995,ok
8744980d-6479-4689-9a25-c338215f7585,EnhancedAdaptiveSwarmGradientDescent,f0_only_biased,SBOX-COST,0.20418984569135026,ok
876b207a-94ae-4bd7-ab2c-fd49eeff74a1,PSODEOptimizer,f0_only_biased,SBOX-COST,0.06911355675570251,ok
8785afa8-f81d-48d1-8490-1bc63b8d2649,SwarmOptimizer,f0_only_biased,SBOX-COST,0.2100596862866742,ok
87a22eb3-a41b-47b9-9a39-6c3d3535a16d,PSO_DE_Hybrid,f0_only_biased,SBOX-COST,0.14077973754030343,ok
87a78f09-8839-4154-ac61-33c1c6188684,SwarmOptimizer,f0_only_biased,SBOX-COST,0.14930121171874156,ok
87abcf65-c40e-4d31-933e-72f3edb8377c,AdaptiveSwarmGradientDescent,neither_biased,SBOX-COST,0.12518015055827808,ok
87b0399b-b2a8-4f91-bb25-775e45492bd9,EnhancedHybridDEPSO,both_biased,SBOX-COST,0.16127754690138793,ok
87b776c2-ca35-4ce3-b6cf-6b91840f63bf,EnhancedAdaptiveSwarmGradientDescent,f0_only_biased,SBOX-COST,0.15715279466806814,ok
87bbcc82-46d0-454f-b015-df5259abfcd4,CollaborativeSwarmSearch,f0_only_biased,SBOX-COST,0.18889900243593066,ok
87bdd88e-9cdf-4943-9de3-2f4b450efa88,EnhancedAdaptiveHybridPSO_GA,f0_only_biased,SBOX-COST,0.11717712032983432,ok
87d1dacb-e927-438c-a2fd-9a9b2bc1ea5d,AdaptiveQuantumSwarmEvolution,both_biased,SBOX-COST,0.07108646778769685,ok
87ea08f7-ce55-47aa-bc31-212ae3d3e20e,HybridPSODE,both_biased,SBOX-COST,0.17882327914719293,ok
87eb73fb-44cb-4740-890f-282738e56def,RefinedHybridPSODE,both_biased,SBOX-COST,0.19365300364225274,ok
880c24e5-2471-49a7-bd4e-960bbb5a592e,ImprovedHybridDifferentialEvolutionPSO,both_biased,SBOX-COST,0.19092946199916316,ok
881bb9b6-ac91-4235-a8e8-4f9384c2e9ff,HPSO_ADE_Enhanced,both_biased,SBOX-COST,0.16164023233476926,ok
882b0afc-bf72-4f69-8ae2-0061e5c2e819,PSO_DE_Hybrid,f0_only_biased,SBOX-COST,0.191857499584829,ok
88505db6-2f70-4100-b220-03d431a46478,EnhancedAdaptiveSwarmGradientDescent,f0_only_biased,SBOX-COST,0.21817595167505277,ok
885add02-efd1-4d52-beed-83c5881af9ae,AdaptiveSwarmOptimizer,f0_only_biased,SBOX-COST,0.16949001299303246,ok
8869c997-3d2e-4417-96f2-bd37e81b8879,HybridPSO_GA,f0_only_biased,SBOX-COST,0.12763826932532155,ok
886bb3fc-0fbb-4282-a1bf-0e9479c8584a,AdaptiveSwarmGradientDescent,f0_only_biased,SBOX-COST,0.15855795079884594,ok
887def86-e3b3-4fe4-b2d7-f09fb54a6ffc,HPSO_ADE_Enhanced,both_biased,SBOX-COST,0.15767335081535147,ok
88883cf7-b70d-4b98-85af-b2629ce7a1f2,HybridSimulatedAnnealingPSO,both_biased,SBOX-COST,0.2055192177398963,ok
88acb591-dcd4-46a1-a112-4810c73ef70c,SwarmOptimizer,f0_only_biased,SBOX-COST,0.16598942770632585,ok
88df6203-92da-4074-8725-a1429cf4942c,HybridPSO_DE,f0_only_biased,SBOX-COST,0.11098504134156831,ok
88e4bb8e-2ed8-4cf4-8b9c-7813815aa9c9,HPSO_ADE_Enhanced_V2,both_biased,SBOX-COST,0.14346667699348353,ok
8903a89f-ba20-4ab5-82fb-4ef2f0ecdd42,HybridPSODE,f0_only_biased,SBOX-COST,0.22134332608657992,ok
8920d517-d6a7-4343-9e35-50a7a51535d6,HybridPSODE,f0_only_biased,SBOX-COST,0.10933493848742215,ok
8935c4d5-5000-4fe3-93df-92c9aedc080d,AdaptiveSwarmGradientDescent,neither_biased,SBOX-COST,0.15572100894912425,ok
8938a0d8-45b8-4c0a-a7db-81981a18e4d6,HybridPSOSA,both_biased,SBOX-COST,0.11125539457408552,ok
895fadea-7c90-4752-be9f-70e13b0c906e,AdaptiveSwarmHarmonySearch,neither_biased,SBOX-COST,0.1400475753144234,ok
8970c32b-d250-40e5-8802-910c91ea5091,EnhancedAdaptiveSwarmGradientDescent,f0_only_biased,SBOX-COST,0.20518935582199305,ok
89a869f3-df18-432a-bec5-92af2d0dc0d2,AdaptiveSwarmHarmonySearch,neither_biased,SBOX-COST,0.13422261973026137,ok
89b85701-b34e-4220-8e91-fdb26ec37a47,HybridPSODE,f0_only_biased,SBOX-COST,0.1492289919758255,ok
89bbba3e-391d-4a26-a763-05c58e814d00,EnhancedAdaptiveSwarmGradientDescent,f0_only_biased,SBOX-COST,0.21283041497545882,ok
89bcea89-ada7-4d2d-9bd5-6f265d331bd6,EnhancedNAPSO,f0_only_biased,SBOX-COST,0.1310332611439895,ok
89d1691d-c65e-404c-9c20-8c038e1c64d9,AdaptiveSwarmGradientDescent,f0_only_biased,SBOX-COST,0.21580811186172888,ok
89dd54d5-bff8-4ff8-974b-d57bb8a66e11,QuantumInspiredAdaptiveSwarmPerturbation,f0_only_biased,SBOX-COST,0.13072152335716752,ok
89ea40bd-9c75-462c-acb8-73377098b4ef,AdaptiveSwarmOptimizer,f0_only_biased,SBOX-COST,0.1653302160582621,ok
8a06483e-f23f-4061-bb7f-01fc35ee5b65,EnhancedDAPSO,both_biased,SBOX-COST,0.1714011467326208,ok
8a245a7b-65c1-4970-8e9c-28e1615e56e4,HybridPSO_DE,f0_only_biased,SBOX-COST,0.14719136854692966,ok
8a25717d-42a3-4060-8da3-6d68aeeac666,AHSO,f0_only_biased,SBOX-COST,,partial
8a7dda8f-3d58-4489-b71c-b3d56c4f4636,AdaptiveSwarmGradientDescent,f0_only_biased,SBOX-COST,0.21485934897739437,ok
8a7fd4e0-22f8-4f65-9671-d497258dc223,AdaptiveHybridPSO_GA,f0_only_biased,SBOX-COST,0.10375230942419869,ok
8a9300d7-2978-4b75-b193-2fa01758e1db,AdaptiveSwarmHarmonyOptimization,f0_only_biased,SBOX-COST,0.12644748980838794,ok
8a95427e-23a6-4bf4-a3fc-a6323e52f5a5,EnhancedMultiStrategyOptimizer,both_biased,SBOX-COST,0.12764564280232432,ok
8a9c108e-4a57-4b94-a3da-c02498988552,AdaptiveSwarmGradientDescent,neither_biased,SBOX-COST,0.133038075615179,ok
8a9c767d-5e6b-4ba5-8763-a3bb5e4f713e,EnhancedAdaptiveSwarmGradientDescent,f0_only_biased,SBOX-COST,0.1656608198061842,ok
8ac30956-c6a6-4d69-b9e5-d09bfc4eb9fb,HybridPSODE_Improved,f0_only_biased,SBOX-COST,0.22220706024250553,ok
8aeddd81-450b-4eec-a569-5b4f4b428e93,EnhancedHybridDEPSO,f0_only_biased,SBOX-COST,0.1282383114053797,ok
8af9745f-6a07-4e3a-be69-932fbe03443d,ImprovedHybridPSODE,f0_only_biased,SBOX-COST,0.17052479749065275,ok
8afc183d-3f88-4228-a343-547cb08cf6eb,EnhancedAdaptiveSwarmGradientDescent,neither_biased,SBOX-COST,0.20781560101081564,ok
8afd19fa-0a53-460d-a284-a595a202ffad,HybridPSODE,f0_only_biased,SBOX-COST,0.16672266973965807,ok
8b00ef39-065b-4bce-a52a-f2f328c9df66,EnhancedDynamicSwarmDE,f0_only_biased,SBOX-COST,0.07596526076107588,ok
8b37af0d-a097-40f1-825c-69cbbdfff5b4,EnhancedAdaptiveSwarmGradientDescent,f0_only_biased,SBOX-COST,0.21178955412276915,ok
8b452778-f93a-43fa-8741-85eb1f4f716c,HybridPSO_DE,f0_only_biased,SBOX-COST,0.11796104366919324,ok
8b4740a5-b585-4778-9187-e0dafbca5156,EnhancedAdaptiveDynamicEvoPSO,f0_only_biased,SBOX-COST,0.17841968957624743,ok
8b95c985-3736-4e5e-b4df-547493886d1f,EnhancedQuantumPSO_DE,f0_only_biased,SBOX-COST,0.17122648797611473,ok
8ba235ac-308d-4b45-8a73-4cd1b7154e3e,EnhancedAdaptiveSwarmGradientDescent,f0_only_biased,SBOX-COST,0.22870272418896492,ok
8baebb69-bea6-46b2-a166-904a082af80e,IntegrativeAdaptiveHybridSwarm,f0_only_biased,SBOX-COST,0.13647839605800624,ok
8bb7071c-bf25-4db8-98a6-e707c146f115,AdaptiveMultiPhaseSwarmOptimizer,both_biased,SBOX-COST,0.05903722471279374,ok
8bc48135-c2c5-4e53-9ad9-aa94ff8071bb,HybridPSO_DE,f0_only_biased,SBOX-COST,0.11090062629650793,ok
8bd5dea7-6b4e-4766-9b87-4484839db2e9,ImprovedEnhancedNAPSO,f0_only_biased,SBOX-COST,0.20375813906940424,ok
8bd77f55-f0fa-43f3-9f30-c242825d19a9,Adaptive_Hybrid_PSO_DE,f0_only_biased,SBOX-COST,0.07099805082800481,ok
8bf379df-f277-4e7e-b64d-4d945030e844,AdaptiveSwarmGradientDescent,f0_only_biased,SBOX-COST,0.09949137371287886,ok
8c36a6bf-9ce3-4b69-bb86-63cc92371092,EnhancedHybridDEPSO_v2,f0_only_biased,SBOX-COST,0.14295553682084966,ok
8c379d8b-689d-4f05-b6ea-83050288b073,PSODEOptimizer,f0_only_biased,SBOX-COST,0.06578643100866527,ok
8c48a240-393e-45d8-9ae1-efd6756fd3ad,AdaptiveSwarmGradientDescent,f0_only_biased,SBOX-COST,0.21422775381253045,ok
8c61f198-ba63-4322-80f6-a92bbf1ae174,HybridPSO_DE,f0_only_biased,SBOX-COST,0.14749621951672703,ok
8ca05f0c-5a8c-42d9-b88d-b3ceae28f418,CollaborativeSwarmSearch,f0_only_biased,SBOX-COST,0.1978162994057978,ok
8caf7743-8502-4e6a-808b-ff27c7ad24bd,EnhancedNAPSO,f0_only_biased,SBOX-COST,0.1952787283340319,ok
8cb3ea9c-97ca-46ba-8cfe-056451f87afb,AdaptiveSwarmGradientDescent,f0_only_biased,SBOX-COST,0.20460335628671925,ok
8cb55bfa-114d-4e9b-b0ad-2f8061a044af,EnhancedDynamicSwarmDE,both_biased,SBOX-COST,0.07236628304608879,ok
8cbe0292-c6ba-4822-853a-cf0d30f24e82,AdaptiveSwarmGradientDescent,neither_biased,SBOX-COST,0.13122855951204376,ok
8cc34615-2f62-4202-9608-1390bfa20556,ChaosEnhancedAdaptiveHybridSwarm,f0_only_biased,SBOX-COST,0.11867445202568148,ok
8cc939bd-ee92-453a-bfca-09f9760207b9,ChaosDrivenAdaptiveSwarmOptimizer,f0_only_biased,SBOX-COST,0.15310063449728284,ok
8ce17a0d-9564-42cb-b3f1-5938e2a368f6,EnhancedNAPSO,f0_only_biased,SBOX-COST,0.1970790449471671,ok
8ce3bbbe-f14c-49dd-a45b-60086f74d45d,HPSO_ADE_MultiPhaseChaos,both_biased,SBOX-COST,0.15037415988909486,ok
8ce9d73f-d8fb-4323-aae8-43f4597b1560,EnhancedAdaptiveSwarmGradientDescent,f0_only_biased,SBOX-COST,0.15788927257252977,ok
8d1b1734-fc94-434f-ae86-4f7e9a2c430d,PSO_DE_Hybrid,f0_only_biased,SBOX-COST,0.169912581861272,ok
8d2262b7-2286-4396-a1dc-06792a7fc632,EnhancedHybridPSODE,f0_only_biased,SBOX-COST,0.21592639106759748,ok
8d5f4304-3b98-4c6d-b9f8-f4df1df77ecd,EnhancedDAPSO,both_biased,SBOX-COST,0.13228508612223672,ok
8d91ecad-3b60-4df1-97ae-62f7f46a6d12,ChaoticSwarmOptimizer,f0_only_biased,SBOX-COST,0.15646309286448876,ok
8da81c0b-e4ff-4203-8db0-470cae6861e2,AdaptiveSwarmHarmonySearch,f0_only_biased,SBOX-COST,0.11945588690963868,ok
8db1d32e-ee7c-44af-acfe-e2f3de476e78,ChaoticAdaptiveSwarmOptimizer,neither_biased,SBOX-COST,0.12243749022148531,ok
8db274ae-16c8-4405-a63a-2b66f30c90b8,EnhancedDynamicSwarmDE,both_biased,SBOX-COST,0.07399521440510481,ok
8ddae709-bbff-4e02-ab23-b566efa145e3,EnhancedDynamicSwarmDE,both_biased,SBOX-COST,0.07548298655661943,ok
8de6179d-1648-4d45-a4a3-b6627c4a46d6,PSO_DE_Adaptive,both_biased,SBOX-COST,0.08627628488752268,ok
8debbc14-835a-40fd-b47b-f08e5cca4ec5,HybridPSO_GA,f0_only_biased,SBOX-COST,0.14954167150045256,ok
8df5bec2-681b-4ded-9b97-24d19f31b88c,CollaborativeSwarmSearch,f0_only_biased,SBOX-COST,0.23609970210640724,ok
8e1750cd-473d-4bd4-9134-0733d2b9c6f0,EnhancedHybridPSODE,both_biased,SBOX-COST,0.16622836494882082,ok
8e177f9b-ccc8-4905-bd50-85f5b53b6efc,HybridPSOSA,both_biased,SBOX-COST,0.11569481178844097,ok
8e349e7c-e43a-4f81-9ff2-f3bbb93777ac,AdaptiveHybridPSO_GA,f0_only_biased,SBOX-COST,0.12079820252440816,ok
8e3a4ff5-79a0-4593-88a5-fb1ac335c5ff,EnhancedAdaptiveQuantumHybridPSO_DE,f0_only_biased,SBOX-COST,0.1684925377475484,ok
8e40096e-3a67-4922-b6b5-396e6e72ef29,AdaptiveSwarmGradientDescent,f0_only_biased,SBOX-COST,0.08345614621829665,ok
8e5e765f-b12f-40a0-a03f-7cb5c8f64aaf,AdaptiveSwarmGradientDescent,f0_only_biased,SBOX-COST,0.140709487952197,ok
8e680bcd-1c60-483f-bc42-8077985d4e9c,DynamicSwarmOptimizer,f0_only_biased,SBOX-COST,,error
8e6a22b1-f633-4c13-9df5-daedec6e824d,MultiAgentChaoticSwarm,f0_only_biased,SBOX-COST,0.13497283990893189,ok
8e77b84c-9aab-4228-9fa1-99bfce511178,RefinedHybridPSODE,both_biased,SBOX-COST,0.20489096222681313,ok
8e78d7b8-a961-4ff5-bec1-57e58cfa1e43,AdaptiveHybridPSO_GA_Elitism,f0_only_biased,SBOX-COST,0.11122962524907484,ok
8e7cf7ee-9d5d-45d6-9daf-ad3c6374b579,HybridPSODE,both_biased,SBOX-COST,0.19079875257338913,ok
8e8c0627-bd5d-4e41-8844-158439ffa97d,PSODEOptimizer,f0_only_biased,SBOX-COST,0.06841777746340909,ok
8e960925-f9f4-4dd8-9b9b-1352cd9490be,HPSO_ADE_Levy,both_biased,SBOX-COST,0.14770273269271786,ok
8e98ae40-7828-4512-973d-b4d7eacf803f,APSO,both_biased,SBOX-COST,0.0570702672381589,ok
8e9a49d3-9040-4498-ab6e-ac39aac67af7,HybridPSODE,f0_only_biased,SBOX-COST,0.1648988274939828,ok
8ea1b6cb-85ed-4ad0-9e90-cb7bc8b16cb4,EnhancedLevyFlightParticleSwarm,f0_only_biased,SBOX-COST,0.14431888549409538,ok
8ebc51d9-2f73-4b8c-ae87-664e0c690f20,DynamicPhaseTransitionSwarmOptimizer,both_biased,SBOX-COST,0.0611260598289802,ok
8ed086ac-2933-473b-9474-c6de9f319783,CollaborativeSwarmSearch,f0_only_biased,SBOX-COST,0.13120153154403258,ok
8ef6b611-2268-4f85-b0f4-49862217efd3,AdaptiveSwarmGradientDescent,f0_only_biased,SBOX-COST,0.15012532562088765,ok
8f0cb81b-cb01-4a4d-a075-5a66c550d301,EnhancedAdaptiveSwarmGradientDescent,f0_only_biased,SBOX-COST,0.1405709953177379,ok
8f0ecaa2-da22-42f9-b495-7e2561b7c3f5,DynamicPhaseTransitionSwarmOptimizer,both_biased,SBOX-COST,0.058089125051857746,ok
8f26488f-1093-4ae3-b81b-ae85bb196e78,CollaborativeSwarmSearch,f0_only_biased,SBOX-COST,0.2239814222370917,ok
8f452827-23db-403f-9250-ec9a8f5b359f,AdaptiveSwarmHarmonyOptimization,f0_only_biased,SBOX-COST,0.19512422344159952,ok
8f501780-3249-4d16-8453-8bde9910783d,AdaptiveSwarmHarmonySearch,neither_biased,SBOX-COST,0.12863241371679,ok
8f7a312e-1e09-4396-8c69-534fcd994419,CollaborativeSwarmSearch,f0_only_biased,SBOX-COST,0.08226914759134896,ok
8f865818-d6ec-4562-8207-94ab3de2746f,AdaptiveSwarmHarmonyOptimization,f0_only_biased,SBOX-COST,0.16048327405393936,ok
8f90d0bc-e903-4012-8b1c-6f4b2af75701,QuantumEnhancedSwarmOptimization,neither_biased,SBOX-COST,0.1340770298025373,ok
8fa84223-5245-4dc0-a33a-1ffef82a524b,HybridPSODE,f0_only_biased,SBOX-COST,0.14624094598138065,ok
8fbc20c9-9237-434a-b4b6-7c361fdf6f8a,HybridPSODEPlus,f0_only_biased,SBOX-COST,0.16827079529680555,ok
8fe054ae-d2b2-4a68-a1d3-71e5e9ce045d,EnhancedAdaptiveSwarmGradientDescent,f0_only_biased,SBOX-COST,0.1984177409479182,ok
8fec3063-252e-4758-90bf-1e7c06ed73e1,CollaborativeSwarmSearch,f0_only_biased,SBOX-COST,0.22544986348124874,ok
901d782f-9a2f-4589-b899-b9f4bc83339c,PSO_DE_Hybrid,f0_only_biased,SBOX-COST,0.14272850855821892,ok
9024cdd7-f6ea-4b38-b419-d383bba34346,DynamicSwarmOptimizer,f0_only_biased,SBOX-COST,,error
9034231f-adbd-460c-915e-35e75854859b,RefinedHybridPSODE,f0_only_biased,SBOX-COST,0.17772442205134514,ok
90343bc3-2c0e-45e3-b56c-504f7f648407,HybridPSODE,f0_only_biased,SBOX-COST,0.13396513225926793,ok
9065851b-3497-477a-a3c8-13c033b72442,PSO_DE_Hybrid,f0_only_biased,SBOX-COST,0.1725367270472012,ok
9069bec7-d013-4286-96ac-d887aedf42f8,ChaosEnhancedAdaptiveHybridSwarm,f0_only_biased,SBOX-COST,0.1087516183071868,ok
906b519b-9255-40b8-bf89-6a21e23bb075,EnhancedAdaptiveQuantumHybridPSO_DE,f0_only_biased,SBOX-COST,0.17653800718488505,ok
906d7949-dfa1-43c1-8104-3d0c2e7d0c79,EnhancedHybridDEPSO,f0_only_biased,SBOX-COST,0.1526314288154222,ok
906f1a50-2da6-4555-aa19-50c862f77e74,QuantumAdaptiveCooperativeSwarm,both_biased,SBOX-COST,,error
9082d75b-8745-42ac-b01c-b60cf84a4308,HybridPSODE,f0_only_biased,SBOX-COST,0.11915046847698518,ok
909eaa9c-cc7d-474b-b43c-57f5f71fe5af,EnhancedAdaptiveSwarmGradientDescent,f0_only_biased,SBOX-COST,0.20068985104032913,ok
909f8ba5-8def-4850-93da-d57d21a14032,AdaptiveSwarmGradientDescent,f0_only_biased,SBOX-COST,0.1779505378196357,ok
90a66c1b-c589-4013-8185-0a7a89f9313e,DynamicSwarmOptimizer,f0_only_biased,SBOX-COST,0.2005959116177626,ok
90dd6ef0-d98e-4344-9003-3bffcc13c667,EnhancedAdaptiveSwarmGradientDescent,f0_only_biased,SBOX-COST,0.19056122758165495,ok
90ec0156-328b-49a5-8fe3-a15eea223d21,HybridPSODE,f0_only_biased,SBOX-COST,0.11469044711299292,ok
90fbfaeb-3de9-4187-b128-bedddb86a1f9,AdaptiveSwarmHarmonyOptimization,f0_only_biased,SBOX-COST,0.15454908963314115,ok
91028b8f-a980-41e8-8918-6087d1ffa986,EnhancedAdaptiveSwarmGradientDescent,f0_only_biased,SBOX-COST,0.20470988479919466,ok
91115adf-3de0-4e76-a2fa-4732224283d8,PSODEOptimizer,f0_only_biased,SBOX-COST,0.06892438668716351,ok
9154bc01-e9f5-42d2-8154-953c03a3ad38,EnhancedHybridMetaheuristic,f0_only_biased,SBOX-COST,0.18270577996587234,ok
9181cad7-d931-41b6-a516-5f4bbc4c1792,DynamicPhaseTransitionSwarmOptimizer,both_biased,SBOX-COST,0.060083549445177464,ok
91a00faa-48eb-4a7d-8464-dff587909f8c,AdaptiveSwarmHarmonyOptimization,f0_only_biased,SBOX-COST,0.18469652575804496,ok
91a9e09d-513f-4d75-acc3-241260f75661,EnhancedHybridPSODE,both_biased,SBOX-COST,0.17041011762335623,ok
91e1e3b0-c4cd-4305-9989-bc9e22282739,HybridPSODE,both_biased,SBOX-COST,0.20627448696297296,ok
920fb7c4-0475-44ec-a0a3-7868b50fb40a,EnhancedHybridPSODE,both_biased,SBOX-COST,0.16782809966975526,ok
9212e5fd-2fcb-4b20-998e-e328b5450657,HybridPSODE,both_biased,SBOX-COST,0.1682590864344226,ok
92276eb8-d33a-4c24-b1a2-399350da2e59,EnhancedAdaptiveMultiPhaseSwarmOptimizer,g0_only_biased,SBOX-COST,0.07013826592169163,ok
9271e7a8-54b8-4777-b232-e6bc2f1fef5c,HybridPSO_DE,f0_only_biased,SBOX-COST,0.14569506222503956,ok
929a2d00-7a21-48e5-bfcf-cc9deb9cf4b3,HybridPSODE,f0_only_biased,SBOX-COST,0.10925759667461535,ok
92c20d27-7ea0-4ce0-9aed-59bff07147d6,EnhancedNAPSO,f0_only_biased,SBOX-COST,0.19235311186040657,ok
92e45894-dfc4-4450-926f-e3080d990189,AdaptiveEnhancedAPSO,both_biased,SBOX-COST,0.06057393512302803,ok
9301b01d-4f40-4893-9224-9b567b431cbc,ChaoticEnhancedHybridPSODE,f0_only_biased,SBOX-COST,0.10922347162626317,ok
93078497-cb31-43c3-b81a-57a5266f121c,EnhancedAdaptiveMultimodalExplorer,f0_only_biased,SBOX-COST,0.21427559137825328,ok
9343a11b-2e12-4c27-b2d6-fd4bc65b8b12,EnhancedAdaptiveSwarmGradientDescent,f0_only_biased,SBOX-COST,0.21365660711386164,ok
93519c7b-fbba-4bb8-934b-436bbd830a1f,PSO_DE_Hybrid,f0_only_biased,SBOX-COST,0.2135926033258085,ok
9354b24a-2fde-480d-8eef-c92cce1b0f34,EnhancedMemorySwarm,both_biased,SBOX-COST,,error
935afa8c-83cc-4e72-a6bf-b3197068f7c7,SwarmOptimizer,f0_only_biased,SBOX-COST,0.1690411881064513,ok
936a4e5f-1660-42af-95f5-7441873e385f,DynamicSwarmOptimizer,f0_only_biased,SBOX-COST,0.11874152202884737,ok
9379fac6-eb23-4854-b875-f18c9c089129,AdaptiveSwarmGradientDescent,neither_biased,SBOX-COST,0.16336059659058255,ok
93828280-2a14-4b13-8cfb-6adc0e4451e8,PSO_DE_Hybrid,f0_only_biased,SBOX-COST,0.12291087283432778,ok
93947c9b-4b39-428c-b798-d59f14b802b7,HPSO_ADE_Enhanced,both_biased,SBOX-COST,0.13768050199781062,ok
93a838b0-b406-4dc1-870d-da89e7734d58,HPSO_ADE_Enhanced,both_biased,SBOX-COST,0.1520801057160837,ok
93cd048f-a4a6-4d4c-a2fd-98a84a5850c3,AdaptiveSwarmHarmonyOptimization,f0_only_biased,SBOX-COST,0.12358311013287177,ok
93d12a2a-0df8-495e-b957-40d34cf9b2df,EnhancedChaoticLevySwarm,f0_only_biased,SBOX-COST,0.17495595548602844,ok
93d9723b-8ca2-4e31-b25f-4966a96f7218,HPSO_ADE_Enhanced,both_biased,SBOX-COST,0.15700563141138263,ok
93ee4008-2853-4a86-ad30-068b4d6c2b80,PSO_DE_Hybrid,f0_only_biased,SBOX-COST,0.20083881705873852,ok
93f13b27-d39e-4d9e-be49-1ef26ec6733e,HybridAdaptiveExplorer,f0_only_biased,SBOX-COST,0.17734607036595756,ok
93f2c0a5-d237-4985-a7f1-769e20f84432,ChaosEnhancedAdaptiveHybridSwarm,f0_only_biased,SBOX-COST,0.12015840283384778,ok
940b9948-91a1-4216-8d77-7b5ae9e26c91,AdaptiveSwarmGradientDescent,neither_biased,SBOX-COST,0.16227550067580349,ok
9455939e-3114-4a29-a413-8aab5191bfad,AdaptivePSO_DE,f0_only_biased,SBOX-COST,0.07257566217601202,ok
946671df-bb5b-455c-ad42-1eecf9999af4,HPSO_ADE,f0_only_biased,SBOX-COST,0.1517429456685977,ok
9472e38e-0d10-4eae-837d-2f6ac610c306,RefinedHybridPSODE,both_biased,SBOX-COST,0.14859117386058213,ok
948c3ff3-db3b-4edb-abfd-b4eb4c2fe1c2,AdaptiveSwarmHarmonyOptimization,f0_only_biased,SBOX-COST,0.11782070296914346,ok
94cb205c-db5a-446f-a07f-5c79cc02da4c,ChaosEnhancedAdaptiveHybridSwarm,f0_only_biased,SBOX-COST,0.11111962158033425,ok
94f6ba91-b169-4216-93b6-07938facecc0,PSO_DE_Optimized,f0_only_biased,SBOX-COST,0.07198295808950221,ok
94ff17d9-85bd-4b80-b8fa-9c6380f7283e,EnhancedNAPSO_v2,f0_only_biased,SBOX-COST,0.19724119476641822,ok
9506fb83-2567-434d-bf24-963a177be05e,EnhancedAdaptiveHybridPSODE,f0_only_biased,SBOX-COST,0.17905798875576123,ok
950b3139-9b41-458b-bc1a-151b38e38101,PSO_DE_Hybrid_Improved,f0_only_biased,SBOX-COST,0.1799155911612758,ok
9572106a-e316-4c5d-b077-43105f0a1e72,Enhanced_Env_Adaptive_Hybrid_PSO_DE,f0_only_biased,SBOX-COST,0.07749959540337367,ok
95a15d0d-cb8c-43cd-a90d-908c9c328419,AdaptiveSwarmGradientDescent,f0_only_biased,SBOX-COST,0.19892557837657912,ok
95a4e818-0334-45df-9bc4-c0b76a49e50a,AdaptiveMemorySwarmOptimizer,both_biased,SBOX-COST,0.06150878746553346,ok
95c6af95-60d5-4191-a23b-15797ee9bb29,RefinedHybridPSODE,both_biased,SBOX-COST,0.1371788031706375,ok
95cee3bd-2497-4c98-85f3-211c09c51ab3,HybridPSOSA,both_biased,SBOX-COST,0.10155763414568023,ok
95e05008-5b46-457b-91ef-29c59eed45e1,AdaptiveSwarmGradientDescent,f0_only_biased,SBOX-COST,0.14092199895094232,ok
95f79642-96a7-43fe-901e-e09a34c79407,EnhancedAdaptiveSwarmGradientDescent,neither_biased,SBOX-COST,0.1384770795747323,ok
95f8f30f-e133-4d18-99f3-94c619925aeb,EnhancedHybridPSODE,f0_only_biased,SBOX-COST,0.1553728507529859,ok
95fc108d-512b-4fd0-8bf8-8e1cb65701aa,AdaptiveChaoticParticleSwarm,f0_only_biased,SBOX-COST,0.15448477121765092,ok
95fe113f-485a-4c0d-9646-94f08279c686,EnhancedDynamicSwarmDE,both_biased,SBOX-COST,0.07477758347120957,ok
960f2b60-1896-4fa9-967d-2fb4b0fea1c0,HybridPSOSA,both_biased,SBOX-COST,0.1135500923569267,ok
9610cade-51fa-4c18-8561-b7a3ddfa23e6,AdaptiveSwarmOptimizer,f0_only_biased,SBOX-COST,0.18214434883372382,ok
961ead95-764b-4159-b66e-455ad35d8b1a,NAPSO,f0_only_biased,SBOX-COST,0.17523334949066993,ok
9633faf7-f4f4-4d88-8724-9fc88ac2d629,PSO_DE_Hybrid,f0_only_biased,SBOX-COST,0.16989649980363855,ok
9679910b-f67a-4c57-8ff9-4a3dbbc38bda,CollaborativeSwarmSearch,f0_only_biased,SBOX-COST,0.21415815654786974,ok
969686c4-7873-4675-9d97-0388e6dab08b,AdaptiveSwarmGradientDescent,f0_only_biased,SBOX-COST,0.22193454983251062,ok
96baa706-3b0c-414f-a34f-6bf9ad1d043c,EnhancedAdaptiveSwarmGradientDescent,f0_only_biased,SBOX-COST,0.16948012323007988,ok
96bb63e5-9097-4c87-9512-6ae470acb65b,EnhancedHybridPSO,f0_only_biased,SBOX-COST,0.222109606826506,ok
96beacbc-3a3a-4351-886f-ce6bab78bf6b,HybridPSODE,f0_only_biased,SBOX-COST,0.2311465064281547,ok
96c41de5-a174-498a-b3ce-487b540a2d2f,EnhancedAdaptiveSwarmGradientDescent,f0_only_biased,SBOX-COST,0.15506089353209698,ok
96e3f4f1-31b4-408a-91e7-3616f83ee80d,AdaptiveSwarmHarmonySearch,neither_biased,SBOX-COST,0.12647239127769913,ok
97027ae7-2941-410f-ad2d-b3d97b50d3ca,EnhancedHybridPSO_DE,both_biased,SBOX-COST,0.17722756097088188,ok
97043fd2-01f9-4348-a9d9-2d1d79900d1d,AdaptiveSwarmGradientDescent,f0_only_biased,SBOX-COST,0.18516545368109066,ok
9724d839-ee4d-44f3-85fe-c381241ccb4d,SynergisticAdaptiveCooperativePSO,both_biased,SBOX-COST,0.07925338060569942,ok
974161fd-c477-40ff-8ea2-b81c3a231621,EnhancedAdaptiveSwarmGradientDescent,f0_only_biased,SBOX-COST,0.20979156598733967,ok
9754219f-ee46-4723-ad26-899d42308a6f,AdaptiveSwarmGradientDescent,f0_only_biased,SBOX-COST,0.20495513751675842,ok
97a3ed9c-0526-44ac-8b98-aec9ab171768,AdaptiveSwarmGradientDescent,f0_only_biased,SBOX-COST,0.12904361233399045,ok
97a86a12-d276-4ccf-b4bd-789c827dfcc7,HybridPSODE,both_biased,SBOX-COST,0.16682992366814772,ok
97bfe40e-29cf-4b0f-bec4-6029aa83593b,HybridPSODE,both_biased,SBOX-COST,0.2139109005140639,ok
97e717a9-b939-4e9f-b369-c8db5b32de8c,HPSO_ADE_Enhanced,both_biased,SBOX-COST,0.16114359815911855,ok
97f1022e-bd89-4bc1-9b72-05832b2712c4,Adaptive_Hybrid_PSO_DE,f0_only_biased,SBOX-COST,0.07421711276885153,ok
982be18a-e69e-442e-83bf-b1cb8e5ab344,AdaptiveSwarmGradientDescent,f0_only_biased,SBOX-COST,0.2205334133849067,ok
982cb819-9510-42b0-b168-e950ffe2a392,HybridPSODE,f0_only_biased,SBOX-COST,0.1775241721995442,ok
984dc8fc-b474-42ad-ade8-7a72ba1347f3,AdaptiveHybridPSODE,f0_only_biased,SBOX-COST,0.2047643472514784,ok
98693dec-291d-4bfb-a01b-3cb9476ad305,AdaptiveSwarmHarmonySearch,neither_biased,SBOX-COST,0.1284295819597709,ok
986f717b-33f5-4bd9-b135-d97683f48f09,CollaborativeSwarmSearch,f0_only_biased,SBOX-COST,0.211258873972621,ok
9871d3e3-2755-4112-ac76-8cf730413a68,DynamicSwarmOptimizer,f0_only_biased,SBOX-COST,,error
9889f519-84d7-4084-9e82-adfbff698abe,EnhancedAdaptiveSwarmGradientDescent,f0_only_biased,SBOX-COST,0.22386085938890535,ok
98a1613f-24e8-4dc3-a1d2-948d6e0bdc7c,EnhancedNAPSO,f0_only_biased,SBOX-COST,0.1385748173444962,ok
98ad5e88-1c8d-4320-9b59-1dcf8f7f53e5,HybridPSOSA,both_biased,SBOX-COST,0.11920436686250563,ok
98c58f26-aa54-42db-b0bc-9d172e6f29a6,HybridPSO_DE,f0_only_biased,SBOX-COST,0.11975037418833548,ok
98d1d682-92cc-4965-a308-6c65d80c85c9,HybridPSO_DE,f0_only_biased,SBOX-COST,0.1679770004848956,ok
98dd94c4-7def-4be2-9d83-0fa08b3e2bfb,AdaptiveSwarmGradientDescent,f0_only_biased,SBOX-COST,0.15237246122841142,ok
98dfafb0-b9b1-40a4-b35a-8e9ac9ce34c9,HybridPSO_DE,f0_only_biased,SBOX-COST,0.1317115244253062,ok
98ec6017-e622-436b-9c18-75ec55b3aba4,HybridPSODE,both_biased,SBOX-COST,0.23649832509157248,ok
98f1b0aa-30cb-401b-9f99-f2c24bfe20b2,AdaptiveSwarmGradientDescent,f0_only_biased,SBOX-COST,0.1404805937849602,ok
98f6b578-8695-4722-9094-b307270c9ac4,ChaoticAdaptiveSwarmOptimizer,neither_biased,SBOX-COST,0.11878150342962382,ok
98f828d8-026a-4357-a7f0-a40f0f22ef07,AdaptiveMultiStrategyMetaheuristic,both_biased,SBOX-COST,0.12062574827408246,ok
990a96f0-9a83-4467-9ee3-13c3e2af8fda,HybridPSO_DE,f0_only_biased,SBOX-COST,0.14813054056174405,ok
9918417e-a593-4e85-abcf-f391a816f11f,CollaborativeSwarmSearch,f0_only_biased,SBOX-COST,0.20621266204316885,ok
99206eeb-acce-4ce5-9967-13da94e1d855,QuantumInspiredAdaptiveMomentumPSO_DE,f0_only_biased,SBOX-COST,0.18881126243164031,ok
99390eab-b5b3-4e1c-a151-012f0bad224d,HybridPSOSA,both_biased,SBOX-COST,0.11534919483289825,ok
9959a344-e691-496e-94bb-cc910a895678,EnhancedAdaptiveSwarmGradientDescent,neither_biased,SBOX-COST,0.12914783420512063,ok
9972bed5-7d58-4ac6-a631-3a3feff676a1,PSO_DE_Hybrid_Improved,f0_only_biased,SBOX-COST,0.18224899512318693,ok
99aa9c6b-d36a-4c4e-a4b2-cb2cf5d963c1,NAPSO,f0_only_biased,SBOX-COST,0.11756898866083867,ok
99d3bc92-fedf-49d9-8595-34192ea17953,AdaptiveSubgroupDAPSO,both_biased,SBOX-COST,0.14273598811824367,ok
9a0ead0f-ca99-4a97-820f-ee277181303c,HybridPSODE,f0_only_biased,SBOX-COST,0.22137011592951547,ok
9a0eae75-7614-454a-9695-e1c227cf24fc,AdaptiveSwarmGradientDescent,f0_only_biased,SBOX-COST,0.16240952684337517,ok
9a5f233c-6c51-40b7-9d99-945a4676bd0a,AdvancedAdaptiveSwarmDE,both_biased,SBOX-COST,0.06399369023406068,ok
9a8dcb83-8081-4375-8a70-0f464f6fc26f,SwarmOptimizer,f0_only_biased,SBOX-COST,0.19185466769595833,ok
9a9dce04-8eb3-4204-8dd7-623018479e87,SwarmOptimizer,both_biased,SBOX-COST,0.19180635076384178,ok
9aa74bbf-0b72-4d8c-96bc-35e7d3bee2d7,DynamicPhaseTransitionSwarmOptimizer,both_biased,SBOX-COST,0.05889535200558154,ok
9b15515e-82bc-4b38-a7bb-afaf4437e30e,EnhancedAdaptiveHybridPSO_GA,f0_only_biased,SBOX-COST,0.10990036346594761,ok
9b1abded-5acf-4532-bb81-7008bda4faa9,EnhancedAdaptiveCooperativeSwarm,both_biased,SBOX-COST,,error
9b52a676-04cd-45f9-b3b5-b127018d2270,AdaptiveHybridPSO_GA,f0_only_biased,SBOX-COST,0.1070387540409685,ok
9b544c7e-4cf4-48ad-ba7e-3d79fb0afb4c,AdaptiveHybridPSODE,f0_only_biased,SBOX-COST,0.1624380636332711,ok
9b586c5d-113d-435b-8671-0d589d6b8caa,EnhancedHybridPSODE,f0_only_biased,SBOX-COST,0.12428986217999884,ok
9b5a5e97-bcc1-423a-8fe5-1cb5498a93ff,CollaborativeSwarmSearch,f0_only_biased,SBOX-COST,0.1457413584510142,ok
9b6780fd-df1d-4da0-97e5-a97694a0fe35,EnhancedParticleSwarmDCM,neither_biased,SBOX-COST,0.10903131544112019,ok
9b7be540-9c34-484c-8d24-84fcac248345,AdaptiveSwarmGradientDescent,f0_only_biased,SBOX-COST,0.1325539512901468,ok
9b9363ea-8ba6-43be-8fd8-e9025c6c7f15,EnhancedNAPSO,f0_only_biased,SBOX-COST,0.21204235847473998,ok
9b9a5909-b8b4-4fee-8e43-60b18481a999,AdaptiveHybridPSODE,f0_only_biased,SBOX-COST,0.1765958130469522,ok
9ba0fab6-dbb9-4208-ab41-db4b5fe3da89,RefinedHybridDEPSO,f0_only_biased,SBOX-COST,0.13261325509666574,ok
9bdf32ae-52e0-4079-8c12-4d0fccfa6a13,AdaptiveSwarmGradientDescent,f0_only_biased,SBOX-COST,0.1819443859449688,ok
9bf5daca-a0b3-4f49-8524-b1d41ab0aef9,ChaosLevyHybridSwarm,f0_only_biased,SBOX-COST,0.12334161216503492,ok
9c4b7635-56c2-473c-a61e-a252d77a9ae3,AdaptiveSwarmHarmonySearch,neither_biased,SBOX-COST,0.13378352102273877,ok
9c50a23f-f406-463a-abf1-6b500a485958,EnhancedAdaptiveSwarmGradientDescent,f0_only_biased,SBOX-COST,0.17023868939346753,ok
9c6e680e-3021-4a79-b43d-f813eb16bef7,CollaborativeSwarmSearch,f0_only_biased,SBOX-COST,0.19777901286088756,ok
9c856a6b-e5fe-4ad5-9980-1c2d52e32b5e,HybridPSODE,f0_only_biased,SBOX-COST,0.1516445394506089,ok
9c968ae1-c912-4d02-9c70-33e3013c8466,EnhancedAdaptiveSwarmGradientDescent,f0_only_biased,SBOX-COST,0.21496927273930627,ok
9cc8a90a-0f00-409e-a178-b212eefb0986,ChaosEnhancedAdaptiveHybridSwarm,f0_only_biased,SBOX-COST,0.12336920101199746,ok
9cd4292d-ac9e-448f-b0f8-beead890c5f4,HybridPSOSA,both_biased,SBOX-COST,0.11878585614726303,ok
9cde036d-0a75-45b0-8d40-d7c6f0b647fb,EnhancedAdversarialSwarmDE,both_biased,SBOX-COST,0.07291141291590544,ok
9d0befd6-06cc-4ccc-b069-291ba60dd2c0,AdvancedMultiSwarmPSO,f0_only_biased,SBOX-COST,0.2008310281292618,ok
9d525c90-2bd3-436e-9a10-b386308488f7,AdaptiveSwarmOptimizer,f0_only_biased,SBOX-COST,0.13797619927225985,ok
9d587eac-9137-40b4-b766-ef8db88884ac,SwarmOptimizer,f0_only_biased,SBOX-COST,0.18834511957696695,ok
9d8a926e-e686-40d9-b88e-3d9ee2ec454c,HybridPSODE,f0_only_biased,SBOX-COST,0.14481652385300858,ok
9dacdd1b-c132-4ba9-ac5a-7f1b2057275c,AdaptivePSO,f0_only_biased,SBOX-COST,0.17479356602866286,ok
9db29bc9-1b40-46c1-84d4-54b7ffc1cc62,EnhancedAdaptiveSwarmGradientDescent,f0_only_biased,SBOX-COST,0.1677416833630953,ok
9db42b03-2516-4f5a-b497-b64e3580bc4d,AdaptiveSwarmGradientDescent,f0_only_biased,SBOX-COST,0.20977011468361148,ok
9e0ed135-91b4-4b74-a3eb-f8eb92a4ea55,PSO_DE_Hybrid,f0_only_biased,SBOX-COST,0.11202616782533417,ok
9e142c80-de07-4f8b-b40e-0599eea5b2b1,EnhancedAdaptiveSwarmGradientDescent,f0_only_biased,SBOX-COST,0.20285684371822726,ok
9e563067-2170-460d-a9bd-99fbbb2cd097,AdaptiveSwarmGradientDescent,neither_biased,SBOX-COST,0.17186933266047508,ok
9e6f20a2-c3c4-4414-b39b-82699b193b55,AdaptiveSwarmGradientDescent,f0_only_biased,SBOX-COST,0.22135063862482615,ok
9e830327-44c5-4341-8cd2-fe5ad1af5385,AdaptiveParticleSwarmCGE,f0_only_biased,SBOX-COST,0.14078184231582663,ok
9e861576-df52-444a-abca-6d731bbb7872,AdaptiveSwarmChaosMemory,f0_only_biased,SBOX-COST,0.17073653555635848,ok
9e9138d3-741f-4c4d-914e-4ef1ee166044,SwarmOptimizer,f0_only_biased,SBOX-COST,0.13243673148588236,ok
9e966033-9496-42ec-b29a-db4da3737424,EnhancedAdaptiveSwarmGradientDescent,f0_only_biased,SBOX-COST,0.20488370504320277,ok
9ecd4a86-5992-4aec-8722-ed17d786d402,AdaptiveHybridPSO_GA,f0_only_biased,SBOX-COST,0.11075924075112709,ok
9ef16f2a-7ad3-46bd-940a-27034d6e31b6,EnhancedAdaptiveSwarmGradientDescent,f0_only_biased,SBOX-COST,,partial
9efd43af-22e0-4c76-8d2a-bd31164d6170,PSODEOptimizer,both_biased,SBOX-COST,0.06909630617090501,ok
9f2538ba-970b-4678-a8c2-c3d134263105,EnhancedNAPSO,f0_only_biased,SBOX-COST,0.1787551729418726,ok
9f2a2bc0-16a4-4a17-bb80-fdf4e206ec1b,AdaptiveSwarmHarmonySearch,f0_only_biased,SBOX-COST,0.13776006982336103,ok
9f2cb53f-e72f-44d3-9c7d-82d848cf929f,SwarmOptimizer,f0_only_biased,SBOX-COST,0.19998116772643745,ok
9f39589f-3d84-401b-a982-9ec35c2ea54e,EnhancedAdaptiveSwarmGradientDescent,neither_biased,SBOX-COST,0.12378426235540135,ok
9f6a7e81-587d-494c-8952-5736c9444b03,EnhancedDynamicSwarmDE,both_biased,SBOX-COST,0.07657347783992233,ok
9f7b27f2-8d2c-451e-a7f7-a29a3fa61483,PSODEOptimizer,f0_only_biased,SBOX-COST,0.07240739122827755,ok
9fa41c79-5218-4bc2-b8dc-922ec2fa5fc0,ChaosEnhancedAdaptiveHybridSwarm,f0_only_biased,SBOX-COST,0.12121438731919085,ok
9fae9bbe-505d-4c84-9d10-de2ec05aa5ad,AdaptiveSwarmHarmonyOptimization,f0_only_biased,SBOX-COST,0.14368327938982794,ok
9fc66a7d-34a8-4068-81ba-321b58b60b86,AdaptiveSwarmGradientDescent,f0_only_biased,SBOX-COST,0.22418693141482385,ok
9ffa8db6-e3d5-43fd-8f11-71714c24c2d8,HybridPSODE,f0_only_biased,SBOX-COST,0.15173560659099908,ok
a0003b5f-673b-4152-b5f8-cb12a4e4c1cc,EnhancedAdaptiveCooperativeSwarm,both_biased,SBOX-COST,0.1634991456167999,ok
a0429983-e0ea-470f-a36c-966ab7f85e73,HybridPSODE,both_biased,SBOX-COST,0.14093885879423312,ok
a0543462-5a7e-4c70-b355-06b8ccd524f9,CollaborativeSwarmSearch,f0_only_biased,SBOX-COST,0.20716499323675916,ok
a05c74ef-e6b5-4156-8940-4b36b4a60992,PSO_DE_Hybrid,f0_only_biased,SBOX-COST,0.17846597064537312,ok
a07474f2-91cf-4167-ae5a-02169f76266e,EnhancedAdaptiveDEPSO,f0_only_biased,SBOX-COST,0.11630383206426331,ok
a09149c7-8a89-4cbe-94b4-16acf7d70c7d,EnhancedHybridPSODE,f0_only_biased,SBOX-COST,0.20511327123897846,ok
a0ae8cf9-bfa0-4926-b7f6-3eb91589248d,EnhancedAdaptiveSwarmGradientDescent,f0_only_biased,SBOX-COST,0.21249908873869056,ok
a0bce4c9-6fd3-460d-8b12-a59389d9c0db,QuantumInspiredAdaptiveMomentumPSO_DE,f0_only_biased,SBOX-COST,0.14302254909158596,ok
a0d50611-5db0-4178-a068-4287a9071533,PSODEOptimizer,both_biased,SBOX-COST,0.06469172537995019,ok
a0f07a61-f93c-4a91-b29a-0af2e8747a42,EnhancedNAPSO,f0_only_biased,SBOX-COST,0.21147707905144097,ok
a100de28-9150-4daf-a25e-30a14206d7ec,PSO_DE_Hybrid,f0_only_biased,SBOX-COST,0.1302785987926663,ok
a105db9a-2554-48e4-bf35-3eeb2778df50,HPSO_ADE,f0_only_biased,SBOX-COST,0.15544302051833336,ok
a1095e62-d534-4fb9-992d-8bb5c2bed5de,DynamicPhaseTransitionSwarmOptimizer,both_biased,SBOX-COST,0.05898421020139311,ok
a11ca40e-90db-4dc4-a9db-d527bb28fd59,EnhancedDAPSO,both_biased,SBOX-COST,0.13636942353265993,ok
a1368a62-272d-4e0b-9b4b-9611db309bee,AdaptiveSwarmHarmonyOptimization,f0_only_biased,SBOX-COST,0.1777764928540893,ok
a13b0129-800b-4684-a606-d9bf37f1bd36,CollaborativeSwarmSearch,f0_only_biased,SBOX-COST,0.20030251847666147,ok
a1409176-615a-4a26-943c-8d3eba6c8a68,AdaptiveSwarmOptimizer,f0_only_biased,SBOX-COST,0.17180968172242866,ok
a140f172-7401-4d4a-b34d-3287fe9ca04a,AdaptiveSwarmHarmonySearch,neither_biased,SBOX-COST,0.12346273291849,ok
a15b1251-5198-488f-a135-ba7163cb991a,HPSO_ADE,f0_only_biased,SBOX-COST,0.15624151037298242,ok
a18e741d-95b2-4e0e-94bf-6b286d30a4a1,HybridPSO_DE,f0_only_biased,SBOX-COST,0.13285233306653935,ok
a1b0955c-703a-4468-af63-c7f0270758b6,AdaptiveSwarmGradientDescent,f0_only_biased,SBOX-COST,0.20504899662691267,ok
a1c5eb21-8667-46be-bc58-5a14be058f0a,RefinedHybridDEPSO,f0_only_biased,SBOX-COST,0.14968655905565562,ok
a1cc2508-c330-4703-8670-471f4ccc7684,EnhancedAdaptiveHybridPSO_GA,f0_only_biased,SBOX-COST,0.11248454707194622,ok
a1d472a5-c92b-4852-9678-df5da7611f38,CollaborativeSwarmSearch,f0_only_biased,SBOX-COST,0.23775045292492386,ok
a1faeca0-7149-4d90-8aab-124262fbc4b5,EnhancedChaoticDifferentialEvolution,both_biased,SBOX-COST,0.13722214713401404,ok
a220d292-9234-48a0-a98a-5dd8eadc7e98,HybridPSOSA,both_biased,SBOX-COST,0.10867918559405315,ok
a243596e-cf3e-4a66-8242-325a35449cd8,CollaborativeSwarmSearch,f0_only_biased,SBOX-COST,0.24666060847535537,ok
a2778cce-f601-446f-ab0d-37af487ab51d,ImprovedAdaptiveSwarmPerturbation,f0_only_biased,SBOX-COST,0.15209258160154585,ok
a2779569-1fb2-40f0-b9ca-6996085296e8,EnhancedNAPSO,f0_only_biased,SBOX-COST,0.20484669994537213,ok
a28c3083-d29a-4a6d-b8f9-d9743908faf9,HybridPSO_DE,f0_only_biased,SBOX-COST,0.1082378045735217,ok
a29d24bb-fe22-462b-8358-abd1e9025c6b,SwarmOptimizer,f0_only_biased,SBOX-COST,0.19237490631346987,ok
a2a94e6f-4c73-4aa6-8889-c903bd731b36,HybridPSODE,both_biased,SBOX-COST,0.20526577023217052,ok
a2aa5911-3438-4b5a-ad6f-50e0a848554d,HybridPSO_DE,f0_only_biased,SBOX-COST,0.1417408056486819,ok
a2ae48f7-c694-432c-bfa9-444454eac727,ChaoticSwarmOptimizer,f0_only_biased,SBOX-COST,0.13348166360272112,ok
a2b35c15-7e3c-4a55-b206-d73e1493cbec,EnhancedAdaptiveSwarmGradientDescent,f0_only_biased,SBOX-COST,0.22753368232400772,ok
a2cab229-78e1-4a18-a37b-ed7aea997598,AdaptiveSwarmGradientDescent,f0_only_biased,SBOX-COST,0.17818863509931668,ok
a2ec1bdf-9b89-45ea-8ae0-aa633ceec528,AdaptiveSwarmGradientDescent,f0_only_biased,SBOX-COST,0.19852986544854662,ok
a303da0b-1d09-4427-a464-c976c893da5d,EnhancedAdaptiveSwarmGradientDescent,f0_only_biased,SBOX-COST,0.2237557512938707,ok
a33eaefe-523a-4cca-85ea-268b82af3b79,HybridPSODE,both_biased,SBOX-COST,0.18623034197306818,ok
a3456fd6-70f3-4384-af4e-dd5ad574c119,ChaosEnhancedAdaptiveHybridSwarm,f0_only_biased,SBOX-COST,0.11799695111818846,ok
a3855f0f-5b2f-4455-a602-776e783d6295,PSO_DE_Hybrid,f0_only_biased,SBOX-COST,0.2097551389182472,ok
a3876eb6-9d53-41c3-ba36-1f24c382a7e3,RefinedDynamicSwarmDE,both_biased,SBOX-COST,0.0721264365015437,ok
a3a505a3-1f4b-4422-9c67-dbfd179f3151,AdaptiveSwarmHarmonyOptimization,f0_only_biased,SBOX-COST,0.170422778474787,ok
a3b92867-e3f0-4647-8830-93e5a6680d77,EnhancedAdaptiveSwarmGradientDescent,f0_only_biased,SBOX-COST,0.14337265945116562,ok
a3e5a75c-31d7-42c4-8a5c-e1ccea5ff80e,AdaptiveSwarmGradientDescent,f0_only_biased,SBOX-COST,0.1779046474783771,ok
a3ea8bfe-8c71-4a5f-b259-4b84989870e2,AdaptiveSwarmGradientDescent,neither_biased,SBOX-COST,0.14679616763465436,ok
a423ea4f-e2fe-4ad6-acf0-ef8204806729,HybridPSO_DE,f0_only_biased,SBOX-COST,0.18269179478880537,ok
a434ea9c-4b7b-417a-b121-c723c6fc9ef2,AdaptiveSwarmGradientDescent,f0_only_biased,SBOX-COST,0.20824996250639877,ok
a4372647-4f43-4e7d-ade0-c8a576fc6762,PSO_DE_Hybrid,both_biased,SBOX-COST,0.1548748721909367,ok
a444b778-055c-4e55-b8ef-96c20a1d667e,E_AHSO,f0_only_biased,SBOX-COST,,partial
a450e894-d6d4-4185-aeb4-7cbe72d28b56,EnhancedNAPSOv2,f0_only_biased,SBOX-COST,0.21083082229896466,ok
a455ee82-be7e-46af-99cd-7ce4d7847b77,AdaptiveSwarmOptimizer,f0_only_biased,SBOX-COST,0.16020748181690936,ok
a465fbc6-23e1-43e1-b8a1-7608f89b3098,HybridPSODE,f0_only_biased,SBOX-COST,0.2080878490181068,ok
a468113a-ecc1-4e49-9c2d-3ee0ab749848,HybridPSODE,f0_only_biased,SBOX-COST,0.16312385631447948,ok
a46be751-ca73-4b1b-864f-20fb39178a2f,EnhancedNAPSO,f0_only_biased,SBOX-COST,0.1484772318679361,ok
a48bcb71-24b1-4b29-a1d4-ed0cda36cb80,EnhancedAdaptiveSwarmGradientDescent,f0_only_biased,SBOX-COST,0.17396036687985267,ok
a4a2feff-9287-4db1-8e51-0814f1741d44,AdaptiveHybridPSO_GA,f0_only_biased,SBOX-COST,0.11833458776653152,ok
a4bcea56-dd2a-4461-a101-b59c786367d4,HybridPSODE,f0_only_biased,SBOX-COST,0.1434782100408152,ok
a4bfa98a-520d-43e9-9f02-dd38d3055f2d,HybridPSODE,f0_only_biased,SBOX-COST,0.2241941033131181,ok
a4c7eaad-77e3-406e-a95b-08103c0df6d9,EnhancedHybridPSODE,f0_only_biased,SBOX-COST,0.18005400265611216,ok
a4cc44fa-a61d-49b2-8ba2-5739af783e9d,AdaptiveSwarmHarmonySearch,neither_biased,SBOX-COST,0.13878281123421732,ok
a4e91e2b-2211-4162-9c3f-760239bbf1c1,EnhancedDAPSO,both_biased,SBOX-COST,0.1360227273071697,ok
a503ba23-b593-4e13-9079-6f564edd95da,AdaptiveSwarmGradientDescent,f0_only_biased,SBOX-COST,0.18090086578214098,ok
a50a2979-5995-401b-bf07-1f195833c994,HybridPSODE,f0_only_biased,SBOX-COST,0.10835554693154831,ok
a50cc813-b37d-4545-b0b3-8f74a3abafa7,AQPSO,f0_only_biased,SBOX-COST,0.061551923107714,ok
a534973d-9a18-43f9-88cb-7829bba8d902,RefinedDAPSO,both_biased,SBOX-COST,0.13432856873571708,ok
a542be04-3c35-4dad-bcf2-52394ba86508,HybridPSOSA,both_biased,SBOX-COST,0.13167311972000814,ok
a544b962-bfa3-44dc-88e9-dadfa70e0ba1,EnhancedNAPSO,f0_only_biased,SBOX-COST,0.21151520058890905,ok
a5501879-ad34-4f34-aaee-8306dab51582,HPSO_ADE_Enhanced,both_biased,SBOX-COST,0.18123304362665243,ok
a58c1c8d-ee5f-402c-aecf-3c44e22ab647,EnhancedHybridDEPSO,f0_only_biased,SBOX-COST,,partial
a59f7667-18ed-4294-b12c-0f7f30661da8,ChaoticSwarmOptimizer,f0_only_biased,SBOX-COST,0.17463170642092044,ok
a5a40f3a-1132-48b2-809d-e2798e9025d4,AdaptiveHybridPSO_GA,f0_only_biased,SBOX-COST,0.1213611856832368,ok
a5f38a65-ae7b-4355-ac40-6fa338e332be,EnhancedNAPSO,f0_only_biased,SBOX-COST,0.19823656876281104,ok
a5fb0bb8-90f5-4c4f-b58e-fec5d59ee93e,SwarmOptimizer,f0_only_biased,SBOX-COST,0.16207844842984614,ok
a620c943-7c10-4928-b9fb-95c0cc5ed91a,AdaptiveSwarmGradientDescent,neither_biased,SBOX-COST,0.13483922382536373,ok
a6221e18-f2c1-450e-835a-d8d8c18163cd,EnhancedAdaptiveSwarmGradientDescent,f0_only_biased,SBOX-COST,0.12390777656763267,ok
a62833fe-9788-443f-bfae-eded91790236,AdaptivePSO,f0_only_biased,SBOX-COST,0.16856044103619938,ok
a6a29b5f-b8d9-4624-b75d-ecc0c7e4443e,SwarmOptimizer,f0_only_biased,SBOX-COST,0.13724509000063873,ok
a6c5bc6e-db38-4351-99cd-e9b357a73a00,EnhancedHybridPSODE,both_biased,SBOX-COST,0.09310151154997526,ok
a707730a-5b7b-4b84-b339-11777694ed17,EnhancedHybridPSODE,f0_only_biased,SBOX-COST,0.16862981771146965,ok
a742b010-a45c-4ed0-b920-65a161eed67f,AdaptiveSwarmGradientDescent,f0_only_biased,SBOX-COST,0.21447179160777816,ok
a74bb6d0-3d6c-4713-9c2b-585a444083c8,AdaptiveSwarmHarmonyOptimization,f0_only_biased,SBOX-COST,0.14114764687717604,ok
a79022c3-ff22-4623-9bfb-183fbe838d1b,AdaptiveSwarmGradientDescent,f0_only_biased,SBOX-COST,0.183964251637509,ok
a7babcd2-04b1-48cb-80a8-75f44a914c0f,ImprovedChaosEnhancedAdaptiveHybridSwarm,f0_only_biased,SBOX-COST,0.11647595414693092,ok
a7c17cf6-d82e-4bfc-8e6b-f6e583e78ff4,EnhancedImprovedHybridPSODE,f0_only_biased,SBOX-COST,0.11149985920688829,ok
a7c30645-7eba-431f-b3eb-6fab21b37c82,HybridPSODE,both_biased,SBOX-COST,0.20192847563096455,ok
a7cf649d-2b3d-4f1e-9950-77e61dfd861c,CompetitiveSwarmEnhancedRanking,f0_only_biased,SBOX-COST,0.13515574361017668,ok
a7d68d0b-9d19-48c9-bc21-5482775115cd,HybridPSOSA,both_biased,SBOX-COST,0.10678371914043125,ok
a80de81b-3ba8-4920-93f5-ace87b81ac82,AdaptiveSwarmGradientDescent,f0_only_biased,SBOX-COST,0.14152192410385775,ok
a80e41e3-53b4-41dc-84bf-fc7a61f68ece,EnhancedDAPSO,both_biased,SBOX-COST,0.18780470642481964,ok
a80e45ad-a64c-454f-8ccb-cb3e552799f0,HPSO_ADE_Enhanced,both_biased,SBOX-COST,0.17489228763790032,ok
a810b668-8865-46f5-8041-70f4beabf653,EnhancedMemorySwarm,both_biased,SBOX-COST,,error
a8131566-c483-42bb-9318-13d7c673440b,HPSO_ADE_AdaptiveNeighborhood,both_biased,SBOX-COST,0.1794620134616256,ok
a81a907f-3142-4c99-929e-2a599bc2d867,EnhancedAdaptiveHybridPSO_GA,f0_only_biased,SBOX-COST,0.10802895434212731,ok
a81d6bfa-677d-4fad-bee9-0d75d9b7502b,AdaptiveSwarmGradientDescent,f0_only_biased,SBOX-COST,0.22423832140624472,ok
a8327033-2866-452b-a0e8-4943ac9c76c7,HybridPSODE,f0_only_biased,SBOX-COST,0.11503644969163157,ok
a8359fc3-6df8-4957-bf11-8f00741a62b7,EnhancedHybridDEPSO,f0_only_biased,SBOX-COST,0.15254096890317959,ok
a85450a8-bf5c-4509-8f35-7084a794ec08,EnhancedHybridPSODE_AdaptiveSocialLearning,f0_only_biased,SBOX-COST,0.17424398198324195,ok
a85a7325-1171-4ac5-a3d8-5df347968aac,RefinedAntInspiredPSODE,f0_only_biased,SBOX-COST,0.11070626191326252,ok
a86aa837-3cd7-46a1-926e-80979e9afe20,HybridPSO_DE,f0_only_biased,SBOX-COST,0.1471864418591939,ok
a88f51e1-6927-4acc-94ec-1c558f03e785,EnhancedHybridPSODE_DynamicAdaptive,f0_only_biased,SBOX-COST,0.16391179975288006,ok
a8bfd37c-df50-4e06-909a-f156d96fee3b,EnhancedHybridDEPSO,f0_only_biased,SBOX-COST,,partial
a8cdcc14-bfdf-4513-96a3-101e0f69fb6b,MemoryAdaptivePSO,f0_only_biased,SBOX-COST,0.2077202886320277,ok
a8f3b4e2-4c8a-4de1-9e16-e81e682d13f2,HybridPSOSA,both_biased,SBOX-COST,0.1270597389100804,ok
a90c7ec3-f055-4e9c-b0b5-47363e923e36,ChaoticSwarmOptimizer,f0_only_biased,SBOX-COST,0.1744104704277099,ok
a91021fa-da94-4174-9488-d3a740d2c0ed,HybridPSODE,f0_only_biased,SBOX-COST,0.16550482261561755,ok
a9371199-56a8-48ee-9a33-1a562582fa52,AdaptiveSwarmGradientDescent,f0_only_biased,SBOX-COST,0.18023847810860766,ok
a96d8e4d-0c28-49e7-8ca9-6628917294de,AdaptiveSwarmGradientDescent,f0_only_biased,SBOX-COST,0.19234904187446814,ok
a97c84c0-10f2-455a-8082-f6837d0f8e59,EnhancedAdaptiveSwarmGradientDescent,neither_biased,SBOX-COST,0.18488718849086236,ok
a9b4e495-4dcd-43ce-9800-67e257c2cf3a,QuantumInspiredAdaptiveSwarm,f0_only_biased,SBOX-COST,0.0917203920054579,ok
a9e87c9a-b1c1-4539-9e8a-c3ffbfb60b92,EnhancedAdaptiveSwarmGradientDescent,f0_only_biased,SBOX-COST,0.14128725452473434,ok
a9ecb2e9-8dd5-401b-9680-1ed02510dad5,QuantumAdaptiveSwarm,f0_only_biased,SBOX-COST,0.109035800008362,ok
aa340c2d-25a3-4d0c-9d54-52b358caba84,EnhancedHybridPSODE,f0_only_biased,SBOX-COST,0.22711910590247314,ok
aa3e713d-c6a3-4de3-aadf-2a8e977e4cfc,EnhancedNAPSOv2,f0_only_biased,SBOX-COST,0.11787985027701052,ok
aa432576-f29d-4177-8b11-709aef3bce33,CollaborativeSwarmSearch,f0_only_biased,SBOX-COST,0.22967984169929773,ok
aa44085d-2f06-4bb5-9781-4f8f34d06454,HybridPSODE,f0_only_biased,SBOX-COST,0.19036557470197074,ok
aa516599-9548-42ea-8ddf-09c937394ac1,AdaptiveSwarmOptimizer,f0_only_biased,SBOX-COST,0.17468062961731778,ok
aa51f814-107b-4b06-b8ef-7b7e8b658c9b,AdaptiveSwarmGradientDescent,f0_only_biased,SBOX-COST,0.21325912006144743,ok
aa521839-c803-44f6-b305-b0c967d53561,HybridPSOSA,both_biased,SBOX-COST,0.14207645904443267,ok
aa6915f5-78c9-4756-8077-85a945493c40,PSO_DE_Hybrid,f0_only_biased,SBOX-COST,0.20847035132013933,ok
aa698bc5-5c9d-4232-90e7-df13663656e0,HybridSwarmEvolutionPSO,both_biased,SBOX-COST,0.08965090876715906,ok
aadb3f24-0699-4a22-b7da-d42252d26bed,DynamicPhaseTransitionSwarmOptimizer,both_biased,SBOX-COST,0.06175114290348818,ok
aae821ec-80c3-4446-8f11-fe04405200b0,CollaborativeSwarmSearch,f0_only_biased,SBOX-COST,0.1970167578923493,ok
aaf21071-7ade-4859-854f-cc6e41b1e684,PSODEOptimizer,f0_only_biased,SBOX-COST,0.0651578848452464,ok
ab1596af-ecfa-47f1-9843-35398c6cd962,EnhancedAdaptiveCooperativeSwarm,both_biased,SBOX-COST,,error
ab25869c-2c18-442e-b8c6-e55208d66c48,EnhancedDAPSO,both_biased,SBOX-COST,0.13960747172520943,ok
ab5a928d-ce1b-4a6d-b3cc-554d0b09fa65,AdaptiveSwarmGradientDescent,f0_only_biased,SBOX-COST,0.14853008791351946,ok
ab6449b1-a88c-4894-b91e-0b638513ad02,EnhancedHybridPSODE,both_biased,SBOX-COST,0.1689887285347761,ok
ab7042b5-17f2-4d24-80d7-de1f112e8f25,AdaptiveSwarmGradientDescent,f0_only_biased,SBOX-COST,0.22003985632274128,ok
ab71ae57-4af6-480a-a30c-94099e2ec11c,RefinedDynamicSwarmDE,both_biased,SBOX-COST,0.07161638225851058,ok
ab797aab-9559-48d4-bc54-e2a8f8ead6b7,EnhancedDynamicEvoPSO,f0_only_biased,SBOX-COST,0.14507695968869874,ok
ab987d5f-fa1e-41f9-8e43-a9aeba196f73,HybridPSO_DE,f0_only_biased,SBOX-COST,0.11645037497816127,ok
ababc136-5b2a-4b6b-8f1b-f095ed647a71,PSO_DE_Hybrid,f0_only_biased,SBOX-COST,0.13115190078387656,ok
abc591b5-bcbd-4bbe-8644-b4053022992b,ChaoticAdaptiveSwarmOptimizer,neither_biased,SBOX-COST,0.11976558436341041,ok
abc8e798-cda7-4dc6-8456-3612417a148a,DynamicPhaseTransitionSwarmOptimizer,both_biased,SBOX-COST,0.05948107367745234,ok
abd117b1-bd8e-4997-93f0-ddc61c84bcc5,AdaptiveSwarmGradientDescent,f0_only_biased,SBOX-COST,0.22501297922228836,ok
abf25c6f-9bf6-4c0a-9667-c0dd308d6fb2,RefinedAdaptivePSO,f0_only_biased,SBOX-COST,0.1608434632704266,ok
ac1d2e17-04d3-4580-9f42-d8e07094aea8,EnhancedAdaptiveSwarmGradientDescent,f0_only_biased,SBOX-COST,0.20853969766276176,ok
ac211ea4-e635-4376-b9c7-050a4b1ff43a,HybridPSODE,both_biased,SBOX-COST,0.16108421624567318,ok
ac2c7a06-485f-4c76-b7e8-009394b4451e,HybridPSODE,f0_only_biased,SBOX-COST,0.12848262717532524,ok
ac2ca57b-9543-4cde-8d02-e2d6e3cd71bf,HybridPSO_DE,f0_only_biased,SBOX-COST,0.13419076480403047,ok
ac3401d3-7b5b-4ed2-8526-e228e5652451,EnhancedAdaptiveSwarmGradientDescent,f0_only_biased,SBOX-COST,0.15358179146381118,ok
ac3601e9-ef60-4a2e-a4b2-8f46baeedacb,ChaosEnhancedAdaptiveHybridSwarm,f0_only_biased,SBOX-COST,0.12051243942194743,ok
ac3ea82f-eeb6-4d75-9c62-461ded20d59d,AdaptiveHybridPSO_GA,f0_only_biased,SBOX-COST,0.12389783585948887,ok
ac80dce8-fe36-4b36-8421-95f1ffd6d6ba,DynamicPhaseTransitionSwarmOptimizer,both_biased,SBOX-COST,0.061400707309806644,ok
aca6db95-4478-4ec5-95cf-e8793e69fc2e,EnhancedAdaptiveSwarmGradientDescent,f0_only_biased,SBOX-COST,0.18946561716678356,ok
acb0efd9-c4c5-42a9-a4c8-b4d2d3994402,CollaborativeSwarmSearch,f0_only_biased,SBOX-COST,0.20665776351855866,ok
acb75e69-8106-4803-a1cb-c6657ed90afc,EnhancedHybridPSODE,both_biased,SBOX-COST,0.17251907100178832,ok
acf440e3-353f-4b56-a588-f47c2e356098,AdaptiveSwarmGradientDescent,f0_only_biased,SBOX-COST,0.22118796086964132,ok
ad0db622-c1de-4412-9a4c-2a229551fac6,CollaborativeSwarmSearch,f0_only_biased,SBOX-COST,0.21467872802523089,ok
ad1deb01-cbc8-4003-9513-d31a1fbbaa0e,HybridPSODE,f0_only_biased,SBOX-COST,0.19857646226843578,ok
ad217d3c-e606-47d9-af5f-59bae16ef25c,ImprovedHybridDifferentialEvolutionPSO,both_biased,SBOX-COST,0.1799002796121668,ok
ad51ff23-0992-45d3-98a6-a11db9ca377c,HPSO_ADE_Enhanced,both_biased,SBOX-COST,0.16596027611708825,ok
ad598453-4b36-45ab-a137-722be10fe34d,AdaptiveDynamicEvoPSO,f0_only_biased,SBOX-COST,0.14422518483837088,ok
ad5f4e5a-4eb6-4390-95f6-db0f8913505c,AdaptiveHybridPSO_GA,f0_only_biased,SBOX-COST,0.12111505426092999,ok
ad6c334a-5a5a-47a2-b578-cf11c854b31d,PSODEOptimizer,both_biased,SBOX-COST,0.062132019075782245,ok
ad7224e8-fd87-4bd5-a20c-1cc464b5de6c,HybridPSODE,f0_only_biased,SBOX-COST,0.15591544573564914,ok
ad761863-58f8-40cb-a7e6-a8dc6a65e64c,AdaptiveDynamicEvoPSO,f0_only_biased,SBOX-COST,0.14146776045000692,ok
ad8c70e0-2a1a-4e30-9e38-d257d4f13c12,ChaosEnhancedAdaptiveHybridSwarm,f0_only_biased,SBOX-COST,0.12218368078112445,ok
ad993b3a-ee55-4b3f-907b-c9e62b57efd4,EnhancedAdaptiveHybridPSODE,f0_only_biased,SBOX-COST,,partial
ad997a8f-a682-464b-987a-5129b6d7b481,HybridPSODE,f0_only_biased,SBOX-COST,0.2079351678248447,ok
ad9c1bda-7de0-48d4-b06f-a6788b05da57,AdaptiveCooperativeSwarm,both_biased,SBOX-COST,0.14154599282306096,ok
adc99f97-5041-4708-81bc-c968096b93fa,QuantumChaosDEPSO,both_biased,SBOX-COST,0.1289586442402565,ok
ade6b6ba-c4bf-4a8e-87ff-794f522b5ecc,EnhancedAdaptivePSO,f0_only_biased,SBOX-COST,0.18094390469247007,ok
ae0032fc-de1e-4954-ba24-6081fa137ca9,Adaptive_Hybrid_PSO_DE,f0_only_biased,SBOX-COST,0.07565795180070807,ok
ae0116b9-76c8-433a-8967-d497d280d6f1,AdaptiveClusteredSwarmOptimization,f0_only_biased,SBOX-COST,0.15832023560197167,ok
ae3dc198-d644-4bc9-bdfd-cdadea2c6be8,EnhancedDAPSO,both_biased,SBOX-COST,0.13675101872143422,ok
ae49878b-e2df-4f98-8d0a-e1f3e2118efe,PSODEOptimizer,f0_only_biased,SBOX-COST,0.07115938798330386,ok
ae570bf6-963d-49af-b734-2102557af24d,EnhancedHybridDEPSO,f0_only_biased,SBOX-COST,0.1517250747458319,ok
ae7d957a-b4c1-4243-8847-60cd4469b6a6,HybridPSO_DE,neither_biased,SBOX-COST,0.1115165848858116,ok
ae8bfd8b-5958-4245-b714-6596badb5a8d,EnhancedDynamicVelocitySwarmMutation,f0_only_biased,SBOX-COST,0.10367074793036972,ok
aea81b0e-6104-41d7-b3c6-8576c6c4c547,ChaoticSwarmOptimizer,f0_only_biased,SBOX-COST,0.18673639984308604,ok
aeacece5-1e7a-464e-a49c-9278e90140c3,EnhancedAdaptiveSwarmGradientDescent,f0_only_biased,SBOX-COST,0.1307859733138328,ok
aeb18ec7-1ce5-4653-8761-3eed979697f0,AdaptiveSwarmHarmonyOptimization,f0_only_biased,SBOX-COST,0.19500846195035204,ok
aebae6c6-ecff-4579-963c-6ae4c3b46988,RefinedHybridPSODE,both_biased,SBOX-COST,0.17299690158249448,ok
aebb21be-1188-4c6f-b29f-36f413a081c8,PSODEOptimizer,f0_only_biased,SBOX-COST,0.07097508359841737,ok
aec0a76b-bfd9-4df5-a873-cda54747c659,EnhancedParticleSwarmDCM,f0_only_biased,SBOX-COST,0.1514204170408494,ok
aeced910-3ecd-4a1c-9767-f17632ad518c,EnhancedAdaptiveQuantumHybridPSO_DE,f0_only_biased,SBOX-COST,0.1331284877502758,ok
aed4e8ec-85e0-4abb-bcd6-6b93001c79fc,AdaptiveHybridPSODE,f0_only_biased,SBOX-COST,0.1472814633982119,ok
aee95ac4-7bfc-4a76-ab09-ddb71e8b2500,AdaptiveSwarmGradientDescent,neither_biased,SBOX-COST,0.12223225773154923,ok
af1a77e0-fedd-49dd-8ece-36b94336eac3,HybridPSODE,both_biased,SBOX-COST,0.15342631107099103,ok
af3a875f-9a26-4707-86ca-7bc3f5ff9997,DynamicSwarmOptimizer,f0_only_biased,SBOX-COST,,error
af5039db-62db-47d4-a5d4-4ce6b86adc2a,HybridPSODE,f0_only_biased,SBOX-COST,0.18366612099630608,ok
af6932e6-f85e-4311-a291-2fdb44ca1802,AdaptiveSwarmGradientDescent,f0_only_biased,SBOX-COST,0.12779730850225424,ok
af6d319e-520c-4aac-a0fc-076480378937,EnhancedAdaptiveSwarmGradientDescent,f0_only_biased,SBOX-COST,0.2039503286803822,ok
af6dc2ac-0a97-4cdc-9aea-a47a61a01c5b,DynamicPhaseTransitionSwarmOptimizer,both_biased,SBOX-COST,0.05966723119171708,ok
af76c642-5bca-4f75-bf59-4112ff4a86fa,HybridPSODE,f0_only_biased,SBOX-COST,0.15938495885461854,ok
afb7a790-e16e-4977-afd1-09567b01d16d,HybridPSODE,f0_only_biased,SBOX-COST,0.11926141325732573,ok
afd4a4ec-367a-4d3b-b6a3-a2cccbbc3081,AdaptiveVelocityDiversitySwarmOptimizer,both_biased,SBOX-COST,0.06156024205447367,ok
afd93406-8e46-4bb4-8f14-ff806fa81522,HybridOptimizer,both_biased,SBOX-COST,0.18074678894479537,ok
afdc1bd9-3e6f-4896-97f9-82d064660a51,AdaptiveSwarmGradientDescent,f0_only_biased,SBOX-COST,0.20213728315209015,ok
afdef775-ba2c-44d5-87f2-7c7f1b86244e,ChaosEnhancedAdaptiveHybridSwarm,f0_only_biased,SBOX-COST,0.1163870903809297,ok
afefa45b-1f9c-4abe-83ae-c1f9d4db4261,AdaptiveSwarmGradientDescent,neither_biased,SBOX-COST,0.1955714033916135,ok
aff02f1c-6172-4b66-b056-5181cd75043a,HybridAdaptiveSwarmQuantumLeap,f0_only_biased,SBOX-COST,0.12979701081476752,ok
b0307543-025c-451c-8f7a-cf1a7e0ccd80,EntropyBasedHybridPSO_GA,f0_only_biased,SBOX-COST,0.13129456115768662,ok
b039be84-76fb-4f0b-807a-02c8c00da7c8,AdaptiveSwarmGradientDescent,f0_only_biased,SBOX-COST,0.10928844691881105,ok
b045cde9-e929-4303-834c-c01ed9b9c02e,AdaptiveSwarmHarmonyOptimization,f0_only_biased,SBOX-COST,0.1621211746882526,ok
b048a5e5-6edd-4d6d-94c3-a64833da2a1a,HybridPSODE,f0_only_biased,SBOX-COST,0.11165970335677178,ok
b051decc-93f8-4096-b460-18518e20e01c,AdaptiveSwarmHarmonyOptimization,f0_only_biased,SBOX-COST,0.1986823828874757,ok
b060991a-5bac-458e-ba74-fe2afd888368,AdaptiveSwarmGradientDescent,neither_biased,SBOX-COST,0.1948470900145764,ok
b07e6d12-07e1-4c85-a4fa-66dfeff70e1b,EnhancedAdversarialSwarmDE,both_biased,SBOX-COST,0.07790207027310445,ok
b08b65b4-a5a5-4654-b13f-9f953fb75870,AdaptiveSwarmGradientDescent,f0_only_biased,SBOX-COST,0.15780050126894818,ok
b08c1cd8-7179-4318-a2de-d8da71b6897b,SwarmOptimizer,f0_only_biased,SBOX-COST,0.2098872878092266,ok
b0a4c06f-01b3-49fb-a9e7-7806a5fac4f7,ChaosEnhancedAdaptiveHybridSwarm,f0_only_biased,SBOX-COST,0.12080773361777986,ok
b0b6299a-83ef-4dee-b362-21360eaf8a84,EnhancedHybridPSO_DE,f0_only_biased,SBOX-COST,0.15196127898516582,ok
b0d7e98e-1aef-4b9e-9fd8-ec5e96f60e66,AdaptiveSwarmGradientDescent,f0_only_biased,SBOX-COST,0.16286287651815867,ok
b0d9dd1d-d348-441b-90b6-920e3bff005d,CollaborativeSwarmSearch,f0_only_biased,SBOX-COST,0.1576697415420345,ok
b0da071f-b1ae-478f-bef7-b6b160c1c49b,RefinedHybridPSODE,both_biased,SBOX-COST,0.151911678221065,ok
b0ebc54f-b98a-4d10-bf91-d8658089e49d,RefinedEnhancedNAPSO,f0_only_biased,SBOX-COST,0.20262664833587468,ok
b1032668-90b9-4389-a2f0-1810287c379d,HybridPSODE,f0_only_biased,SBOX-COST,0.1794648654255122,ok
b14c9020-b91e-4545-ad97-b63e0a07435d,HybridPSO_DE,f0_only_biased,SBOX-COST,0.12052701900144712,ok
b17c0d9e-8973-497e-a7a2-a771d4aa074b,AdaptiveSwarmHarmonySearch,neither_biased,SBOX-COST,0.1254251977443145,ok
b1b4efcf-605c-4278-b7e1-5a3b9a288434,EnhancedHybridPSODE,both_biased,SBOX-COST,0.17088269718956733,ok
b1bb9ea1-5e18-44c0-bba1-97a370251a04,AdaptiveSwarmGradientDescent,f0_only_biased,SBOX-COST,0.20997285661712714,ok
b1c0b96c-6643-404f-ae8b-4b66d5320a06,HybridPSOSA,both_biased,SBOX-COST,0.1265833372934892,ok
b1dbfc78-d83e-4fd4-baa8-6dfbb921238e,EnhancedAdaptiveSwarmGradientDescent,f0_only_biased,SBOX-COST,0.11442755809466706,ok
b1f5715a-7a38-4866-b7a3-3b45b890dd3d,EnhancedHybridPSODE,both_biased,SBOX-COST,0.1672000765709107,ok
b20bdff6-ef57-43b5-9d2f-3d7288c4bc05,EnhancedHybridPSODE,f0_only_biased,SBOX-COST,0.22019629257113693,ok
b20c7b62-3bac-42d4-a01f-b9c109ffb72f,AdaptiveSwarmGradientDescent,f0_only_biased,SBOX-COST,0.21535091627379077,ok
b2144789-fc29-442b-a8f2-522e88fb19ea,PSODEOptimizer,f0_only_biased,SBOX-COST,0.07005658069770686,ok
b21d7d28-79cb-48cf-bfca-8b7e6a57fda0,EnhancedNAPSO,f0_only_biased,SBOX-COST,0.1743845490364212,ok
b23a7c93-632c-4ef9-b7ea-091d974acf2e,CollaborativeSwarmSearch,f0_only_biased,SBOX-COST,0.22268374398535087,ok
b26526e6-96d9-40a3-bf5b-36f373f60d8e,AdaptiveHybridPSO_GA,f0_only_biased,SBOX-COST,0.11271835868611145,ok
b2684668-2269-44f4-8a9d-c6c9f4c88aa8,EnhancedMemorySwarm,both_biased,SBOX-COST,,error
b2689efd-32f0-485a-b949-5ed142d8bb0d,HybridPSO_DE,f0_only_biased,SBOX-COST,0.1585726002619103,ok
b269aca1-9412-4e61-b952-93f2294fded8,HybridSwarmEvolutionPSO,both_biased,SBOX-COST,0.08773110606121118,ok
b29d91e5-7d77-436a-857f-1e3dbde54bf1,HybridPSO_DE,f0_only_biased,SBOX-COST,0.10832519448717787,ok
b2abeb35-ac67-4f6a-a7a4-bb7d87fa2b43,AdaptiveSwarmGradientDescent,neither_biased,SBOX-COST,0.11906325219067747,ok
b2d704e5-9c0b-45b5-b87a-9a502297b5f4,PSODEOptimizer,f0_only_biased,SBOX-COST,0.06905544508201902,ok
b2e5c1b0-9e6a-4b11-afce-3f1855bd636e,SwarmOptimizer,f0_only_biased,SBOX-COST,0.18767314865103055,ok
b2e5e629-6714-49ba-b445-4a0e79687972,APSO_DE,f0_only_biased,SBOX-COST,0.15804868474917871,ok
b2f04e74-640a-4589-92cc-cdb91b82aad0,HybridPSODE,f0_only_biased,SBOX-COST,0.21828350305991012,ok
b2f3edee-6e3f-41e5-9acc-4d5e477e72f1,FractionalOrderChaosEnhancedSwarm,f0_only_biased,SBOX-COST,0.1534382510691854,ok
b311fb86-12eb-4750-8c82-fd9ff4aac9fc,AdaptiveSwarmGradientDescent,f0_only_biased,SBOX-COST,0.21809803721174598,ok
b31fd5c4-1f42-4dd8-b8b3-ae9757cf6077,AdaptiveSwarmHarmonyOptimization,f0_only_biased,SBOX-COST,0.15764964785525623,ok
b3435a3c-6dff-4e95-b111-ba8319775bc9,AdaptiveSwarmGradientDescent,f0_only_biased,SBOX-COST,0.09842203013179973,ok
b34c8c7f-0c9a-42e4-b47f-8c1b9fe5f77c,CollaborativeSwarmSearch,f0_only_biased,SBOX-COST,0.21543824171179488,ok
b36209cf-8c97-4045-bb7a-51774c80fe95,DynamicSwarmOptimizer,f0_only_biased,SBOX-COST,0.18417008757116538,ok
b38435e3-8f78-4e24-b3cf-e3247a9f7793,ACPSO,f0_only_biased,SBOX-COST,0.06612872447469378,ok
b385a910-bdc3-40c1-955c-c65594bf6965,Enhanced_Adaptive_PSO_DE,f0_only_biased,SBOX-COST,0.07590286839629949,ok
b3875e4e-9269-4a74-9b83-1e5e2ea989ef,EnhancedImprovedHybridPSODE,f0_only_biased,SBOX-COST,0.11901660639295576,ok
b3a7f2dd-dad2-467f-9a16-aa97c5ffade1,PSO_DE_Optimized,f0_only_biased,SBOX-COST,0.07293954263592084,ok
b3c46cca-954a-432a-bcb1-c55a32a961f4,PSO_DE_Hybrid,f0_only_biased,SBOX-COST,0.15206391614527584,ok
b3db6074-9c9c-4065-bc80-db907233e43e,MPDEPSO,both_biased,SBOX-COST,0.16061548642066187,ok
b3e54adf-1cd5-468b-94b6-504bf2796084,PSO_DE_Hybrid,f0_only_biased,SBOX-COST,0.16840582548797828,ok
b3eb782a-09cb-4c64-85d8-71c274472005,EnhancedAdaptiveCooperativeSwarm,both_biased,SBOX-COST,,error
b3ef2abd-63d6-41a9-bf40-01575b272a2b,EnhancedAdaptiveSwarmGradientDescent,f0_only_biased,SBOX-COST,0.201767417627906,ok
b3fd52d7-5450-4d7e-af73-e87d9d5e2ee2,EnhancedAdaptiveSwarmGradientDescent,neither_biased,SBOX-COST,0.14500748693065563,ok
b402c906-05c8-4e6f-af1d-8a0e17a89b4a,CollaborativeSwarmSearch,f0_only_biased,SBOX-COST,0.15704181321589464,ok
b4cb7f2b-1ed0-4db5-a41f-527597c0e1e3,EnhancedAdaptiveSwarmGradientDescent,f0_only_biased,SBOX-COST,0.16727784533588427,ok
b4d71a8b-170a-4530-a2da-1969b660473b,AdaptiveSwarmGradientDescent,neither_biased,SBOX-COST,0.13471947996963396,ok
b4e1a627-7a02-4c8b-9eb9-6539c31c80ba,QuantumInspiredAdaptiveMomentumPSO_DE,f0_only_biased,SBOX-COST,0.15001011998625577,ok
b56f35f5-8c60-4ba2-a99c-807169bb61fc,EnhancedAdaptiveCooperativeSwarm,both_biased,SBOX-COST,,error
b580196a-1f92-43ea-8bf9-b49d430107a4,EnhancedHybridPSO_DE,f0_only_biased,SBOX-COST,0.1833636382202202,ok
b59c2d5d-4ff8-4492-964a-23054ce1ef9b,EnhancedImprovedHybridPSODE,f0_only_biased,SBOX-COST,0.1039815725122032,ok
b59d92f0-d5a1-4934-b9ba-7923df02f351,QuantumEnhancedAdaptivePSODE,f0_only_biased,SBOX-COST,0.16557919908430832,ok
b5b25e6c-1c62-4cbd-9e65-dede3cc62ae8,HPSO_ADE,f0_only_biased,SBOX-COST,0.14823999041096209,ok
b5cd34c1-1aa8-4b3f-9487-f066c5cc395a,PSODEOptimizer,both_biased,SBOX-COST,0.07000190611360164,ok
b5ce5c4d-9452-443f-a840-91aefbf1b823,AdaptiveSwarmGradientDescent,f0_only_biased,SBOX-COST,0.2086269983757001,ok
b608a7e4-4e7c-4eaf-bf26-e627e3052a00,AQPSO,f0_only_biased,SBOX-COST,0.08694044866845044,ok
b60bd47a-e9b2-4e13-a405-138d98d0817c,AdaptiveSwarmGradientDescent,f0_only_biased,SBOX-COST,0.2056398001702193,ok
b61b4451-9b65-4848-af59-879b446b1e10,HybridPSO_DE,f0_only_biased,SBOX-COST,0.11713824932097146,ok
b61e5d72-1b0b-4aa5-b8d2-830a2b0b7fd2,AdaptiveSwarmGradientDescent,f0_only_biased,SBOX-COST,0.2046682236592146,ok
b6389381-9849-4738-93eb-4cb12933129c,HybridPSODE,f0_only_biased,SBOX-COST,0.2003813450959139,ok
b65e9cb9-9ff1-4d82-a0e8-002b55b3789d,HPSO_ADE_Enhanced,both_biased,SBOX-COST,0.18146878838926156,ok
b69918e8-c611-423f-bf0a-6c92c801f691,QuantumInspiredAdaptiveMomentumPSO_DE,f0_only_biased,SBOX-COST,0.16357306968053384,ok
b69db86c-3e36-48c9-aa63-934b819572bf,CollaborativeSwarmSearch,f0_only_biased,SBOX-COST,0.24060705911548733,ok
b69eb815-c3bb-4405-9254-9d28e7433c2e,EnhancedAdaptiveSwarmGradientDescent,f0_only_biased,SBOX-COST,0.2119530086785218,ok
b6cefc8a-513b-4f3b-9316-4b28fa5107f9,EnhancedDynamicSwarmDE,both_biased,SBOX-COST,0.08036157222226495,ok
b6d09f96-e1ba-4220-9eb1-93a8479714e8,EnhancedAdaptiveSwarmGradientDescent,f0_only_biased,SBOX-COST,0.22230575923029497,ok
b6dc3cac-c4e2-419b-8b95-d822a858b3e5,HybridPSODE,both_biased,SBOX-COST,0.168776586402465,ok
b6eec9ad-5c90-4380-a684-977b51bdd355,RefinedHybridPSODE,both_biased,SBOX-COST,0.13309168644136815,ok
b7012338-c7fa-411e-a18d-b6f773b95d06,EnhancedAdaptivePSODE,f0_only_biased,SBOX-COST,0.1653565418455229,ok
b7071c2a-57c2-4638-8628-fcc33783ddc4,EnhancedMemoryAdaptiveDEPSO,both_biased,SBOX-COST,0.14669247157663898,ok
b725d528-6f34-4138-bc65-450864781d1c,AdaptiveMultiPhaseSwarmOptimizer,both_biased,SBOX-COST,0.06003344781547926,ok
b7292cf8-fd3d-4972-a031-16d9ec480f61,EnhancedNAPSO,f0_only_biased,SBOX-COST,0.1842657358104038,ok
b73ceda7-4bd3-45ff-8264-7ff3175f9ea0,AdaptiveSwarmGradientDescent,f0_only_biased,SBOX-COST,0.18354966452426896,ok
b74ac8d9-9c78-4619-b02b-773ae637d04f,AdaptiveSwarmGradientDescent,f0_only_biased,SBOX-COST,0.16105269137420133,ok
b7620bf9-8d9e-4a40-a945-0199dca00697,AdaptiveSwarmGradientDescent,neither_biased,SBOX-COST,0.12620583090479562,ok
b76b214f-ae9d-4af0-8b76-893fb95803fa,PSO_DE_Hybrid,f0_only_biased,SBOX-COST,0.19761994954772838,ok
b7918432-5210-4638-a8d9-93149f2cdace,AdaptiveDifferentialSwarmOptimizer,f0_only_biased,SBOX-COST,0.1829377653578731,ok
b7a1d013-c6a5-49ad-bdc1-1a94c4038511,Enhanced_HPSO_ADE,both_biased,SBOX-COST,0.18328858419970673,ok
b7badcec-dd37-4fe4-a845-aa4c9946dae9,DynamicSwarmOptimizer,f0_only_biased,SBOX-COST,,partial
b7d165fa-00ca-4a9c-9223-83ec097d7a6c,PSO_DE_Optimized,f0_only_biased,SBOX-COST,0.07602835062202132,ok
b7dfc047-ed7b-47f1-866b-5c5f53c0a7f8,HybridPSOSA,both_biased,SBOX-COST,0.11657221969586988,ok
b7ed66a9-ef22-4407-90b9-4231b8c35455,EnhancedHybridDEPSO,f0_only_biased,SBOX-COST,0.1341539994003891,ok
b7fe6854-f206-42de-80f0-8268376d2c95,EnhancedNAPSO,f0_only_biased,SBOX-COST,0.21666746903483514,ok
b7fe9451-6b82-4161-913b-c45de9b072ac,AdaptiveSwarmGradientDescent,f0_only_biased,SBOX-COST,0.17806357614348017,ok
b815157c-bfb5-4055-9229-3cfd51d8526f,HybridPSO_GA_Adaptive,f0_only_biased,SBOX-COST,0.14878946838491977,ok
b81a4fb9-dc11-4c28-8ad4-a1ac3ab76213,DynamicPhaseTransitionSwarmOptimizer,both_biased,SBOX-COST,0.057549573504206405,ok
b826f111-9dbd-4090-9b80-b86046695e2f,EnhancedHybridPSO_GA,f0_only_biased,SBOX-COST,0.12527607049521616,ok
b840cb35-3776-415f-ad81-3f7de61201e6,EnhancedDynamicSwarmDE,f0_only_biased,SBOX-COST,0.07004771253185421,ok
b843d625-3ef5-41c0-992c-72262a81cc2a,HybridPSODE,both_biased,SBOX-COST,0.17393287348311046,ok
b8493fad-2651-4310-9c9e-b6c15242f9ce,EnhancedAdaptiveSwarmGradientDescent,f0_only_biased,SBOX-COST,0.16378060429353677,ok
b84ed206-770a-4ebb-a01d-dba9f1720763,EnhancedAdaptiveSwarmGradientDescent,f0_only_biased,SBOX-COST,0.19332047612799086,ok
b8686272-89a5-400f-a5c3-ee66a030cf82,HybridPSO_DE,f0_only_biased,SBOX-COST,0.11626063728859479,ok
b877a6cb-99a8-4b95-b869-948af9cc9413,PSO_DE_Hybrid,f0_only_biased,SBOX-COST,0.20141085310166293,ok
b8acab32-bd23-4024-a1be-64f2a270cfab,AdaptiveDynamicEvoPSO,f0_only_biased,SBOX-COST,0.13208337432191175,ok
b8c55754-ba20-489a-97bc-ae5d40e4319d,SwarmOptimizer,f0_only_biased,SBOX-COST,0.17966027307260904,ok
b8f403cf-f57b-48b3-806e-38ca50eb4124,RefinedHybridSwarm,f0_only_biased,SBOX-COST,,partial
b90b580c-226b-491e-8cf5-c35a325186b5,AdaptiveSwarmHarmonySearch,f0_only_biased,SBOX-COST,0.1226988311212851,ok
b91fe5be-75dc-41d5-bab3-e603db9f8200,PSODEOptimizer,both_biased,SBOX-COST,0.06550867010067722,ok
b922b109-9297-4062-9888-99e2a88ee2b5,AdaptiveSwarmGradientDescent,f0_only_biased,SBOX-COST,0.18783559981522446,ok
b923ae6e-fda2-4d1d-8b16-52209d293ab9,ChaoticallyAugmentedPSO_GA,f0_only_biased,SBOX-COST,0.10865664374703726,ok
b92f754b-f168-4414-afc4-78d5923a9336,PSO_DE_Hybrid_Improved,f0_only_biased,SBOX-COST,0.19711350541280181,ok
b93a4c75-fdb5-48c4-ae4e-773f2d86bd10,EnhancedDynamicInertiaPSODE,f0_only_biased,SBOX-COST,0.11406008330984413,ok
b95dd035-0f95-4f15-b67a-18e9da3c87f1,MultiObjectiveDynamicSwarmDE,f0_only_biased,SBOX-COST,0.07368123912676287,ok
b96c3a66-e2aa-495e-ad95-451a750f3688,AdaptiveElitePSO_GA,f0_only_biased,SBOX-COST,0.11434114597788861,ok
b98b4e65-c5e1-477d-8f55-0199e5aa5fdd,EnhancedHybridDEPSO,f0_only_biased,SBOX-COST,,partial
b99b123e-9f23-4a52-b328-dc78db7d6973,AdaptiveSwarmOptimizer,neither_biased,SBOX-COST,0.10108751197747291,ok
b9abd057-0736-4663-8f64-886af71de836,AdaptiveSwarmGradientDescent,f0_only_biased,SBOX-COST,0.184941417536305,ok
b9b052c8-b150-437a-98e5-0c61ade60bd2,AdaptiveSwarmOptimizer,f0_only_biased,SBOX-COST,0.1559086985858048,ok
b9b3191d-800c-481b-a046-c42250e5d7e3,RefinedNAPSO,f0_only_biased,SBOX-COST,0.21458249940718632,ok
b9e01f5f-a2a0-40cc-8fde-eb85a257fb77,DynamicSwarmOptimizer,f0_only_biased,SBOX-COST,0.174065333611113,ok
b9eabd08-7d00-454f-ac22-25a33b8668b6,AdaptiveChaoticMultiScaleSwarm,f0_only_biased,SBOX-COST,0.14782909349788287,ok
b9efe929-09d9-43e6-a045-4ab3c5ab89f3,EnhancedMemorySwarm,both_biased,SBOX-COST,,error
b9f1da57-f31e-47a4-a140-e25584be442d,EnhancedLevyChaosPSO,both_biased,SBOX-COST,0.08901552925503048,ok
ba15b10a-f5c1-4e69-bd6d-727b52852442,EnhancedParticleSwarmDCM,f0_only_biased,SBOX-COST,0.11873232605794899,ok
ba171a47-71f8-449a-9ebb-faf36c484ee4,HybridPSOSA,both_biased,SBOX-COST,0.10364131421959244,ok
ba4b666a-6277-440f-8f9b-67c62bd1864b,AdaptiveSwarmGradientDescent,f0_only_biased,SBOX-COST,0.17700513045134686,ok
ba601f43-5b3a-4198-816f-c54d6b5e1047,HPSO_ADE_T_C_Enhanced,both_biased,SBOX-COST,0.15325038017582676,ok
ba6be580-043a-48d5-a15f-6b7694ea0cce,SwarmOptimizer,f0_only_biased,SBOX-COST,0.15321013116111193,ok
ba7c0e24-245b-46b2-a101-26a61f8e3933,ChaosEnhancedAdaptiveHybridSwarm,f0_only_biased,SBOX-COST,0.10779205844878958,ok
ba8a8d6e-5f59-43aa-9124-71183c674930,AdvancedDynamicSwarmDE,f0_only_biased,SBOX-COST,0.07303786628766801,ok
baa4337e-4ebc-4f5b-9263-1efe35d2eafa,EnhancedNAPSOPlus,f0_only_biased,SBOX-COST,0.185812395007588,ok
baa6f27c-d84b-4fad-8a3b-95868b433b6a,EnhancedAdaptiveSwarmGradientDescent,neither_biased,SBOX-COST,0.18218353360259604,ok
baae1b73-bbdd-46cf-9159-d562a07b0a46,PSODEOptimizer,f0_only_biased,SBOX-COST,0.06862309057847617,ok
bab48040-c2fe-436f-be65-52926b3d33e5,SwarmOptimizer,f0_only_biased,SBOX-COST,0.2052657750378415,ok
babaa2dc-9492-4fd5-b36c-34f04ab454ef,EnhancedAdaptiveSwarmGradientDescent,neither_biased,SBOX-COST,0.11775089620523155,ok
bac5495a-a22c-4d4e-b63a-88e703241a67,AdaptiveSwarmGradientDescent,f0_only_biased,SBOX-COST,0.19212928903248622,ok
bad8050c-9e55-49ad-8282-3ec6fec66115,SwarmOptimizer,f0_only_biased,SBOX-COST,0.17624400438072868,ok
bae79a0d-2215-4a7c-ae8d-1886c3ef5ebd,AdaptiveSwarmGradientDescent,f0_only_biased,SBOX-COST,0.1555316465325007,ok
bae8bbb1-e223-401f-8c8b-577adb00e006,HybridPSOSA,both_biased,SBOX-COST,0.11057095496770558,ok
baef7ce0-0428-4d87-96d7-c821d4ddc94c,AdaptiveSwarmHarmonyOptimization,f0_only_biased,SBOX-COST,0.12522037728068386,ok
bb25d459-b1e6-4419-a618-439f37a638e6,AdaptiveSwarmOptimizer,f0_only_biased,SBOX-COST,0.17630536915794598,ok
bb3974ad-6654-4554-b621-ccba170d6d99,HybridPSO_DE,f0_only_biased,SBOX-COST,0.1404839361678229,ok
bb464493-161e-446c-9c0e-41e52fad28b4,EnhancedAdaptiveHybridPSO_GA,f0_only_biased,SBOX-COST,0.16721299002937154,ok
bb4a46cc-f825-45a2-a161-6a878526ef87,HybridQuantumInspiredSwarm,f0_only_biased,SBOX-COST,0.16594962515052378,ok
bb53a240-30ae-4218-a9c0-313113736f76,AdaptiveHybridPSODE,f0_only_biased,SBOX-COST,0.2181738419810424,ok
bb5cfb3f-7979-4f7c-8076-eee43a4206f6,EnhancedAdaptiveSwarmGradientDescent,f0_only_biased,SBOX-COST,0.1896088058378695,ok
bb5e47d3-e08d-4597-ae39-93eb0470816d,ChaosEnhancedAdaptiveHybridSwarm,f0_only_biased,SBOX-COST,0.11418946024965118,ok
bb65f752-c1ac-447d-8eca-2c628120bd86,HybridPSOSA,both_biased,SBOX-COST,0.11726701225425167,ok
bb6f5eea-2810-4a26-9b07-9141e4ae339a,AdaptiveSwarmHarmonyOptimization,f0_only_biased,SBOX-COST,0.15451898270740863,ok
bb8bfd2d-f63a-4b89-b259-9d4ecaf5291d,EnhancedAdaptiveSwarmGradientDescent,f0_only_biased,SBOX-COST,0.14534655412037206,ok
bba2b3ec-0a91-4172-bd95-7e59832c0b00,HybridPSODE,f0_only_biased,SBOX-COST,0.2176881592066802,ok
bbb029de-aa64-4bd2-960f-432fa2bcbd3b,AdaptiveSwarmGradientDescent,f0_only_biased,SBOX-COST,0.12568257924711304,ok
bbc10aa8-023a-477a-a9f2-a1d4ceb76dc5,HPSO_ADE_SelfAdaptive,f0_only_biased,SBOX-COST,0.13415104568195452,ok
bbd16d53-947c-4f70-b97d-04ddd2091811,AdaptiveSwarmGradientDescent,f0_only_biased,SBOX-COST,0.10550965161465058,ok
bbec5e33-4e45-4d65-a930-702a6782da97,AdaptiveSwarmHarmonySearch,neither_biased,SBOX-COST,0.12202760467715966,ok
bbf79b46-c783-4b60-8680-76e7cb3dd3f8,AdaptiveSwarmOptimizer,f0_only_biased,SBOX-COST,0.16811390476973492,ok
bc0e5356-c8f0-4927-bd90-4af3975b4c44,EnhancedAdaptiveSwarmGradientDescent,f0_only_biased,SBOX-COST,0.19632837846733545,ok
bc0f8e88-110c-41bc-b592-aef3db47bca1,EnhancedSwarmDifferentialEvolution,f0_only_biased,SBOX-COST,0.1139452824343127,ok
bc3ceee2-e89d-42cd-8a5f-08cc41bffe1c,EnhancedHybridPSODE,both_biased,SBOX-COST,0.16665142651138917,ok
bc412960-a4cd-43e1-9327-595159609887,AdaptiveSwarmOptimizer,both_biased,SBOX-COST,0.11039056781331638,ok
bc426cfc-99a5-4116-9078-94d25e04bf3e,RefinedNAPSO,f0_only_biased,SBOX-COST,0.12646297907952087,ok
bc4eb59c-baad-4504-9876-651226105644,AdvancedDynamicSwarmDE,f0_only_biased,SBOX-COST,0.07537237995162681,ok
bc59b1b6-6a99-40c4-ad2c-e7b4d2c2c2c9,EnhancedAdaptiveSwarmGradientDescent,f0_only_biased,SBOX-COST,0.2207318401201597,ok
bc6c6df4-66eb-4149-8d77-b8e705d38abb,QuantumInspiredAdaptiveMomentumPSO_DE,f0_only_biased,SBOX-COST,0.1890752328463974,ok
bca16cfb-2d9f-4bc5-b66b-d16495d20ff0,EnhancedImprovedHybridPSODE,f0_only_biased,SBOX-COST,0.11420853438763331,ok
bca64a77-064e-4abf-8e0b-89cb3798c1eb,HybridPSODERefined,f0_only_biased,SBOX-COST,0.18363880685691136,ok
bcaaab0c-673f-4f0c-bf3c-4b1117fa77cf,AdaptiveSwarmGradientDescent,f0_only_biased,SBOX-COST,0.1584823482709028,ok
bcccba65-9580-4507-b28f-5483c555e922,AdaptiveCulturalSwarmOptimizer,f0_only_biased,SBOX-COST,0.16227114613201243,ok
bcec2c70-c2a0-449b-a68c-24641993f0d7,AdaptiveSwarmGradientDescent,neither_biased,SBOX-COST,0.20734342472663314,ok
bcf92388-78a1-41a8-80f9-b0b2969be08e,ChaosEnhancedAdaptiveHybridSwarm,f0_only_biased,SBOX-COST,0.12917348006240742,ok
bd05ab73-8ac1-4f66-b9c9-b2c3ce3d2c3a,EnhancedAdaptiveDynamicEvoPSO,f0_only_biased,SBOX-COST,0.13334620016771842,ok
bd15055b-c5b3-47b9-a5fe-45a98559405e,HybridPSODE,f0_only_biased,SBOX-COST,0.1588707571323611,ok
bd233598-de2f-420e-ba8f-6d0b7a6853da,HybridPSODE,both_biased,SBOX-COST,0.22769137222079083,ok
bd273f06-0b3b-4cab-90e5-9e569e679946,EnhancedDynamicSwarmDE,both_biased,SBOX-COST,0.07662496754923488,ok
bd7b73ff-5107-494b-ae9b-5cbac302044a,EnhancedNAPSOv2,f0_only_biased,SBOX-COST,0.1988837602144522,ok
bd89df3f-a679-41f2-b92b-e6bee5064421,HybridPSO_DE,f0_only_biased,SBOX-COST,0.1946479895581692,ok
bd8f7054-6f09-4631-9835-d0e03acf1111,EnhancedDAPSO,both_biased,SBOX-COST,0.14692134345303737,ok
bdd748d0-42fb-4010-ab97-2397269c915c,ImprovedMultiInfluenceSwarmOptimization,f0_only_biased,SBOX-COST,0.20527563134108187,ok
bde5d296-af64-4ee1-b1f3-a3ee589405ac,EnhancedAdaptiveSwarmGradientDescent,f0_only_biased,SBOX-COST,0.20290730692599096,ok
bdefc529-991b-4880-842a-a9fdfe29f3f4,AdaptiveSwarmOptimizer,f0_only_biased,SBOX-COST,0.16229239851612437,ok
bdfa4aa7-20b5-42e2-82c7-ea5a50d28060,EnhancedHybridDEPSO,both_biased,SBOX-COST,0.18069338432753362,ok
bdfdb9d9-94a1-4a11-a958-6b47aa99c886,DynamicSwarmOptimizer,f0_only_biased,SBOX-COST,0.17745353576596823,ok
be1aabf5-ffad-4fdb-92da-05b8bfaac356,EnhancedChaoticLevySwarm,f0_only_biased,SBOX-COST,0.1812473661026743,ok
be4356f1-d783-4e2c-9509-563ba5e4fa40,AdaptiveSwarmPerturbation,f0_only_biased,SBOX-COST,0.16536640686261794,ok
be6ddbbb-b1b3-4bf0-b8d4-d69c21576d39,AdaptiveSwarmGradientDescent,f0_only_biased,SBOX-COST,0.2055930051659068,ok
be729fb3-4a74-4b75-8967-cdc5916d7517,HybridPSOSA,both_biased,SBOX-COST,0.09976251038430418,ok
be7fbbc7-e685-43eb-a4a3-c09637a62831,DynamicSwarmOptimizer,f0_only_biased,SBOX-COST,0.13982475717686554,ok
bea59583-54bc-4067-848f-ba10f46284f9,AdaptiveSwarmHarmonySearch,neither_biased,SBOX-COST,0.12666664376287684,ok
bebd8bfe-5986-44b9-8c91-67418f3383f4,AdaptiveSwarmGradientDescent,f0_only_biased,SBOX-COST,0.19107728205917818,ok
bec39632-d249-411c-85df-bfce70688edc,AdaptiveChaoticParticleSwarm,f0_only_biased,SBOX-COST,0.13968530610880373,ok
becb8f66-b85b-4047-80ce-23545fd3bfd6,AdaptiveSwarmGradientDescent,f0_only_biased,SBOX-COST,0.2177214211318354,ok
bee748d0-2920-4e53-9083-b10ffa533583,PSO_DE_Hybrid,f0_only_biased,SBOX-COST,0.16941318901740915,ok
beef09c8-b3f4-48c0-b67a-d54bdec90f7c,PSO_DE_Hybrid_Improved,f0_only_biased,SBOX-COST,0.20349786001178444,ok
bef72a34-d3a7-4b6b-adc3-2ad2f1875f93,CollaborativeSwarmSearch,f0_only_biased,SBOX-COST,0.18481295844802648,ok
bf460764-8e2e-47ee-9f77-0576b739a198,AdaptiveSwarmGradientDescent,f0_only_biased,SBOX-COST,0.18767401925125832,ok
bf5790dc-8efb-4d7f-841c-abf3e19370f2,ImprovedEnhancedNAPSO,f0_only_biased,SBOX-COST,0.20380316321868497,ok
bf66b64e-28fc-4eef-81db-4b885e027cea,EnhancedDAPSO,both_biased,SBOX-COST,0.12779550060935493,ok
bf84fe29-7ca3-40e9-af57-55adb5134c1a,AdaptiveMultiAgentHybrid,f0_only_biased,SBOX-COST,0.1279760256528656,ok
bfa68ec7-1781-40b8-bb94-182b32ae5f76,ChaosEnhancedAdaptiveHybridSwarm,f0_only_biased,SBOX-COST,0.1263312894024961,ok
bfbaf185-fce4-4633-a07b-5a3414250799,SwarmOptimizer,f0_only_biased,SBOX-COST,0.18039709499692824,ok
bfc19cc8-6ae5-4b0c-9b22-5875128ab0b5,PSODEOptimizer,f0_only_biased,SBOX-COST,0.06935607166218787,ok
c0134e24-199d-4097-9bfa-73357e83fce3,HybridPSODE,both_biased,SBOX-COST,0.20329532408697132,ok
c021124d-afe2-4a8d-aad7-753ee8a30d2b,EnhancedAdaptiveDEPSO,f0_only_biased,SBOX-COST,0.14482971051947924,ok
c02b1095-d0ea-42cd-b762-ca15bf7d0d9c,EnhancedAdaptiveCooperativeSwarm,both_biased,SBOX-COST,0.09537863214144326,ok
c03c0e49-824b-4c39-b7f9-2cec3935767b,HPSO_ADE_Enhanced,both_biased,SBOX-COST,0.15805655873442662,ok
c0410baa-d71c-44e9-9872-f00389914558,AdaptiveHybridMetaheuristic,f0_only_biased,SBOX-COST,0.19190413238464443,ok
c053c564-90d6-462c-b349-ae8b0cc0cc57,AdaptiveSwarmGradientDescent,neither_biased,SBOX-COST,0.13360056228698902,ok
c075e188-c238-4cd3-85d9-bc789317ac56,AdaptiveSwarmGradientDescent,f0_only_biased,SBOX-COST,0.17294479662606002,ok
c07e8a91-b960-473a-aebd-2a20f4c8111b,EnhancedAdaptiveSwarmGradientDescent,f0_only_biased,SBOX-COST,0.188518977837054,ok
c0834f5d-4642-44a8-977c-a3ec46ff5736,EnhancedAdaptiveSwarmGradientDescent,f0_only_biased,SBOX-COST,0.20126683852765254,ok
c0887a6e-ddff-4d41-9faa-674baa456705,QuantumInspiredAdaptiveMomentumPSO_DE,f0_only_biased,SBOX-COST,0.18128033426068407,ok
c08e2f43-f740-446c-b315-cf160fc40f89,AdaptiveSwarmGradientDescent,f0_only_biased,SBOX-COST,0.2265338271851463,ok
c094aed2-ca1a-4ed4-8b60-4125521089d3,ChaoticSwarmOptimizer,f0_only_biased,SBOX-COST,0.19232371744661622,ok
c0a87ca2-1ff8-4983-8f25-320e381fe310,PSODEOptimizer,f0_only_biased,SBOX-COST,0.06795865931180989,ok
c0ad0c48-5eea-49cc-99a7-f2ba8d4ba4b1,EnhancedAdaptiveSwarmGradientDescent,f0_only_biased,SBOX-COST,0.2077877579704271,ok
c0cd965d-e523-4caa-ab73-ab0dd46cd757,AdaptiveSwarmGradientDescent,neither_biased,SBOX-COST,0.1527571704461007,ok
c0f5bb90-c14e-4098-9028-c07b1ca00137,EnhancedImprovedHybridPSODE,f0_only_biased,SBOX-COST,0.12282496286329692,ok
c102d69a-d0e7-47f6-81f5-9d7968fa5c3e,EnhancedParticleSwarmDCM,f0_only_biased,SBOX-COST,0.14592312078732061,ok
c12bcced-d390-4205-85dc-20fa8d092a98,EnhancedAdaptiveHybridSwarm,f0_only_biased,SBOX-COST,0.1171845231220153,ok
c13b16cd-9bf2-415b-9efc-38145ec615c4,HybridOptimizer,both_biased,SBOX-COST,0.18167339429050103,ok
c14af95e-3492-4d9f-8eee-bb63b25b50a1,AdaptiveChaosEnhancedHybridSwarm,f0_only_biased,SBOX-COST,0.11378706433772245,ok
c1645ebc-eaa4-446f-bbd0-0645291b3ca5,EnhancedLevyChaosPSO,both_biased,SBOX-COST,0.08816728609345649,ok
c1846b49-eb44-4852-adfb-33ee40ed0836,HybridPSO_DE,f0_only_biased,SBOX-COST,0.1311241692668373,ok
c18f58c9-c56d-4d5e-8fd0-fdbbf05f85e8,AdaptiveSwarmGradientDescent,neither_biased,SBOX-COST,0.18244990962118202,ok
c19f904c-04a6-48d5-9a21-2fc7139f88e5,AdaptiveSwarmGradientDescent,f0_only_biased,SBOX-COST,0.1809795174744706,ok
c1a19a83-0770-4a64-8cac-f687027a6912,DynamicPhaseTransitionSwarmOptimizer,both_biased,SBOX-COST,0.06365196154444884,ok
c1b423c5-f1b3-4602-b7c8-30e07317642e,HybridPSODE,f0_only_biased,SBOX-COST,0.16205958666433365,ok
c1d7ddef-0de8-4d6c-9e5c-77e9ec5d5152,AdaptiveChaoticParticleSwarm,f0_only_biased,SBOX-COST,0.1690204421312838,ok
c1de2499-f5a0-428e-91d9-3795d93fefd6,SwarmOptimizer,f0_only_biased,SBOX-COST,0.18067335100406112,ok
c22221e4-5bc8-440d-8111-6fce49e07ae7,PSO_DE_Hybrid,f0_only_biased,SBOX-COST,,partial
c236833b-87b5-4e23-b173-d36edfc641c6,EnhancedMemorySwarm,both_biased,SBOX-COST,,error
c28886a8-a48c-4fe9-a70e-3b7c5fba3870,AdaptiveDynamicEvoPSO,f0_only_biased,SBOX-COST,0.13099902092917426,ok
c28ace80-8ea1-4d97-883d-a7a76d8dd58a,AdaptiveSwarmHarmonyOptimization,f0_only_biased,SBOX-COST,0.18885039170824747,ok
c28dc10e-2280-4058-92a4-1cc8d0b62f8c,AdaptiveSwarmHarmonyOptimization,f0_only_biased,SBOX-COST,0.17658530846828627,ok
c2a05c51-ec60-4f3a-91a8-3ebcd233bfd0,EnhancedAdaptiveSwarmGradientDescent,f0_only_biased,SBOX-COST,0.13510027378183614,ok
c2d8ea35-5b27-4da2-8ae9-93c23ac20616,RefinedAdaptiveHybridPSO_GA,f0_only_biased,SBOX-COST,0.11046016161974304,ok
c2ee9ed7-00a0-4d88-a48e-93aedf66a0f6,AdaptiveSwarmGradientDescent,f0_only_biased,SBOX-COST,0.22358231082428942,ok
c2f0d784-4906-4fa1-b85e-e4276fb117b7,DynamicSwarmOptimizer,f0_only_biased,SBOX-COST,0.18052500502180954,ok
c322b380-f8f1-4154-a544-be54664e79fc,DNPSO,f0_only_biased,SBOX-COST,0.18205301134959007,ok
c32f37fd-ec36-40a7-b5fe-5d308bc98948,AdaptiveSwarmHarmonyOptimization,f0_only_biased,SBOX-COST,0.1792029027004688,ok
c3444421-08ba-4c6a-8da3-3d2b0a584159,AdaptiveSwarmHarmonyOptimization,f0_only_biased,SBOX-COST,0.127784160327279,ok
c3455235-b436-435f-8051-1a06b97c886b,PSODEOptimizer,both_biased,SBOX-COST,0.06166180347465342,ok
c345c539-cc60-4c9c-a35d-4caef72681ac,PSODEOptimizer,f0_only_biased,SBOX-COST,0.07112534294565298,ok
c374da5f-33ad-4e17-9921-2fe7afb0a390,EnhancedAdaptivePSO,f0_only_biased,SBOX-COST,0.183688673017729,ok
c3830308-b3c2-4c34-9c73-ae19af18dfc7,AdaptiveSwarmOptimizer,f0_only_biased,SBOX-COST,0.17841220507623978,ok
c3a0717a-d6da-4401-9e16-96102b1fb94a,AdaptiveSwarmHarmonyOptimization,f0_only_biased,SBOX-COST,0.15709536311985398,ok
c3ad670d-6a6d-4b74-bac8-6111dffd5a95,RefinedHybridPSODE,f0_only_biased,SBOX-COST,0.16807824562807244,ok
c3b5a1c1-b624-4cc4-816a-212f90dc5f53,GeneticHybridPSOSA,both_biased,SBOX-COST,0.14617402824646708,ok
c3caa3a3-1ad1-4969-836c-5755080bf7da,AdaptiveSwarmHarmonyOptimization,f0_only_biased,SBOX-COST,0.15553973044702554,ok
c4233621-3eca-4eb4-970e-e1122733cbdd,AdaptiveHybridPSO_GA,f0_only_biased,SBOX-COST,0.11286090641202888,ok
c428a0c6-da17-4389-8d72-42c3638c4d8f,PSODEOptimizer,f0_only_biased,SBOX-COST,0.06894684335965141,ok
c43b2714-e395-464c-ba2b-019f9f0e0c0f,HybridPSO_DE,f0_only_biased,SBOX-COST,0.19484688963669639,ok
c4412a67-2e2c-43a2-9168-a2dfd3b65e67,EnhancedAdaptiveSwarmGradientDescent,f0_only_biased,SBOX-COST,0.22012643083858102,ok
c44aee74-835b-4b0f-97d6-9674bd126ca0,AdaptiveSwarmGradientDescent,f0_only_biased,SBOX-COST,0.2120715012218905,ok
c453518a-3922-470b-9484-ddd0977c20e5,AdaptiveSwarmGradientDescent,neither_biased,SBOX-COST,0.14194309245768208,ok
c467fda8-c08d-4cc3-a5c2-79046fc497bd,AdaptiveSwarmGradientDescent,f0_only_biased,SBOX-COST,0.16175130560341797,ok
c480fe28-d698-4cc9-8895-f68bd336aec8,PSO_DE_Hybrid_Improved,f0_only_biased,SBOX-COST,0.16226505872545868,ok
c494a07c-de7f-49c0-9d9f-be647ff1ceb0,AdaptiveSwarmGradientDescent,neither_biased,SBOX-COST,0.1332390422349518,ok
c4a06b62-f32c-4c73-a9c0-af7730b5fa84,AdaptiveSwarmGradientDescent,f0_only_biased,SBOX-COST,0.13008418245416012,ok
c4a92b83-2cd6-4ae5-9057-421617450907,EnhancedAdaptiveSwarmGradientDescent,f0_only_biased,SBOX-COST,0.20953150254462122,ok
c4ab8a78-8fd8-45f4-9c5e-d5e9bd238ef6,HybridPSODE,both_biased,SBOX-COST,0.20217655052253797,ok
c4ab8ff7-7ccf-40b3-ad30-594b609d2aaf,AdaptiveSwarmOptimizer,neither_biased,SBOX-COST,0.12308840659547844,ok
c4be05c6-70cd-475c-966d-12adc3095c22,AdaptiveSwarmGradientDescent,f0_only_biased,SBOX-COST,0.15400024190017708,ok
c4d72dec-51e9-4f4d-b499-e1b44b0d6da1,SwarmOptimizer,f0_only_biased,SBOX-COST,0.1950556815205787,ok
c5052936-3dba-42d3-892f-4b554532ec46,EnhancedAdaptiveDynamicEvoPSO,f0_only_biased,SBOX-COST,0.13093117943096597,ok
c51857a8-8d7a-4c5e-99c1-8e7ede4f73ba,EnhancedAdaptiveSwarmGradientDescent,neither_biased,SBOX-COST,0.15233258545956957,ok
c5219296-634a-4350-80a2-1509a2210e00,DynamicSwarmOptimizer,f0_only_biased,SBOX-COST,0.12989520190776638,ok
c5265b25-4198-4a32-ac22-89bb697df311,AdaptiveSwarmGradientDescent,neither_biased,SBOX-COST,0.2163103423866491,ok
c526834b-50f7-41c1-8a46-ea2a2e99cc00,EnhancedChaoticLevySwarm,both_biased,SBOX-COST,0.16755433071336934,ok
c52b93d8-1cb9-4f47-b34b-ac9ff7eb7418,DynamicSwarmOptimizer,f0_only_biased,SBOX-COST,0.17772745702343845,ok
c550dd8a-3b21-4b4f-8d93-4e030bf6f647,PSODEOptimizer,f0_only_biased,SBOX-COST,0.06913896996031357,ok
c575fad4-6810-4621-ab9f-26ee6a17c221,ImprovedDynamicPhaseTransitionSwarmOptimizer,both_biased,SBOX-COST,0.057914890412919265,ok
c595bca5-e120-4db2-8cf2-50c6a4dfc798,HybridPSODE,both_biased,SBOX-COST,0.1817233477475544,ok
c5a168fc-129f-49ea-a5a6-282fb5f0e353,EnhancedImprovedHybridPSODEv2,f0_only_biased,SBOX-COST,0.11303454647019753,ok
c5aa0956-2e9f-44c2-a97c-57235f08b69e,EnhancedHybridDEPSO,f0_only_biased,SBOX-COST,0.12743410314435977,ok
c5adcaad-70d0-45ed-911e-bffc7893fbdb,AdaptiveSwarmGradientDescent,neither_biased,SBOX-COST,0.16143682832821532,ok
c5bc66dd-666f-4e9f-be40-17cd552904b9,EnhancedAdaptiveSwarmGradientDescent,f0_only_biased,SBOX-COST,0.11053250084386951,ok
c5dbab23-fa90-49fb-814d-350c6b533c59,PSODEOptimizer,f0_only_biased,SBOX-COST,0.07173378360475344,ok
c5f3fe99-6e8e-4c63-9eed-c0b00caae3a2,SynergisticAdaptivePSODE,f0_only_biased,SBOX-COST,0.21535686198036497,ok
c5f9b571-7135-4099-9c4d-6a145ebea2b4,CollaborativeSwarmSearch,f0_only_biased,SBOX-COST,0.1937364992486154,ok
c6452feb-76d7-4af2-adbf-c4b6b53c60e8,PSODEOptimizer,f0_only_biased,SBOX-COST,0.06918307117124867,ok
c669f7b6-6fa9-4f5d-b775-308e84101be6,AdaptiveSwarmHarmonySearch,f0_only_biased,SBOX-COST,0.1352964015678742,ok
c67355ce-49c5-44d7-af3b-36de2c113117,EnhancedDynamicSwarmDE,both_biased,SBOX-COST,0.07133901797962956,ok
c68bc87c-3351-4104-93cc-573b07972216,HybridPSOSA,both_biased,SBOX-COST,0.1308248352068896,ok
c6966a71-d14b-4103-ad48-629bdca67348,EnhancedDynamicSwarmOptimizer,both_biased,SBOX-COST,0.060494228124580655,ok
c698669d-eab8-4741-8bf9-842830058c51,CollaborativeSwarmSearch,f0_only_biased,SBOX-COST,0.2159219020798129,ok
c6c2fb28-30cf-4e9a-95f9-de845108ce84,HybridPSO_DE,f0_only_biased,SBOX-COST,0.12070715848764471,ok
c6fbc103-8ae2-4718-9113-e5dae8be5f20,HybridPSODE,f0_only_biased,SBOX-COST,0.2083668393134132,ok
c714b7e9-76f3-426d-acac-07deb7802cdf,CollaborativeSwarmSearch,f0_only_biased,SBOX-COST,0.14690637184046623,ok
c7189d43-8903-4a40-ab4a-89da7a4a834b,EnhancedAdaptiveChaosSwarm,f0_only_biased,SBOX-COST,0.12005085413563216,ok
c72e3126-1756-4944-bbd1-02ac2f8cc76b,AdvancedDynamicSwarmDE,f0_only_biased,SBOX-COST,0.07592902391037538,ok
c78e31f1-beb0-42d9-a9fd-8772e6289ffd,RefinedAdaptiveCooperativeSwarm,both_biased,SBOX-COST,,error
c7980326-b934-4840-afee-01e936f9688d,HybridPSO_DE,f0_only_biased,SBOX-COST,0.1543277559740072,ok
c7bb254f-2b3d-41b4-8982-0f9e60c0a326,CollaborativeSwarmSearch,f0_only_biased,SBOX-COST,0.2187577587982698,ok
c7ce0455-928e-4588-b159-36b959e4f2ef,AdaptiveSwarmGradientDescent,neither_biased,SBOX-COST,0.10141849954603523,ok
c7ced5bb-2383-4646-8cf9-c1b363991dcb,PSO_DE_Hybrid,f0_only_biased,SBOX-COST,0.13902168056138467,ok
c7dea934-40d3-4580-a6c3-84b87ddc6549,HybridPSO_DE,f0_only_biased,SBOX-COST,0.12874712873593022,ok
c7e3f824-905f-43ca-8bcd-f0daacbbb373,EnhancedHybridDEPSO,f0_only_biased,SBOX-COST,0.14533292843942144,ok
c7e7546d-e6d6-4363-8122-9fb154b5ba33,EnhancedAdaptiveSwarmGradientDescent,f0_only_biased,SBOX-COST,0.18318018060973995,ok
c7ebfec5-4674-4598-9a74-216fdf12dfc9,AdaptiveSwarmGradientDescent,f0_only_biased,SBOX-COST,0.13733026341955873,ok
c7f53bc9-110a-4c0c-afca-aaf4858351f6,EnhancedAdaptiveSwarmGradientDescent,f0_only_biased,SBOX-COST,0.22190421613078792,ok
c812eead-f678-455b-a1df-c2fe436d833e,EnhancedDAPSO,both_biased,SBOX-COST,0.12788969289928276,ok
c813c2b1-f9dd-493e-b0e8-ceef526a737c,DualChaosHybridSwarm,f0_only_biased,SBOX-COST,0.11376380030192895,ok
c816f589-ce80-47a2-b58a-ebef60693f11,HybridPSOSA,both_biased,SBOX-COST,0.11106575123842438,ok
c822d879-e374-4d87-8b3b-818b902b8f27,ChaoticSwarmOptimizer,f0_only_biased,SBOX-COST,0.1582273891169943,ok
c831ed37-52fa-4783-b49c-0f2128fff50e,EnhancedAdaptiveSwarmGradientDescent,f0_only_biased,SBOX-COST,0.2078593821159734,ok
c8441018-1d6f-4788-89b4-e0c189a3b5c6,EnhancedSwarmAdaptiveDifferentialEvolution,both_biased,SBOX-COST,0.08632740615432782,ok
c878b012-7d98-40e9-8f50-65ae5a94fa90,EnhancedAdaptiveSwarmGradientDescent,f0_only_biased,SBOX-COST,0.2039101317119844,ok
c890bc24-8293-4358-b7b5-e7efe57c4d71,EnhancedHybridPSODE,f0_only_biased,SBOX-COST,0.17772197465017633,ok
c8cb83ae-6d04-4e94-96d8-585b165e12b8,EnhancedDAPSO,both_biased,SBOX-COST,0.13984602439459498,ok
c8f457cf-89d3-4c81-a0c7-cebfdc5d5a3f,HPSO_ADE_AdaptiveNeighborhood,both_biased,SBOX-COST,0.175913922591995,ok
c909dca0-30a4-44e6-89b6-0b7b0b247e73,EnhancedDynamicSwarmOptimizer,f0_only_biased,SBOX-COST,0.21217004640274928,ok
c90b5e6d-a87b-48ec-80dd-4248a39bb0f0,HybridPSO_DE,f0_only_biased,SBOX-COST,0.1310436345830731,ok
c911be0c-5878-4cc5-9842-7eb65562cf19,AdaptiveSwarmGradientDescent,neither_biased,SBOX-COST,0.15226800301977564,ok
c931e5bf-5236-4612-a4c2-f6db20435362,PSODEOptimizer,f0_only_biased,SBOX-COST,0.06815455637840583,ok
c93cbba5-a75a-4d54-978c-b895ebc0481a,AdaptiveSwarmGradientDescent,f0_only_biased,SBOX-COST,0.21912450582512868,ok
c974acca-1477-4b6f-824b-b0dd1d8af9e8,HybridPSODE,f0_only_biased,SBOX-COST,0.13162632426868556,ok
c981e2d6-676b-43e7-98ca-ad6c3cacfeaa,PSO_DE_Hybrid,f0_only_biased,SBOX-COST,0.16722017905016853,ok
c984654a-4d76-4cab-baf0-9489648c9b57,EnhancedNAPSO,f0_only_biased,SBOX-COST,0.17557723817969195,ok
c9876f5d-69b8-40d5-9030-636b83ca5f0a,EnhancedChaoticLevySwarm,both_biased,SBOX-COST,0.17933268253419488,ok
c9b91957-3351-42b5-9706-7f5e1784f9a7,AdaptiveDynamicEvoPSO,f0_only_biased,SBOX-COST,0.14581482543007412,ok
c9bd561e-c747-4a92-94da-20728aa40d64,MultiPhaseChaosAdaptiveSwarm,f0_only_biased,SBOX-COST,0.10630544702518452,ok
c9c13798-ab65-46bb-8e76-dc171d2d4b4f,AdaptiveQuantumHybridPSO_DE_DynamicFeedback,f0_only_biased,SBOX-COST,0.14604318518319148,ok
ca01390f-08e3-47b9-9837-f528c1983e99,EnhancedHybridMetaheuristic,f0_only_biased,SBOX-COST,0.18270722514401805,ok
ca028518-c9ed-4822-ac2a-38f867653051,EnhancedAdaptiveSwarmGradientDescent,f0_only_biased,SBOX-COST,0.14264271351322175,ok
ca100711-a77c-44cd-925d-f13d493c9c42,AdaptiveSwarmHarmonySearch,neither_biased,SBOX-COST,0.104690114406751,ok
ca2472a2-c5ee-491a-a278-9d0461e1d3b0,AdaptiveChaosPSO,both_biased,SBOX-COST,0.14982523041008466,ok
ca29fe0f-1a38-4f2b-826e-fe3be5e9b9b4,CollaborativeSwarmSearch,f0_only_biased,SBOX-COST,0.1803459082377462,ok
ca440614-c848-42a8-9f46-b5604eecebb0,AdaptiveSwarmHarmonySearch,neither_biased,SBOX-COST,0.135263041990939,ok
ca5a919a-64cd-426f-b7f9-b6738c6bc255,EnhancedHybridPSO_DE,f0_only_biased,SBOX-COST,0.1901951536188295,ok
ca6ba3e9-8ad0-426d-b16d-6b79150a2d8e,EnhancedMemorySwarm,both_biased,SBOX-COST,,error
ca809a43-82d3-4ddb-9d7b-adddcbe45b33,HybridPSODE,both_biased,SBOX-COST,0.14325690023247573,ok
ca93a135-5a8f-403a-ac78-d9f03cbbbdbf,RefinedAdaptiveHybridPSO_GA,f0_only_biased,SBOX-COST,0.1230888104305409,ok
ca9d3e82-8793-4442-9a57-290e9907ec7a,AdaptiveSwarmGradientDescent,f0_only_biased,SBOX-COST,0.13077328219062456,ok
ca9e741b-2548-4114-86d0-c3d3af3858f3,EnhancedAdaptiveHybridPSO_GA,f0_only_biased,SBOX-COST,0.11087904259999327,ok
cab3f07b-e8e0-494e-b563-2ecf4a0545e8,HybridPSOSA,f0_only_biased,SBOX-COST,0.10664728341203303,ok
cae39148-1cff-4c89-b4c9-4daaf5f1fcdf,HPSO_ADE,f0_only_biased,SBOX-COST,0.10058366337208526,ok
caeabe72-c9c8-4b18-bd95-8c908d16ef1b,EnhancedAdaptiveSwarmGradientDescent,f0_only_biased,SBOX-COST,0.18024110128065884,ok
cb0cf37e-6bdf-40f2-9363-7ce51fad7076,EnhancedLevyFlightParticleSwarm,f0_only_biased,SBOX-COST,0.1879502047168187,ok
cb122a3e-bf9f-4a4e-8e03-da0467b5f0a2,HybridPSOSA,both_biased,SBOX-COST,0.1584099268727982,ok
cb1c8a4c-fd7f-4e5d-a198-80aaf4691d4e,HybridPSOSA,both_biased,SBOX-COST,0.11594059312761562,ok
cb23f1b9-5b84-4369-bcc2-2af3cc572351,DynamicPhaseTransitionSwarmOptimizer,both_biased,SBOX-COST,0.0571726524831747,ok
cb5cef20-573f-45e1-a08c-b76661c2f359,EnhancedHybridPSODE_AdaptiveSocialLearning_RandomizedNeighborhood,f0_only_biased,SBOX-COST,,error
cb5f3fc7-6986-400a-88b9-699f19b2b438,CollaborativeSwarmSearch,f0_only_biased,SBOX-COST,0.20426073113390764,ok
cb7e1a12-143c-41e7-94ae-242942090fb8,EnhancedHybridSwarmPSO,both_biased,SBOX-COST,0.07947312921389044,ok
cb819679-5c92-4071-a167-c9825153b641,AdaptiveAttractionMultiSwarmPSO,both_biased,SBOX-COST,0.12744241302225495,ok
cb914f1c-7fca-45c9-a569-1803e786b84d,EnhancedAdaptiveSwarmGradientDescent,f0_only_biased,SBOX-COST,0.21312740550280201,ok
cba1feef-765a-4be4-8fc5-e2aca4f1cc0c,RefinedDynamicLearningPSODE,both_biased,SBOX-COST,0.13985643680063234,ok
cbaa47e8-781e-48eb-9348-57482be62da3,AdaptiveSwarmGradientDescent,f0_only_biased,SBOX-COST,0.1677469985090188,ok
cbad318d-5dea-4850-bcf5-2630b1d4f299,AdaptiveSwarmGradientDescent,f0_only_biased,SBOX-COST,0.1539848473904668,ok
cbb9df87-8b0c-4c2e-b762-ec9c0c12d918,HPSO_ADE_Enhanced,both_biased,SBOX-COST,0.15896664123907245,ok
cbc83173-531d-42f1-8031-88b8ed1d5094,AdaptiveSwarmGradientDescent,f0_only_biased,SBOX-COST,0.1590609426230053,ok
cbd14ef0-f856-49df-8d98-c13ae3f295ea,HybridPSO_DE,f0_only_biased,SBOX-COST,0.1396764998650474,ok
cbe563f5-5356-4ca3-ab1e-63c9e4e71ca1,AdaptiveSwarmGradientDescent,f0_only_biased,SBOX-COST,0.08165321206572529,ok
cc269aa6-2e21-42cc-a2b9-71058bf8c3d9,AdaptiveSwarmGradientDescent,f0_only_biased,SBOX-COST,0.18690843021352696,ok
cc2f3dd2-0564-46ac-9507-beba906d344f,AdaptiveSwarmGradientDescent,f0_only_biased,SBOX-COST,0.20828004507898587,ok
cc5623ed-a7e1-4293-8361-7dcde758cf55,EnhancedAdaptiveHybridPSODE,f0_only_biased,SBOX-COST,0.22868676681615618,ok
cc5e4256-7c28-4780-b23f-19c651d835b1,RefinedHybridDEPSO,f0_only_biased,SBOX-COST,,partial
cc636521-ba26-4fea-add4-a2d52f470297,CollaborativeSwarmSearch,f0_only_biased,SBOX-COST,0.22984564177576872,ok
cc74ec1c-67a7-4fb5-8b0e-c3c04d34ba21,EnhancedSwarmOptimizer,neither_biased,SBOX-COST,0.09275599203339338,ok
cc8ed030-20b5-4f73-b075-504cc4e69cd5,EnhancedAdaptiveSwarmGradientDescent,f0_only_biased,SBOX-COST,0.1972828768915124,ok
ccddaa55-6c56-4e32-af91-15a75a70137b,EnhancedAdaptiveHybridSwarmPlus,f0_only_biased,SBOX-COST,0.13453620179374073,ok
cceb96f0-f1a8-4f80-bbf4-a7966f0cbd2a,HybridPSODE,both_biased,SBOX-COST,0.15695564149830243,ok
ccfb53ca-565e-45d0-a35f-b902d2ec85b7,AdaptiveSwarmHarmonyOptimization,f0_only_biased,SBOX-COST,0.12266665623337687,ok
cd08c58c-5625-446e-ad97-af7bca70b49c,EnhancedDAPSO,f0_only_biased,SBOX-COST,0.13683797454967753,ok
cd2b7500-190e-408c-843d-0629040c0705,EnhancedImprovedHybridPSODE,f0_only_biased,SBOX-COST,0.12222409642520232,ok
cd49035a-70bd-4b35-8c0e-d0885097a448,SwarmOptimizer,f0_only_biased,SBOX-COST,0.18268633997533756,ok
cd49c509-f7b0-4c84-aa4d-e75e5dbcb818,EnhancedAdaptiveDifferentialEvolutionQPSO,both_biased,SBOX-COST,0.14178034501257192,ok
cd4ec841-c558-4052-90bf-fcce8626e1c8,HybridPSO_DE,f0_only_biased,SBOX-COST,0.14261440023097877,ok
cd545a7e-976a-4811-8a79-5dab580be6f2,PSODEOptimizer,f0_only_biased,SBOX-COST,0.07212985974803314,ok
cd7a1185-d2c6-4142-86f5-68ad396ddd8d,GeneticHybridPSOSA,both_biased,SBOX-COST,0.1568110836389528,ok
cd871705-4dde-4121-9e24-84e7186a261a,AdaptiveDynamicEvoPSO,f0_only_biased,SBOX-COST,0.13313646518924896,ok
cdc0e42e-65b8-4c56-9ee8-92f67f0ba91c,PSODEOptimizer,f0_only_biased,SBOX-COST,0.07246163286703872,ok
ce205a2e-f8c5-47cd-9803-603e2ee2a32c,AdaptiveSwarmGradientDescent,f0_only_biased,SBOX-COST,0.16787048772481783,ok
ce2ded23-083d-4ec9-a4cf-cee045cac20e,AdaptiveClusterNAPSO,f0_only_biased,SBOX-COST,0.13282055293779746,ok
ce3ac29b-dbae-401c-8a73-32a40894a5e1,AdaptiveSwarmOptimizer,f0_only_biased,SBOX-COST,0.1606677021954675,ok
ce3bd09a-ad8b-4b51-8ab4-de65180b8f3d,EnhancedAdaptiveSwarmGradientDescent,f0_only_biased,SBOX-COST,0.22171263410718817,ok
ce3f5c9b-5ea5-4a93-9dff-9eea7b76f2c4,EnhancedHybridOptimizer,f0_only_biased,SBOX-COST,0.13745545222065303,ok
ce4fc99a-9227-4321-8084-89e82d66d625,QuantumInspiredAdaptiveSwarm,f0_only_biased,SBOX-COST,0.1501966746428747,ok
ce507164-18f4-49a0-a70a-d3a4cb2428e8,AdaptiveDAPSO,both_biased,SBOX-COST,0.14755618711115254,ok
ce567ac7-8201-4c79-8e9d-8195ed3a177f,AdaptiveSwarmGradientDescent,f0_only_biased,SBOX-COST,0.13707558037470458,ok
ce6ecf9e-4efa-4b15-ab0c-4157711238d6,HybridPSO_DE,f0_only_biased,SBOX-COST,0.15979581149124616,ok
ce960e74-c1ee-4a34-a259-25f3784bdd4e,HybridPSO_DE,f0_only_biased,SBOX-COST,0.16458766436784605,ok
ceb040ce-08ea-4951-bbc3-b6a73d714b62,EnhancedAdaptiveCooperativeSwarm,both_biased,SBOX-COST,,error
cec0df4f-27be-4720-a26d-797e5f08b76f,AdaptiveSwarmHarmonyOptimization,f0_only_biased,SBOX-COST,0.13600732067580784,ok
cec6d92f-afeb-4bde-8281-7de745b21359,CollaborativeSwarmSearch,f0_only_biased,SBOX-COST,0.2077757040617234,ok
cec86453-cb10-4065-851e-3e7bcff6d6b3,EnhancedHPSO_ADE,both_biased,SBOX-COST,0.16831257687498552,ok
cee01cb8-ea4c-48c9-bfce-291c58c8242d,PSO_DE_Hybrid,f0_only_biased,SBOX-COST,0.2010955949906554,ok
cf25d448-6db2-48e1-9652-f5a813d45ba3,AdaptiveSwarmGradientDescent,f0_only_biased,SBOX-COST,0.15249239253183675,ok
cf3a8e31-5064-4bcd-a8de-19d5e604fb16,PSODEOptimizer,f0_only_biased,SBOX-COST,0.06913318660843637,ok
cf3b6b22-0f53-481e-8a6b-77e3d24c966e,AdaptiveSwarmGradientDescent,f0_only_biased,SBOX-COST,0.21167985122822133,ok
cfb1aa68-7bcd-4e9e-855b-a34a95621f7f,ChaosEnhancedLevyHybridSwarm,f0_only_biased,SBOX-COST,0.12358551396331204,ok
cfc21c95-ab1c-4b32-86a4-19fb42198fca,AdaptiveSwarmHarmonySearch,f0_only_biased,SBOX-COST,0.1170714271685654,ok
cfc43fd3-6682-4e6b-9f7c-2599207c336f,EnhancedMemorySwarm,both_biased,SBOX-COST,,error
cfcf9594-f8a6-4a23-86a9-f0d8bfc9cc45,RefinedDynamicSwarmDE,both_biased,SBOX-COST,0.07156739092874165,ok
cff224d8-1d94-400f-b1f8-b4743746c106,AdaptiveSwarmGradientDescent,f0_only_biased,SBOX-COST,0.15888951066617696,ok
cfff6283-738c-440f-bafa-c56fab394bcd,HybridPSOSA,both_biased,SBOX-COST,0.11034307058039006,ok
d01da024-3fa4-41a3-9bcf-9032531626e3,AdaptiveSwarmGradientDescent,f0_only_biased,SBOX-COST,0.15499283403961583,ok
d02b3079-bab5-4570-9070-38144c5af122,HPSO_ADE_Enhanced,both_biased,SBOX-COST,0.15948603402069703,ok
d033e230-eb45-4a7c-b5c5-30b7c3d674ef,AdaptiveSwarmGradientDescent,f0_only_biased,SBOX-COST,0.1604902722736004,ok
d040b7a7-bb61-4df0-8874-d24642826949,HybridPSO_DE,f0_only_biased,SBOX-COST,0.11267043664918874,ok
d042c4a3-7169-4ee2-bb63-42506adb0f3a,AdaptiveHybridPSO_GA,f0_only_biased,SBOX-COST,0.11641504588088522,ok
d08c8572-4803-4203-b907-2ded5f817db0,AdaptiveSwarmGradientDescent,f0_only_biased,SBOX-COST,0.10967875282571138,ok
d0937430-6a53-42bf-b14f-99c4b80943ff,AdaptiveHybridPSO_GA,f0_only_biased,SBOX-COST,0.11012496953568214,ok
d0d12683-e835-49d4-a88b-f58d8397f808,PSODEOptimizer,f0_only_biased,SBOX-COST,0.07066256170037646,ok
d0e02ee4-843d-4272-a285-3d83684c1bce,QuantumInspiredAdaptiveMomentumPSO_DE,f0_only_biased,SBOX-COST,0.1944753758485277,ok
d0f37ebf-de28-43af-8952-6ed0edda3c6a,NAPSO,f0_only_biased,SBOX-COST,0.18335163264683285,ok
d0f5f0f9-454c-4b27-af96-428422e3274f,AdaptiveSwarmHarmonyOptimization,f0_only_biased,SBOX-COST,0.15071420261540688,ok
d1096668-61f0-4100-b267-98754f2807a7,EnhancedAdaptiveDifferentialEvolution,both_biased,SBOX-COST,0.1468568851700226,ok
d1126026-d4e4-4f32-beab-43869a92a665,EnhancedAdaptiveSwarmGradientDescent,f0_only_biased,SBOX-COST,0.209555227244894,ok
d11cadd3-73a9-434c-b4da-00ebe7243ec8,AdaptiveSwarmGradientDescent,f0_only_biased,SBOX-COST,0.17980003913317927,ok
d1268dc2-ae53-4377-9e8f-588732677dea,EnhancedNAPSO,f0_only_biased,SBOX-COST,0.18552358860587315,ok
d1359e0a-5ae9-4cab-9e95-821cf5ea2add,SwarmOptimizer,f0_only_biased,SBOX-COST,0.166499149331727,ok
d15deb4b-8646-412f-b8d1-77c545156248,EnhancedSwarmInspiredDifferentialEvolution,f0_only_biased,SBOX-COST,0.1256270607194333,ok
d16ffc75-86f4-4b15-af6e-a736bcff5214,EnhancedAdaptiveSwarmGradientDescent,f0_only_biased,SBOX-COST,0.14494206587219566,ok
d1b78490-a8ed-42be-89c4-5d8c3ab721f4,PSODEOptimizer,f0_only_biased,SBOX-COST,0.06680882143034193,ok
d1f1b386-3cc5-43f6-aa74-29a7a5d8cf54,EnhancedHybridDEPSO,f0_only_biased,SBOX-COST,0.142695731528581,ok
d200f972-7230-4e8b-9449-843ee5f62443,DualChaosEnhancedAdaptiveHybridSwarm,f0_only_biased,SBOX-COST,0.11452725520673675,ok
d2089abc-b8f4-40ac-ac62-a9530a1cc32c,AdaptiveSwarmChaosMemory,f0_only_biased,SBOX-COST,0.14770541028912215,ok
d208e3dc-7d48-47c1-95aa-ab362c67513f,RefinedCulturalSwarmOptimizer,f0_only_biased,SBOX-COST,0.17689048288541434,ok
d20976dc-fb5b-495c-9106-f5faacaea746,AdaptiveSwarmGradientDescent,f0_only_biased,SBOX-COST,0.09541859804452069,ok
d2165599-4780-4b1d-b0a7-94fefda2788a,AdaptiveSwarmOptimizer,f0_only_biased,SBOX-COST,0.16216561850898573,ok
d218d236-8697-41e5-86f3-5531ae0b6b56,DynamicSwarmOptimizer,f0_only_biased,SBOX-COST,0.19988921819665573,ok
d24f04b7-8beb-493e-93aa-9ebb7e812106,SwarmOptimizer,f0_only_biased,SBOX-COST,0.17203956779182955,ok
d27749f7-1ac8-402f-a7ba-f2a6c6936ed3,AdaptiveSwarmHarmonyOptimization,f0_only_biased,SBOX-COST,0.15744719966006848,ok
d2782f48-e378-4d65-ac0d-995b5ac499f2,AdaptiveSwarmOptimizer,f0_only_biased,SBOX-COST,0.1468182628910286,ok
d2850db5-66c3-45dd-bb24-c97daed3072c,EnhancedHybridPSODE_AdaptiveSocialLearning,f0_only_biased,SBOX-COST,0.17531268313008433,ok
d285dcb2-5602-4fb2-a60a-2f8295bee379,RefinedHybridPSODE,both_biased,SBOX-COST,0.15287879970218454,ok
d2982029-3bd1-4e10-a7c6-e1c64714cb0c,EnhancedDynamicSwarmDE,f0_only_biased,SBOX-COST,0.07510342906302986,ok
d2afe666-8f81-4a0d-b099-80b580b9f9ef,HybridPSODE,both_biased,SBOX-COST,0.1993600184820673,ok
d2cbc8c8-5e78-4b2f-ae44-c00463c3cbf9,HybridPSODE,both_biased,SBOX-COST,0.226992389713349,ok
d2e1aae6-0647-4b7d-b6aa-0aa5a326d4e4,CollaborativeSwarmSearch,f0_only_biased,SBOX-COST,0.21327113195045122,ok
d2fa32be-8435-41d2-94ab-d5a822aae25e,HPSO_ADE,f0_only_biased,SBOX-COST,0.14580727920101824,ok
d3046df3-7108-4d3e-a14d-5ff16f71b03a,EnhancedAdaptiveSwarmGradientDescent,f0_only_biased,SBOX-COST,0.21467872518454403,ok
d30699c8-2fd0-4664-875a-f2c0e405be05,AdaptiveSwarmOptimizer,f0_only_biased,SBOX-COST,0.16344526380327676,ok
d30f9b0f-df19-41db-8a4e-99d486039e3f,HybridPSOSA,both_biased,SBOX-COST,0.12646964865357452,ok
d3422674-4480-4529-a1b2-d9bd7bbb0db0,EnhancedChaoticLevySwarm,f0_only_biased,SBOX-COST,0.1881550127659701,ok
d3460622-fa3b-4220-aad0-904d394b1684,QuantumInspiredSwarmPerturbation,f0_only_biased,SBOX-COST,0.14075654018033806,ok
d3604ea8-8f46-45bb-a491-53c419c6da64,HybridPSODE,f0_only_biased,SBOX-COST,0.11252179064044109,ok
d40944dd-77d8-4795-bea4-1d60e7cee5e4,AdaptiveSwarmOptimizer,f0_only_biased,SBOX-COST,0.1747215264851621,ok
d4118c17-2886-41df-b9fe-edfb93985452,SwarmOptimizer,f0_only_biased,SBOX-COST,0.18256640597236087,ok
d443b7e1-bc1a-40a3-b376-3b7de16ff774,HybridPSO_DE,f0_only_biased,SBOX-COST,0.1366147353291803,ok
d447a3fc-d354-4262-89c7-e8015e52c5de,ImprovedEnhancedNAPSO,f0_only_biased,SBOX-COST,0.19725977671655087,ok
d48a8565-2aa0-4e61-a253-44f1b66cce39,AdaptiveSwarmGradientDescent,f0_only_biased,SBOX-COST,0.18433340177757496,ok
d48e8602-66b8-4026-9687-55360f8f375a,EnhancedDynamicPhaseTransitionSwarmOptimizer,both_biased,SBOX-COST,,partial
d49504d6-d744-42f4-b255-b654773c545e,AdaptiveHybridPSO_GA,f0_only_biased,SBOX-COST,0.10833011661611006,ok
d496b927-839e-425f-bb45-45fd1da5e8c6,PSODEOptimizer,f0_only_biased,SBOX-COST,0.07161281605875286,ok
d49c69a5-1f62-4a5f-aa2f-c63ce8d5ff63,AdaptiveEnhancedAPSO,both_biased,SBOX-COST,0.059319809573593674,ok
d4b76c7c-19f2-4186-bbff-f24b5b04a92d,OptimizedHybridPSODE_StochasticGradientInertia,f0_only_biased,SBOX-COST,0.1615785433013276,ok
d4bc391c-2f8c-4910-bd86-07af581dc102,AdaptiveSwarmGradientDescent,f0_only_biased,SBOX-COST,0.15306500682496704,ok
d4cd4ebc-ba9c-4f93-9cf5-e7b8deebe412,EnhancedChaoticLevySwarm,f0_only_biased,SBOX-COST,0.1592933428038057,ok
d4ceb08c-52cf-496e-a322-6b904e8b8629,EnhancedAdaptiveHybridPSODE,both_biased,SBOX-COST,0.14493319028125706,ok
d4fa4846-6fca-4dad-b038-0c85ec15d6dc,ChaosEnhancedAdaptiveHybridSwarm,f0_only_biased,SBOX-COST,0.1287808352583521,ok
d5245942-7b3c-4cb3-b958-ff1b8271f561,HybridPSOSA,both_biased,SBOX-COST,0.1369934202106735,ok
d53edc2c-dfe2-4cc3-ae03-03ff645e550c,RefinedAdaptiveDynamicEvoPSO,f0_only_biased,SBOX-COST,0.12506596415760585,ok
d550f07c-0af6-4050-acf0-1fe78b663c68,AdaptiveMultiSwarmOptimizer,f0_only_biased,SBOX-COST,0.20253038187845646,ok
d55342b1-d7fb-4841-a6e7-df378c6130dd,CollaborativeSwarmSearch,f0_only_biased,SBOX-COST,0.26273241788082446,ok
d55cbdc7-379b-44bd-9bac-72052ab1a166,AdaptiveSwarmGradientDescent,f0_only_biased,SBOX-COST,,partial
d5730be0-8586-4e7d-b547-8ba42289bc5a,AdaptiveSwarmGradientDescent,f0_only_biased,SBOX-COST,0.18096702370425308,ok
d58ae711-d78c-465b-b8b2-de842efb1426,AdaptiveSwarmGradientDescent,f0_only_biased,SBOX-COST,0.22221364335986252,ok
d58d71bb-d77c-4f76-a042-aefdcc6a8e31,EnhancedHybridDEPSO,f0_only_biased,SBOX-COST,0.15742054203343891,ok
d58ee51d-ba8c-4c96-9e31-d3f38a2ec2d8,HybridPSODE,f0_only_biased,SBOX-COST,0.2069502081382999,ok
d5abd30f-40c0-41a5-955f-6c373ab62a7b,HybridPSODE,f0_only_biased,SBOX-COST,0.16534228610450136,ok
d5b1280d-dd34-47e2-b9c3-2377499ca68b,AdaptiveSwarmGradientDescent,f0_only_biased,SBOX-COST,0.19828826947435232,ok
d5b14d52-4f02-4dec-a4ea-6e1042d97a0b,HybridPSODE,f0_only_biased,SBOX-COST,0.12433613515107839,ok
d5b2774d-7ecc-4ce5-8bc0-e38808dc37d9,CollaborativeSwarmSearch,f0_only_biased,SBOX-COST,0.23171750386308562,ok
d5b372c1-82b5-47d8-a6e9-c9c8f347b34b,SwarmOptimizer,f0_only_biased,SBOX-COST,0.10291435698610311,ok
d5bc453e-58f9-4b33-b12b-29f69a13e17c,EnhancedNAPSOPlus,f0_only_biased,SBOX-COST,0.1835562675007337,ok
d5c7fc60-0a12-404d-bffe-910601063e87,EnhancedHybridPSODE,f0_only_biased,SBOX-COST,0.17399428391014993,ok
d5d363ef-dd31-46ec-a3dc-81b26478a730,RefinedHybridPSODE,both_biased,SBOX-COST,0.20191528609569315,ok
d5dac70e-f055-421f-b656-3f2de7f44db8,SwarmOptimizer,f0_only_biased,SBOX-COST,0.10938632781685217,ok
d5f7f35c-bea7-4cc2-ba3d-f16991b37b30,EnhancedHybridDEPSO,f0_only_biased,SBOX-COST,0.15822407026025928,ok
d62d30aa-d0f8-4e86-8d01-036f3513c636,RefinedAdaptiveHybridPSO_GA,f0_only_biased,SBOX-COST,0.10785326587252458,ok
d63232b8-47c1-4b46-9602-98595aef0475,AdaptivePSO,f0_only_biased,SBOX-COST,0.17117858107577544,ok
d6522e14-f0f8-4272-a00e-be7129941e9a,EnhancedAPSO,both_biased,SBOX-COST,0.05870857433940281,ok
d6a084b3-5794-4615-bb63-4a0244544b7d,EnhancedAdaptiveParticleSwarmDRLS,f0_only_biased,SBOX-COST,0.13222763145502722,ok
d6a98865-d987-4ac8-9c7b-b47ac0c3c1b7,PSODEOptimizer,f0_only_biased,SBOX-COST,0.07176020041920833,ok
d6decf6e-9591-4616-9bbd-d6de71c24631,HPSO_ADE_Enhanced,both_biased,SBOX-COST,0.15007733039928908,ok
d71aa0ef-deea-464e-957f-0e746ba2c73d,PSODEOptimizer,f0_only_biased,SBOX-COST,0.06970638689619024,ok
d7242076-1d72-4d33-9eb8-5f5eb54d14ff,EnhancedHybridDEPSO,f0_only_biased,SBOX-COST,0.14134920370906373,ok
d7287622-b7a3-41ed-aa9d-6fddc19be3e8,EnhancedDynamicAPSO,both_biased,SBOX-COST,0.06131985352228299,ok
d72cb8b5-5133-4010-9647-9702a358c484,DynamicSwarmOptimizer,f0_only_biased,SBOX-COST,0.11642908067041821,ok
d734c38c-94a7-401a-82ed-f3c953e5b0bf,EnhancedAdaptiveSwarmGradientDescent,f0_only_biased,SBOX-COST,0.2067023537330903,ok
d7360019-419c-4e7f-875f-ebae74c486c7,CollaborativeSwarmSearch,f0_only_biased,SBOX-COST,0.17595815513617089,ok
d7360c83-9a3a-4313-9fd6-f1016bbf03af,IntegrativeAdaptiveHybridSwarm,f0_only_biased,SBOX-COST,0.16166781714655085,ok
d74a6449-9d83-4f02-9316-99119b731541,EnhancedHybridMetaheuristic,f0_only_biased,SBOX-COST,0.1979352143737653,ok
d74d5ad2-861f-4045-9dc0-d7daee554833,RefinedAdaptiveCooperativeSwarm,both_biased,SBOX-COST,,error
d767ce2e-d408-49a2-8ec1-3e4df54f1541,HybridPSODE,f0_only_biased,SBOX-COST,0.15194852920877533,ok
d77a1f6a-11c8-41ec-b830-8bdc6195623b,EnhancedHybridDEPSO,both_biased,SBOX-COST,0.1623533024710851,ok
d77c2fec-bc01-47f4-8c64-41e126a17ca9,EnhancedHybridPSODE,both_biased,SBOX-COST,0.16571842517889518,ok
d77f63c1-26b1-41d4-baaa-c3c8e9c19e69,AdaptiveSwarmGradientDescent,f0_only_biased,SBOX-COST,0.11939810024203182,ok
d7d7b755-5f12-4a5c-b7fa-b4a5319d294a,HybridPSODE,f0_only_biased,SBOX-COST,0.11084376716184677,ok
d7d861f3-54a1-4d68-bd32-5175b058dd62,ChaosEnhancedAdaptiveHybridSwarm,f0_only_biased,SBOX-COST,0.11467933438707842,ok
d7db80ea-7355-4695-99aa-3f7cca4230b5,HybridPSO_DE,f0_only_biased,SBOX-COST,0.1311374479528329,ok
d7facc5e-a102-4590-bce1-0c543ec22c3d,HybridPSODE,f0_only_biased,SBOX-COST,0.12806923620025462,ok
d80f3778-4864-4e90-b82f-373ef19d3138,EnhancedAdaptiveSwarmGradientDescent,f0_only_biased,SBOX-COST,0.19111096408895933,ok
d8133928-c349-4eba-a08f-55da02f98972,EnhancedMultiScaleSwarmDE,both_biased,SBOX-COST,0.07173363735897278,ok
d82f2da1-7f51-422c-8bd8-9f9b9c081404,PSO_DE_Enhanced,f0_only_biased,SBOX-COST,0.19917895705655858,ok
d8390d4c-8c95-4ac1-a5f3-60780aeea401,RefinedNAPSO,f0_only_biased,SBOX-COST,0.18590707089955832,ok
d83d9d6b-8838-47a6-bb08-f36a89989432,DynamicSwarmOptimizer,f0_only_biased,SBOX-COST,0.20113325254027953,ok
d8514040-a067-48c5-91c9-217bb102786d,AdaptiveSwarmGradientDescent,f0_only_biased,SBOX-COST,0.2008159267745187,ok
d85ad07d-fa8d-4de4-9286-bb20fdd672e6,AdaptiveSwarmGradientDescent,f0_only_biased,SBOX-COST,0.20342247389854326,ok
d87af5ac-b70e-445d-9c88-872a80c5ea54,RefinedEnhancedHybridDEPSO,f0_only_biased,SBOX-COST,0.12841647283525248,ok
d8a57be4-972b-4aa5-99a3-03a68a3014f2,SwarmOptimizer,f0_only_biased,SBOX-COST,0.21010568723352072,ok
d8c257c3-9729-4dfd-b67f-13b3c52f2a6d,AdaptiveSwarmGradientDescent,f0_only_biased,SBOX-COST,0.1286050846251267,ok
d8c7f2ce-a346-4719-b8f2-413dda8bf305,DynamicPhaseTransitionSwarmOptimizer,both_biased,SBOX-COST,0.05976273557431444,ok
d8cfedbf-7dd7-4485-8ecd-1906ca872f4d,HybridPSOSA,f0_only_biased,SBOX-COST,0.16766327840656436,ok
d8ec1b8a-1968-4dd3-9995-868a0bbba371,PSODEOptimizer,f0_only_biased,SBOX-COST,0.06826815825530604,ok
d8f1a811-4aba-4d79-a04e-5ba955cdee63,EnhancedHybridAntInspiredPSODE,f0_only_biased,SBOX-COST,0.11171653483892374,ok
d91adb41-0aee-4228-a005-3c551b9347f7,AdaptiveSwarmGradientDescent,f0_only_biased,SBOX-COST,0.21870733316231175,ok
d94a6bd9-39f8-4d33-a8d1-5725fecaa449,CollaborativeSwarmSearch,f0_only_biased,SBOX-COST,0.20703982682789462,ok
d961fd19-723a-40c4-bf89-9eb32a017058,EnhancedAdaptiveSwarmGradientDescent,f0_only_biased,SBOX-COST,0.15240959978160654,ok
d97d1eba-1213-4dcd-a6f4-13e099ee3d00,SwarmOptimizer,f0_only_biased,SBOX-COST,0.1830414328669272,ok
d98e9dda-3941-4c5a-98ef-e471ed07aeae,SwarmOptimizer,f0_only_biased,SBOX-COST,0.1586776340607186,ok
d99e6784-6fcb-4b75-8449-efa4c7e3b96a,DynamicPhaseTransitionSwarmOptimizer,both_biased,SBOX-COST,0.06106307851288345,ok
d9a0764a-9bdd-4093-8880-7025b21af166,AdaptiveSwarmGradientDescent,f0_only_biased,SBOX-COST,0.15573896016244157,ok
d9ab4fc9-6c63-41fe-a4ea-08fd2345e810,HybridPSOSA,both_biased,SBOX-COST,0.1110871030694236,ok
d9d8e128-adb0-4882-9d28-c8b88bec14cb,SwarmOptimizer,f0_only_biased,SBOX-COST,0.20754332858167412,ok
da07cf83-6f21-441f-a5ac-4c31c3d88190,EnhancedNAPSO,f0_only_biased,SBOX-COST,0.18254366243474424,ok
da0d6b48-5971-4fa6-9986-f6e279f95cf4,QuantumInspiredAdaptiveMomentumPSO_DE,f0_only_biased,SBOX-COST,0.1516172197853618,ok
da3070b7-a188-4e9c-82e8-8e8ebb338201,AdaptiveSwarmGradientDescent,f0_only_biased,SBOX-COST,0.1246959277960063,ok
da46af32-cfe2-43df-854d-7bfae8b26221,HPSO_ADE,f0_only_biased,SBOX-COST,0.15052348707090435,ok
da5baefc-26f9-439b-92f3-58ad0059d255,EnhancedDAPSO,f0_only_biased,SBOX-COST,0.1328312882068728,ok
da696acb-10f8-404b-a4b1-4837c232b0ad,HybridPSODE,both_biased,SBOX-COST,0.1853868121913619,ok
da89c76d-4d52-4aae-ac49-ba7f6623d501,AdaptiveSwarmHarmonySearch,f0_only_biased,SBOX-COST,0.14151788961951828,ok
daa5e8fe-b54e-4687-a4e5-28bbd7f5e19a,Enhanced_HPSO_ADE,f0_only_biased,SBOX-COST,0.156758236184634,ok
dabc560d-3b74-487c-8280-65c49eeca736,EnhancedParticleSwarmDCMAIW,f0_only_biased,SBOX-COST,0.09193687629668583,ok
dad073e4-eb88-4bf6-b662-a895dc491e21,DynamicSwarmOptimizer,both_biased,SBOX-COST,0.05849421344476527,ok
dad97f7f-f9ae-4181-a7fa-6270a7504ec7,QuantumInspiredParticleSwarmAM,neither_biased,SBOX-COST,0.08967516347121277,ok
db00a854-39da-4209-99dd-d97f26b598b3,EnhancedAdaptiveSwarmGradientDescent,f0_only_biased,SBOX-COST,0.18951584135976818,ok
db3f93b1-582b-45cf-812c-9ffefa28a24f,AdaptiveSwarmGradientDescent,f0_only_biased,SBOX-COST,0.16911749640813512,ok
db50fc85-6667-4155-bf30-e0d81b6c456c,AdaptiveSwarmGradientDescent,f0_only_biased,SBOX-COST,0.14238424314000525,ok
db5d9ef4-d320-4d1f-8f3b-e5802875aa4e,HybridPSODE,both_biased,SBOX-COST,0.18219205437226932,ok
db65963c-bcbb-4c96-b9f8-4a57fa9584db,AdaptiveSwarmOptimizer,f0_only_biased,SBOX-COST,0.16928445650515594,ok
dbb88311-c144-4a9d-8e20-2580d7c05a2f,EnhancedHybridPSODE,f0_only_biased,SBOX-COST,,partial
dbbd74b2-47e4-4b8a-a8aa-7c4c29087564,EnhancedAPSO,both_biased,SBOX-COST,0.05849983953240517,ok
dbc8596e-91aa-4c54-8b90-36a190cde957,HPSO_ADE_Enhanced,both_biased,SBOX-COST,0.16466055676845598,ok
dbdc6909-96f3-4c7c-95d6-b05ff6858715,AdaptiveMultiPhaseSwarm,f0_only_biased,SBOX-COST,0.07952467873370304,ok
dbddfd82-657b-4c8a-9722-d001723e66bd,EnhancedImprovedHybridPSODE,f0_only_biased,SBOX-COST,0.10892918636079874,ok
dbf5295c-b988-465a-a465-cb5a72e6bb74,DynamicSwarmIntelligenceEnhancer,f0_only_biased,SBOX-COST,0.21287255378539702,ok
dc128b22-952a-4859-b47e-71fb7b48f921,AdvancedDynamicSwarmDE,f0_only_biased,SBOX-COST,0.06877294870201953,ok
dc4eef3f-1f81-443b-86d9-14f1da2f5ef2,AdaptiveSwarmChaosMemory,f0_only_biased,SBOX-COST,0.1990012223020623,ok
dc651605-1f3f-47b1-8f72-590b0a03a966,SwarmOptimizer,f0_only_biased,SBOX-COST,0.15644402861829562,ok
dc7bf13d-0a06-4dfb-8ebf-16ccbac70352,AdaptiveSwarmGradientDescent,f0_only_biased,SBOX-COST,0.16860668285039165,ok
dc99086f-66af-4786-b08b-dc5d0e87aa92,EnhancedAdaptiveDynamicEvoPSO,f0_only_biased,SBOX-COST,0.1435871132458421,ok
dc9d767d-40ce-4122-82a2-f228ef5d0050,DynamicSwarmOptimizer,f0_only_biased,SBOX-COST,0.12966759449446014,ok
dca904f7-884a-4bbc-822e-79a28a4be00e,AdaptiveSwarmGradientDescent,f0_only_biased,SBOX-COST,0.17581733622090534,ok
dcb86a3e-7322-4c25-998b-368983931bf1,EnhancedHybridPSOAnnealing,both_biased,SBOX-COST,0.1785575759978684,ok
dcca6b8b-39be-4059-bb91-17abea521b89,HybridPSOSA,both_biased,SBOX-COST,0.10284904186869992,ok
dcd022b6-5a51-41df-8ed5-23f250309c4c,AdvancedMultiSwarmHybridOptimizer,both_biased,SBOX-COST,0.12171826189927924,ok
dcd186d2-0011-4ba5-aa5f-90ecf6236178,HybridPSODE,f0_only_biased,SBOX-COST,0.1620277879856215,ok
dcf0f299-061b-4730-9378-9614daa37c83,AdaptiveSwarmGradientDescent,f0_only_biased,SBOX-COST,0.18354706207539692,ok
dcf57ddb-8f7d-4eaf-8475-05755063b46f,RefinedLevyChaosPSO,both_biased,SBOX-COST,0.07482477033520535,ok
dcf91060-8040-46ac-88b7-515d96b535bd,RefinedDynamicEvoPSO,f0_only_biased,SBOX-COST,0.18601069567127365,ok
dd0340a1-52d4-45cb-8adc-886d5b8b77a0,AdaptiveSwarmGradientDescent,f0_only_biased,SBOX-COST,0.16660874545696194,ok
dd140fc3-9621-4ada-86f9-b972b8707b3d,AdaptiveSwarmGradientDescent,f0_only_biased,SBOX-COST,0.22296719264662695,ok
dd4131b2-0bea-4a9b-8c93-b7b36554cfe3,EnhancedQuantumPSO_DE,f0_only_biased,SBOX-COST,0.17431543059491403,ok
dd42be71-1b9f-4b16-93d9-5e456ac64038,RefinedHybridPSODE,f0_only_biased,SBOX-COST,0.22161530441141078,ok
dd5f8f56-0f3c-471e-b24c-f7bef776baa0,HybridPSODE,f0_only_biased,SBOX-COST,0.17788154986034704,ok
dd6b7f34-c71e-49b5-b492-d06d4508b8c5,EnhancedDynamicPSO_GA,f0_only_biased,SBOX-COST,0.11121279910188696,ok
dd7fbb37-c125-464e-9981-c6acb0cbe6cf,ImprovedHybridPSO_GA,f0_only_biased,SBOX-COST,0.1418079690340684,ok
dd99f2ac-c9ea-45ae-a7cf-a33e3a0f5e94,AdaptiveSwarmGradientDescent,f0_only_biased,SBOX-COST,0.10132682528180607,ok
ddfa0f2f-4d54-4590-8250-c35b8fad8a46,PSODEOptimizer,f0_only_biased,SBOX-COST,0.07052390673014038,ok
de3adcb3-8808-41f4-a605-dda51cdce3aa,PSO_DE_Hybrid,f0_only_biased,SBOX-COST,0.15343973856687182,ok
de3c5b05-9b26-451f-b89a-509cbfe3b539,AdaptiveSwarmHarmonySearch,neither_biased,SBOX-COST,,error
de43d584-be55-4e68-acf2-ead0a40fedd7,HybridPSODE,neither_biased,SBOX-COST,0.12406024860073832,ok
de5efd96-7489-4c6b-bd7d-cda81ce4632a,AdaptiveSwarmGradientDescent,f0_only_biased,SBOX-COST,0.1684636566457674,ok
de6f81b5-3990-4b93-a10f-b8a158d3d77b,AdaptiveSwarmOptimizer,f0_only_biased,SBOX-COST,0.16960113217284972,ok
de759519-7a5a-488a-9132-8fc8f6f13ebf,QuantumInspiredAdaptiveSwarm,f0_only_biased,SBOX-COST,0.16411020859210815,ok
de8b0677-afb4-42f6-b9c3-33df9b4bdbd4,AdaptiveSwarmGradientDescent,f0_only_biased,SBOX-COST,0.17422430714658355,ok
dea12451-4673-4cab-826f-10862c6a77e9,ChaosEnhancedAdaptiveHybridSwarm,f0_only_biased,SBOX-COST,0.14527587794682756,ok
deb3f281-b39e-4273-b032-45bcd900708f,PSO_DE_Hybrid_Improved,f0_only_biased,SBOX-COST,0.18684933013943317,ok
debaf8e4-9dad-45e8-b3f1-9457b8fc1438,AdaptiveMomentumInspiredQuantumPSO_DE,f0_only_biased,SBOX-COST,0.1542686821438458,ok
debcc78d-5aa9-4135-a1d3-bc19d4c3738d,AdaptiveSwarmHarmonyOptimization,f0_only_biased,SBOX-COST,0.17190734974687405,ok
dec3abf7-787b-4248-ba96-3d027d6c534d,HybridPSODE,f0_only_biased,SBOX-COST,0.2141052780616834,ok
dec86bfd-dcba-4522-9da5-8d65849299db,AdaptiveSwarmGradientDescent,f0_only_biased,SBOX-COST,0.2056257401632049,ok
decdfa57-7ae8-405e-9c08-57a3313245c7,DynamicPhaseTransitionSwarmOptimizer,both_biased,SBOX-COST,0.062933116780173,ok
dee00de7-7540-4e5b-a760-fb1f64849917,AdaptiveHybridPSO_GA,f0_only_biased,SBOX-COST,0.1158263006189643,ok
dee6d0e7-694a-4b9c-8220-d882eaf2060b,HybridPSOSA,both_biased,SBOX-COST,0.11233345543338241,ok
defe3ba0-85d6-4f1f-a4f9-776e341cee96,HPSO_ADE_Enhanced_Quantum,both_biased,SBOX-COST,0.14313857344188177,ok
df004f66-9fc1-45c8-980c-17e275207605,ChaosEnhancedAdaptiveHybridSwarm,f0_only_biased,SBOX-COST,0.12361429624506955,ok
df1a41ae-3e04-4a6f-92ff-4f6a6986c45b,DynamicSwarmOptimizer,f0_only_biased,SBOX-COST,0.0768484976788959,ok
df211487-422a-4f98-a5de-018e923669dc,CollaborativeSwarmSearch,f0_only_biased,SBOX-COST,0.19821989591172562,ok
df676bc4-ac7e-4844-a7f3-a8d496621ee0,PSO_DE_Hybrid,f0_only_biased,SBOX-COST,0.19802755214521306,ok
df697b6b-8a20-4bb0-8ba1-d4ffa5afa5d2,AdaptiveSwarmOptimizer,f0_only_biased,SBOX-COST,0.16583590350869826,ok
df791b94-5949-4b30-95d0-4a78b9108312,AdvancedAdaptivePSODE,both_biased,SBOX-COST,0.16658017786030405,ok
df914c5b-e652-45cd-ba66-c3a38f8aac25,PSODEOptimizer,f0_only_biased,SBOX-COST,0.06148250818706018,ok
dfb46d7e-f111-48b3-8a17-5855a2003981,AdaptiveSwarmOptimizer,f0_only_biased,SBOX-COST,0.16293964580361894,ok
dfb6654e-b0ca-4432-b590-d7fd8e8878ad,EnhancedNAPSO,f0_only_biased,SBOX-COST,0.18241444259957187,ok
dfbc5b31-8d03-497a-9009-eea0c608edb1,EnhancedHybridPSO_DE,f0_only_biased,SBOX-COST,0.142436179345498,ok
dfbfd2e5-8599-4d05-972c-316bd11fbf2e,EnhancedAdaptiveSwarmDE,f0_only_biased,SBOX-COST,0.07115964495683269,ok
dfc491e3-f69d-4648-a8da-0fb367b5479f,AdaptiveSwarmGradientDescent,f0_only_biased,SBOX-COST,0.20709081275430435,ok
dfc81983-be2a-4950-9087-9c670f99a6e4,PSODEOptimizer,f0_only_biased,SBOX-COST,0.07359061787981279,ok
dfd2edd4-0c21-4ec3-a1f0-65f39589cebd,AdaptiveSwarmGradientDescent,neither_biased,SBOX-COST,0.16434092052193638,ok
e00b98dd-9dfc-4948-bdc5-68bc0daa44e7,HybridPSO_DE,f0_only_biased,SBOX-COST,0.1141141466625974,ok
e022e4e3-9fa2-4187-9167-2635fef9ff9f,Adaptive_Hybrid_PSO_DE,f0_only_biased,SBOX-COST,0.07149753624060708,ok
e029b68c-f17c-4605-81ee-849eb40fa263,CollaborativeSwarmSearch,f0_only_biased,SBOX-COST,0.14442138229847234,ok
e0433338-d0c2-4ac5-bfb2-7b54ec37e413,AdaptiveHybridPSO_DE,f0_only_biased,SBOX-COST,0.07276103466127791,ok
e0529ff4-6bf5-4ff2-8e99-db93a759b4e8,EnhancedAdaptiveSwarmGradientDescent,f0_only_biased,SBOX-COST,0.13613963163079607,ok
e05bad6d-f867-4053-b495-522553dbeb2a,EnhancedHybridPSODE,f0_only_biased,SBOX-COST,0.20231263298607852,ok
e0747862-85e1-479b-940f-be711472f787,AdaptiveSwarmGradientDescent,neither_biased,SBOX-COST,0.1529957311594517,ok
e088dad1-7786-4653-b462-f9e827ab21f4,PSO_DE_Hybrid,f0_only_biased,SBOX-COST,0.17570809864487452,ok
e089c0a1-fad1-4a32-8295-0c73cba48697,CollaborativeSwarmSearch,f0_only_biased,SBOX-COST,0.1492250832430589,ok
e09654ed-3591-4103-8a22-e1914fecc103,EnhancedHybridPSO_DE,f0_only_biased,SBOX-COST,0.19975568162516777,ok
e09cac76-7408-4eb0-8a8d-e26197c85e04,PSODEOptimizer,f0_only_biased,SBOX-COST,0.06916761246786571,ok
e0b342d9-9f1b-4d75-abce-41706f4b421f,EnhancedHybridPSO_DE,f0_only_biased,SBOX-COST,0.19493336594118696,ok
e0ba07f7-1b62-4901-b247-852691c9b6b9,HybridPSO_DE,f0_only_biased,SBOX-COST,0.14463529960877808,ok
e0d7ef6f-b854-4141-a4ae-543bce23a05b,HybridPSODE,both_biased,SBOX-COST,0.1987631365600131,ok
e0f22fc9-ed71-4352-ac4a-a8b168dcf8c2,AdaptiveSwarmHarmonyOptimization,f0_only_biased,SBOX-COST,0.18790189163558702,ok
e0ff5248-bb5e-4306-a3a6-f186ec165255,AdaptiveSwarmOptimizer,f0_only_biased,SBOX-COST,0.16607139472762902,ok
e130cb67-5e69-446d-9a0a-1c3298e4fc9e,AdaptiveSwarmGradientDescent,f0_only_biased,SBOX-COST,0.2024872452778333,ok
e13d11cb-4ec7-4332-993b-66fe08399803,EnhancedHybridPSODE,f0_only_biased,SBOX-COST,0.20425833382843506,ok
e182214d-bdda-4f21-a7bb-c716cce6bc14,CollaborativeSwarmSearch,f0_only_biased,SBOX-COST,0.1825138934116331,ok
e18b3c2b-ee58-4e8e-a8d0-550dc999271d,AdaptiveSwarmGradientDescent,neither_biased,SBOX-COST,0.12822102549073855,ok
e1a0451a-90e0-4f15-b687-720f5bc3ba26,AdaptiveSwarmGradientDescent,f0_only_biased,SBOX-COST,0.22642936903678643,ok
e1d952f4-9375-41db-a4ec-0bba05364a75,EnhancedDAPSO,both_biased,SBOX-COST,0.14634627891491414,ok
e21f4637-ce66-489d-ba15-5dbbb02259a1,EnhancedAdaptiveSwarmGradientDescent,f0_only_biased,SBOX-COST,0.1760854564983926,ok
e2372844-1c05-42d5-9301-4e937291d827,EnhancedAdaptiveQuantumHybridPSO_DE,f0_only_biased,SBOX-COST,0.13398153003424276,ok
e23a5584-2977-4f6c-807f-f5274c5daebf,PSODEOptimizer,f0_only_biased,SBOX-COST,0.0722743544595157,ok
e2517ade-28d2-4963-9112-c470b2538783,EnhancedHybridPSODE,f0_only_biased,SBOX-COST,0.15279731490383233,ok
e25c6295-7fa6-43c1-8843-814ac9be6f2a,DynamicPhaseTransitionSwarmOptimizer,both_biased,SBOX-COST,0.06003365606116638,ok
e2639687-5dba-4243-92cd-3e6560fbff11,ChaosEnhancedAdaptiveHybridSwarm,f0_only_biased,SBOX-COST,0.11505364031430106,ok
e27bed6a-0aca-4cec-abbc-6234fef7dd8e,EnhancedDAPSO,both_biased,SBOX-COST,0.1277367107551284,ok
e2800df3-ff19-49e1-a142-91fd32e637ce,MultiScaleDynamicSwarm,f0_only_biased,SBOX-COST,0.18119179094749785,ok
e285d728-0414-40a8-84cb-b5b8b3eafde1,PSO_DE_Hybrid,f0_only_biased,SBOX-COST,0.15666955628635487,ok
e28d1144-cd3a-4eb9-a8fa-0497270ed00e,EnhancedMultiStrategyOptimizer,both_biased,SBOX-COST,0.1205873725760457,ok
e28ec6d7-a3a4-49a2-93b4-b6177b7dd085,HybridPSODE,f0_only_biased,SBOX-COST,0.21473968258760812,ok
e2a17d53-5367-43aa-93f3-e93d7e0f87d0,AdaptiveSwarmChaosDescent,neither_biased,SBOX-COST,0.1517488942429111,ok
e2c89de5-2b77-4d6e-869f-bf002bf3e9df,EnhancedAdaptiveMultimodalExplorer,f0_only_biased,SBOX-COST,0.21498919638654984,ok
e2dd6719-ab29-4c1f-bf1d-37de95729fd5,HybridPSODE,both_biased,SBOX-COST,0.18527953364856942,ok
e2f0e8fd-167a-4442-954a-f6537026e1e3,AdaptiveSwarmGradientDescent,f0_only_biased,SBOX-COST,0.22652631011883306,ok
e2f1817e-93a5-4abe-8cd4-e27b6adecd71,AdaptiveSwarmGradientDescent,f0_only_biased,SBOX-COST,0.1745288939226512,ok
e3137c1e-d0e0-40e9-ae39-f56f397df19f,SwarmOptimizer,f0_only_biased,SBOX-COST,0.20363022517492269,ok
e31e1503-6dc7-4171-9b29-bd6e41f9453e,SwarmOptimizer,f0_only_biased,SBOX-COST,0.17561915380810064,ok
e31e452e-1f9a-4622-bce4-60c898d70eba,DynamicEnhancedHybridDEPSO,f0_only_biased,SBOX-COST,0.14144288590971654,ok
e334af85-6224-4908-acde-0977b641509a,AdaptiveSwarmGradientDescent,f0_only_biased,SBOX-COST,0.15394573620019125,ok
e34bfc83-4232-45cd-9cf4-eeed4304f044,DynamicSwarmOptimizer,f0_only_biased,SBOX-COST,0.14159996991835078,ok
e3527b32-986c-4de9-a4e2-dcd06074f5be,EnhancedAdaptiveSwarmGradientDescent,f0_only_biased,SBOX-COST,0.21753296135384315,ok
e36cd849-e0bc-4efa-b7c3-e44f586249b5,HybridOptimizer,both_biased,SBOX-COST,0.1776023599013773,ok
e3794ddf-3a26-423a-b3e6-79bf0153f5e3,PSO_DE_Hybrid,f0_only_biased,SBOX-COST,0.20302236849002012,ok
e384b876-e959-4961-abc1-211a3d54a562,CollaborativeSwarmSearch,f0_only_biased,SBOX-COST,0.19108053689102114,ok
e397cfd9-b5b3-48d9-9e66-3d4a3299e22b,QuantumInspiredDualGuidedPSO_DE,f0_only_biased,SBOX-COST,0.17742945016795292,ok
e39c5899-8301-4988-9874-b90f9c4f3857,EnhancedAdaptiveSwarmGradientDescent,f0_only_biased,SBOX-COST,0.18831833921674648,ok
e3a52e4d-2123-4159-938b-d63f1831285f,EnhancedAdaptiveSwarmGradientDescent,neither_biased,SBOX-COST,0.1605226226388792,ok
e3ac95c4-0926-49f5-9cdd-ee9ab6140858,DynamicSwarmOptimizer,f0_only_biased,SBOX-COST,0.17002605846968105,ok
e3bac12f-29f5-45a3-9dbd-da5387542d39,AdaptiveSwarmGradientDescent,f0_only_biased,SBOX-COST,0.1836437123486878,ok
e3bd2502-3a3a-45fa-8c05-b150455730f0,HybridPSO_DE,f0_only_biased,SBOX-COST,0.13945774291566224,ok
e3d0e8ba-7c7c-446c-a771-133cd2858e8d,HybridPSODE,both_biased,SBOX-COST,0.1932027261897649,ok
e3e33062-89f6-48c7-a7b9-1b4ae1379677,EnhancedAdaptiveSwarmGradientDescent,f0_only_biased,SBOX-COST,0.18837484935068216,ok
e3eed76e-c64e-4243-9454-e30651fdf9ad,AdaptiveHybridPSODE,f0_only_biased,SBOX-COST,0.21998294407607644,ok
e3fbbec3-5920-4536-8963-d1d3bbdf2b6e,EnhancedAdaptiveHybridPSO_DE,f0_only_biased,SBOX-COST,0.15797166733195397,ok
e3ff7158-8ed5-45ba-afef-7a91fa614679,RefinedHybridPSODE,both_biased,SBOX-COST,0.20521573389389974,ok
e408bbcc-d826-4112-a199-b6b707362143,MultiPhaseAdaptiveCulturalSwarmOptimizer,f0_only_biased,SBOX-COST,0.13233042049500782,ok
e40cbe2a-3df8-4000-8aa7-4c53b20183b1,AdaptiveSwarmGradientDescent,f0_only_biased,SBOX-COST,0.14982014472847624,ok
e41a6b0b-35fc-4ad9-a7ff-6b60cdbf6f9f,RefinedAdaptiveSwarmOptimizer,neither_biased,SBOX-COST,0.09543919212239693,ok
e424cac9-a0fd-4a83-a669-a06874a70a12,PSO_DE_Hybrid,f0_only_biased,SBOX-COST,0.13601330810062273,ok
e4583e37-b6eb-41d2-969d-c84a53a9ace7,EnhancedAdaptiveSwarmGradientDescent,f0_only_biased,SBOX-COST,0.17649859292328285,ok
e45ea119-f528-4771-ad16-3bf42327f9c2,HybridPSO_DE,f0_only_biased,SBOX-COST,0.13665131376027664,ok
e4687f9a-e72e-414a-a4fc-49cbbe479c1e,AdaptiveSwarmHarmonySearch,neither_biased,SBOX-COST,0.13775410068828145,ok
e49ea7e6-3e97-4930-934f-8ef099ac3c68,AdaptiveSwarmHarmonySearch,f0_only_biased,SBOX-COST,0.14121030479463093,ok
e4aea2c5-0133-488c-864d-94c340ee9e91,AdaptiveHybridPSODE,f0_only_biased,SBOX-COST,0.21762902269358,ok
e4b0aac0-dce5-4122-969c-1b2543dd1d3c,EnhancedDynamicSwarmOptimizer,both_biased,SBOX-COST,,partial
e4b853d4-0064-45bc-b334-b8ef80a30498,CollaborativeSwarmSearch,f0_only_biased,SBOX-COST,0.1899900535986029,ok
e4d0d2ec-2248-4028-8d70-42ce921e7be8,HPSO_ADE_Enhanced,both_biased,SBOX-COST,0.17017920077423643,ok
e4ded0b2-6d4b-417d-8f1a-d0e61770e790,RefinedDynamicSwarmDE,both_biased,SBOX-COST,0.06951964173592104,ok
e50f6689-ed45-4348-b2ca-b5eb6f090667,DynamicSwarmOptimizer,f0_only_biased,SBOX-COST,0.15999770249448655,ok
e5240468-ded8-44c0-9fa6-8fd54dea7067,HybridPSO_DE,f0_only_biased,SBOX-COST,0.12824722690904305,ok
e532e733-b140-4713-9184-b363321f03bf,AdaptiveSwarmHarmonyOptimization,f0_only_biased,SBOX-COST,0.12285650144236665,ok
e53f71fd-0d92-4fe5-a3a0-d708182cdf44,AdaptiveSwarmGradientDescent,f0_only_biased,SBOX-COST,0.15379760504848894,ok
e54fd89b-3e57-4d54-bcae-7144e64fba0b,ACPSO,f0_only_biased,SBOX-COST,0.06809194811256743,ok
e5528d25-9c16-4215-be38-7615b634a884,EnhancedDynamicSwarmDE,f0_only_biased,SBOX-COST,0.06615478203823805,ok
e55ce106-20db-42e8-b3ab-4df0e85b5195,CollaborativeSwarmSearch,f0_only_biased,SBOX-COST,0.17728079544302602,ok
e560caed-9a39-4a38-85e0-008a4bb10da7,DynamicPhaseTransitionSwarmOptimizer,both_biased,SBOX-COST,0.06223656738262537,ok
e561bcc8-bec8-4bb5-82c9-cca3cebe257d,EnhancedAdaptiveSwarmGradientDescent,f0_only_biased,SBOX-COST,0.1577039343285418,ok
e56a0725-10ba-443c-8a45-fbaedcfff87d,AdaptiveMultiPhaseSwarmOptimizer,both_biased,SBOX-COST,0.058796736593723704,ok
e5723cc1-999e-444a-97c0-e31c9236f59e,DynamicPhaseTransitionSwarmOptimizer,both_biased,SBOX-COST,0.05731885610418076,ok
e5801735-813d-4908-8304-f4cc291dd41d,AdaptiveSwarmGradientDescent,neither_biased,SBOX-COST,0.13527286336187594,ok
e5944ce4-1b8b-4995-8bab-d981a9acf18d,EnhancedAHSO,f0_only_biased,SBOX-COST,0.12929024941037906,ok
e5a26fde-83a4-4e61-8f6e-7f786363a28c,EnhancedNAPSO,f0_only_biased,SBOX-COST,0.19269807718624649,ok
e5b8851c-8e66-4f9f-bd02-382774d29b63,EnhancedAdaptiveSwarmGradientDescent,f0_only_biased,SBOX-COST,0.20980997008163285,ok
e5cec7e5-05b2-4c70-b6f3-321b009e79c3,AdaptiveSwarmGradientDescent,f0_only_biased,SBOX-COST,0.14757314524713652,ok
e5e40c01-70fd-44c2-9344-c3acc205c18f,AdaptiveSwarmHarmonySearch,f0_only_biased,SBOX-COST,0.13017455696061242,ok
e5f00906-d33b-414f-8836-17bc24ddd8db,HybridPSODE,f0_only_biased,SBOX-COST,0.11028677196131197,ok
e6004bf1-410d-45fc-a807-84a91ddc85cb,HybridPSOSA,both_biased,SBOX-COST,0.11708548277899812,ok
e6139d7c-00f7-4cab-b10f-386fb0d52311,Adaptive_Hybrid_PSO_DE,f0_only_biased,SBOX-COST,0.07514449677541077,ok
e648ef07-7e27-4cad-9e9a-e9b1183924e1,DynamicSwarmOptimizer,f0_only_biased,SBOX-COST,,error
e6500d98-687a-4a02-82fc-3d35cf78c4c8,EnhancedNAPSO,f0_only_biased,SBOX-COST,0.20417394353798352,ok
e65f3f83-4d3f-44ee-a06d-a0eb7ec3a2c1,HybridPSO_DE,f0_only_biased,SBOX-COST,0.20554050801140025,ok
e68d5431-95d3-4f12-9c31-1c7b36efaa4f,AdaptiveSwarmGradientDescent,f0_only_biased,SBOX-COST,0.18327478059183108,ok
e6962654-f35f-43c2-995b-bafc9b14ce15,EnhancedDAPSO,both_biased,SBOX-COST,0.13747696778373103,ok
e6a0f537-cd6d-43ad-96ac-f02e606496d2,DynamicSwarmOptimizer,f0_only_biased,SBOX-COST,,error
e6aabe22-7671-4886-b564-fa06d0190006,EnhancedDynamicSwarmDE,f0_only_biased,SBOX-COST,0.07385945689664034,ok
e6b1889e-2b64-436a-9a54-d615d2c53a9a,PSODEOptimizer,f0_only_biased,SBOX-COST,0.0692867020106048,ok
e6b27379-b230-4edd-a928-438dddf599ca,HybridPSODE,f0_only_biased,SBOX-COST,0.17416234283201842,ok
e6e08f6a-2c7d-43df-917b-cd5db597b892,EnhancedHybridPSODE,both_biased,SBOX-COST,0.16749539302445368,ok
e6ef7b74-c00e-4388-af06-2acd4e39e607,EnhancedAdaptiveSwarmGradientDescent,neither_biased,SBOX-COST,0.18246759451191347,ok
e6fe9914-8fac-40d7-bbe7-5e07ac295a9e,AdaptiveSwarmGradientDescent,f0_only_biased,SBOX-COST,0.12152394335762516,ok
e7031d1a-fb96-4a1f-9a9c-92fab57a310f,RefinedDynamicLearningPSODE,both_biased,SBOX-COST,0.14526092520741632,ok
e7053dfe-685c-4d3f-9be6-4ee29259cc7c,EnhancedHybridPSODE,f0_only_biased,SBOX-COST,0.20837901370742673,ok
e70b2480-26da-4803-b8fd-ddb170374fd9,CollaborativeSwarmSearch,f0_only_biased,SBOX-COST,0.1884270680575596,ok
e7483fb7-7db9-41b5-9c07-d6c128bf3d10,SwarmOptimizer,neither_biased,SBOX-COST,0.12815602041177204,ok
e74b48f7-36b3-4270-b601-afcbf8dbdde4,CollaborativeSwarmSearch,f0_only_biased,SBOX-COST,0.1536202754408585,ok
e7535d44-fb59-4c6a-a330-cf3487fcd57e,AdaptiveSwarmGradientDescent,f0_only_biased,SBOX-COST,0.18429586221031652,ok
e7934daa-32a7-4f1a-95eb-ad0738cedf86,RefinedDAPSO,both_biased,SBOX-COST,0.1381132126780305,ok
e7a9d827-b288-4b1a-ac90-4d4cb518160c,HybridPSOSA,both_biased,SBOX-COST,0.11798493134311225,ok
e7b29618-968d-44ef-9d1f-16176fcdb5df,SwarmOptimizer,f0_only_biased,SBOX-COST,0.1609951123672325,ok
e7c644c7-6e78-4d87-b2a5-d0afc1f95a85,EnhancedAdversarialSwarmDE,both_biased,SBOX-COST,0.0735829135776911,ok
e7dc5130-f52a-4468-92e1-a798e729a037,AdaptiveSwarmOptimizer,f0_only_biased,SBOX-COST,0.16401587431227227,ok
e7efcba5-d6f9-460b-82a4-69e9abc96e09,HPSO_ADE_Enhanced_V2,f0_only_biased,SBOX-COST,0.19701001988371133,ok
e7f8f4ca-f8fa-4e0c-9c2f-c678e721e6ee,EnhancedHybridPSO_DE_SA,both_biased,SBOX-COST,0.16393687829300652,ok
e81bf684-fa81-4124-8fe3-a01ffe5c1263,CollaborativeSwarmSearch,f0_only_biased,SBOX-COST,0.18354024697567572,ok
e849aa47-bb86-4c93-96d1-086dcad4c30a,AdaptiveSwarmOptimizer,f0_only_biased,SBOX-COST,0.17913840153432464,ok
e875b16b-0547-460f-8605-352d4081e02f,EnhancedHybridDEPSO,both_biased,SBOX-COST,0.1215746837688195,ok
e880d745-213d-4ee1-ae32-c1fa5e0c187f,HybridPSO_DE,f0_only_biased,SBOX-COST,0.14020412109356628,ok
e88f603b-3a5f-492d-8511-941a188cc02e,EnhancedAdaptiveSwarmGradientDescent,f0_only_biased,SBOX-COST,0.2022505737697675,ok
e8b5f3ba-8b89-452a-b5f4-da2fd9b4f3aa,AdaptiveSwarmGradientDescent,neither_biased,SBOX-COST,0.13771083078343693,ok
e8ef4264-4e5e-40a8-b06e-19d894c3fef6,HybridPSODE,f0_only_biased,SBOX-COST,0.19586141675285093,ok
e93e39f9-6e90-4b53-990f-aa3c155ddab8,AdaptiveSwarmGradientDescent,neither_biased,SBOX-COST,0.14974965560347953,ok
e94b5c8c-770e-4880-b0ff-078b6e001729,EnhancedImprovedHybridPSODE,f0_only_biased,SBOX-COST,0.107658660386032,ok
e95f227e-4100-402c-86bd-b186cf79e58e,AdaptiveDynamicSwarmOptimizer,f0_only_biased,SBOX-COST,0.1996301056309093,ok
e9660968-d960-482b-9cca-6d9399e1373b,AdaptiveSwarmGradientDescent,neither_biased,SBOX-COST,0.13156456133718747,ok
e977af72-43f5-4f1c-afef-16562aaf0bee,AdaptiveSwarmGradientDescent,f0_only_biased,SBOX-COST,0.17024077667226573,ok
e9d0535c-1c6c-436e-8d23-10acac1049be,AdaptiveSwarmHarmonySearch,neither_biased,SBOX-COST,0.1292542419339161,ok
e9f94225-743a-40d7-9d35-33b66453e528,PSODEOptimizer,f0_only_biased,SBOX-COST,0.07185069922933827,ok
e9fe00a8-e1da-445e-87e6-1c3308e45594,HybridPSO_DE,f0_only_biased,SBOX-COST,0.12758700904436376,ok
ea03b009-b807-4f98-90d3-04ef95649fdd,DynamicSwarmOptimizer,f0_only_biased,SBOX-COST,0.17643117781941106,ok
ea2ebe00-c20c-4932-a741-2101e7ca83dc,HybridPSODE,both_biased,SBOX-COST,0.21850228509398212,ok
ea502045-6e01-4a02-8631-6c2be68e77e7,EnhancedLevyChaosPSO,both_biased,SBOX-COST,0.08478605095651623,ok
ea82b84a-95ca-49ec-9327-4fcf7d8a25b2,QuantumInspiredAPSO,both_biased,SBOX-COST,0.07425596322025653,ok
eaa56f47-f040-4f57-89e4-6f43149bf564,DynamicSwarmOptimizer,f0_only_biased,SBOX-COST,,error
ead3032a-8f04-4294-9abe-f7fbd0b472ac,RefinedDynamicSwarmDE,both_biased,SBOX-COST,0.07287389690019155,ok
eadceb6d-aa91-46d7-8ad2-1b62564c32f2,HPSO_ADE,f0_only_biased,SBOX-COST,0.1494552827023688,ok
eae2a939-2aa9-4d7d-b9d2-9038d3becda4,PSODEOptimizer,f0_only_biased,SBOX-COST,0.06590347856658335,ok
eaf21e86-a586-403b-94ff-ec81bfcfa2b8,AdaptiveHybridPSO_GA,f0_only_biased,SBOX-COST,0.11482789855460321,ok
eaf53ff0-a620-427c-8736-4c363c17161c,EnhancedAdaptiveDynamicEvoPSO,f0_only_biased,SBOX-COST,0.13195065411195406,ok
eafdc66e-e9c6-4958-89d2-e63d2f850b68,EnhancedChaoticLevySwarmV2,both_biased,SBOX-COST,0.17358095943813542,ok
eb210d59-4968-4c9d-9b85-0afea09d762f,EnhancedHybridPSO_DE,both_biased,SBOX-COST,0.13805240063210697,ok
eb23ce09-264f-4089-af19-5aeab45f34a9,AdaptiveSwarmHarmonySearch,neither_biased,SBOX-COST,0.15006716941374443,ok
eb36ab71-b217-4d6b-8c6d-bb8fcf3826f0,RefinedDynamicSwarmDE,both_biased,SBOX-COST,0.06898209181213047,ok
eb37005c-b73d-47c8-b3c9-086610589c1e,HybridPSODE,f0_only_biased,SBOX-COST,0.2320417776644561,ok
eb676379-2dc7-4817-bd79-b6c804286d57,AdaptiveSwarmOptimizer,f0_only_biased,SBOX-COST,0.22130072639246529,ok
ebad4e3f-b4ef-4dba-9ea0-462067fb5a5f,HPSO_ADE_Enhanced,both_biased,SBOX-COST,0.16482835054960485,ok
ebc223ba-371f-41d0-b61c-8d85146534f5,HybridPSO_DE,f0_only_biased,SBOX-COST,0.17762847559496017,ok
ebc8a196-ba24-400c-9801-0836441a5f81,EnhancedAdaptiveSwarmGradientDescent,neither_biased,SBOX-COST,0.18182027537684145,ok
ec029aac-5fef-40f8-9739-de2de2061b22,EnhancedAdaptiveSwarmGradientDescent,neither_biased,SBOX-COST,0.13906595676955216,ok
ec096782-83f1-4ac9-b14e-3049900e3b67,EnhancedChaosAdaptiveSwarm,f0_only_biased,SBOX-COST,0.14101364097770017,ok
ec2d5864-0586-4c2f-a369-32fae8ab11a8,AdaptiveSwarmGradientDescent,neither_biased,SBOX-COST,0.1015632880202057,ok
ec342c20-7f1c-4c46-b4a7-608966d39b7e,EnhancedNAPSO,f0_only_biased,SBOX-COST,0.15578733573675407,ok
ec3aa765-3961-4738-bac8-eb8352279a07,ChaosEnhancedLevyHybridSwarm,f0_only_biased,SBOX-COST,0.12663157602933484,ok
ec4103a8-1ed9-4706-8134-86042a77f81a,EnhancedImprovedHybridPSODE,f0_only_biased,SBOX-COST,0.12039205606003317,ok
ec570545-6b37-4577-855b-4ecf99350a22,EnhancedDAPSO,both_biased,SBOX-COST,0.18592844961801364,ok
ec5ca183-5f2d-4d29-ad1c-e7dcdd17af10,HybridPSODE,f0_only_biased,SBOX-COST,0.1180727631208669,ok
ec640e8a-7c6c-4673-8cab-1ae77b287bd6,AdaptiveSwarmGradientDescent,neither_biased,SBOX-COST,0.13474708814967817,ok
ec87c00a-9817-4bf1-8354-480ad194962e,HybridAPSOLevy,both_biased,SBOX-COST,0.05877585401505087,ok
ec8c3171-d1e4-4dc2-9af1-294a2b8c93cf,HybridPSODE,f0_only_biased,SBOX-COST,0.20382043023093385,ok
ec92c92a-6653-4535-80a6-bc381d68899c,EnhancedAdaptiveSwarmGradientDescent,f0_only_biased,SBOX-COST,0.22364311733321304,ok
ecadb201-7fd7-4a4d-b3e4-bc416f761c1c,AdaptiveSwarmGradientDescent,f0_only_biased,SBOX-COST,0.14342755507373717,ok
ecd312d9-f5cd-4d68-a9c6-23fd07748301,EnhancedLevyChaosPSO,both_biased,SBOX-COST,0.08606194962294281,ok
ed20d4af-1e6d-428b-a43c-2ee54a60d195,EnhancedChaosAdaptiveSwarm,f0_only_biased,SBOX-COST,0.13645696655521394,ok
ed274c32-336b-4d6f-9aa0-97fe15c6aafe,HybridPSO_DE,f0_only_biased,SBOX-COST,0.10221885594219965,ok
ed416368-3d9e-4e3b-8b74-a016a6282974,AdvancedPSO_DE,f0_only_biased,SBOX-COST,0.11652739781248293,ok
ed539c65-8e7d-4160-ad6e-1745c5b9a110,SwarmOptimizer,neither_biased,SBOX-COST,0.08912385209521881,ok
ed8e4d2d-87f9-40d5-bbd6-7c018e4c3552,SwarmOptimizer,f0_only_biased,SBOX-COST,0.19245043296986453,ok
eda27496-a116-421a-b9a0-9ddc0d2baf20,AdaptiveSwarmHarmonyOptimization,f0_only_biased,SBOX-COST,0.190643507994766,ok
eda8252f-22db-48a0-bb27-d4409d0bf3e6,HybridPSO_DE,f0_only_biased,SBOX-COST,0.13530507896833083,ok
edc5e0dd-e388-414f-924d-fe15f37e9013,HybridPSODE,both_biased,SBOX-COST,0.16785236093889427,ok
edccbe9b-a12e-4529-861a-ed26f25737a0,HPSO_ADE_Enhanced,f0_only_biased,SBOX-COST,0.14274001472158518,ok
ee52d3ca-e21c-4a1e-9188-32ebfba8428e,RefinedAdaptiveHybridPSO_GA,f0_only_biased,SBOX-COST,0.12062350512507472,ok
ee67f95d-8a58-4c49-99d4-69f5dc0eb240,AdaptiveSwarmGradientDescent,neither_biased,SBOX-COST,0.12301144249290435,ok
ee7e247f-30b3-45c3-9507-b4b44d019451,AdaptiveSwarmHarmonySearch,f0_only_biased,SBOX-COST,,partial
ee8bc08c-a463-4650-b084-334411a3d4f4,AdaptiveMemorySwarm,both_biased,SBOX-COST,,error
eed16d43-0852-4998-bc45-80fdc7429107,AdaptiveSwarmGradientDescent,f0_only_biased,SBOX-COST,0.13280104467711185,ok
eeed778b-3b42-4ac7-ab19-71ae6ba0c62a,HybridPSOSA,both_biased,SBOX-COST,0.11897908864016532,ok
eeee1402-d765-472e-97e3-43a5906ab859,HybridPSO_DE,f0_only_biased,SBOX-COST,0.11936808629653153,ok
eefb7790-8969-4996-b880-5fc6756a531b,HybridPSODE,both_biased,SBOX-COST,0.21035570268748122,ok
ef1da836-5ee2-4304-bae8-781c35d228bd,EnhancedDynamicSwarmDE,both_biased,SBOX-COST,0.06081418772034306,ok
ef2c2a97-8482-4a40-94ca-348427b8fa3d,AdaptiveSwarmGradientDescent,f0_only_biased,SBOX-COST,0.1887879184953475,ok
ef4074ad-ca7d-4e5b-9209-2c6956cb4639,EnhancedDAPSO,both_biased,SBOX-COST,0.144686591369387,ok
ef427a85-771f-4b89-88e7-814165d65b00,EnhancedAdaptiveCooperativeSwarm,both_biased,SBOX-COST,,error
ef459fa7-7eac-44a9-8a99-aef696872ca2,EnhancedHybridDEPSO,both_biased,SBOX-COST,0.15286177913277976,ok
ef4a30c4-c466-49b0-9642-02045640e50e,PSO_DE_Hybrid,f0_only_biased,SBOX-COST,0.14502288370870003,ok
ef4dc621-c4c8-464d-8765-0865b812caa7,AdaptiveHybridPSO_GA,f0_only_biased,SBOX-COST,0.11415981377249346,ok
ef5d1247-7693-46ee-9270-2eee8f6646da,HybridPSO_DE,f0_only_biased,SBOX-COST,0.15027004381828535,ok
ef6a1d53-2ea0-4852-afc7-9e2536399683,EnhancedHybridPSO_DE,f0_only_biased,SBOX-COST,0.16358772698589688,ok
ef7be8e6-5fab-482f-8aa7-c16efe658186,AdaptiveHybridPSO_GA,f0_only_biased,SBOX-COST,0.11794125975492063,ok
ef879959-df5f-40a3-bff4-31f71305e101,AdaptiveSwarmHarmonySearch,f0_only_biased,SBOX-COST,0.11695301489477347,ok
efaa1e21-413f-445e-b287-1b87c8f065c0,EnhancedChaoticSwarmOptimizer,f0_only_biased,SBOX-COST,0.17296061489353387,ok
efaf338d-f573-41f8-9182-1747f9876ef0,EnhancedHybridSwarmPSO,both_biased,SBOX-COST,0.08698727615156929,ok
efcc3fe1-0a68-4d0e-bc94-d2448a32ddc7,EnhancedAdaptiveSwarmGradientDescent,f0_only_biased,SBOX-COST,0.14269196604983786,ok
eff70187-1bf2-4cdf-9511-27738788a383,HybridPSODE,both_biased,SBOX-COST,0.18830993172287763,ok
f004f83c-b5c5-4370-9a70-95c0b6858609,EnhancedAdaptiveQuantumHybridPSO_DE,f0_only_biased,SBOX-COST,0.15331608406245995,ok
f00939fc-52cf-41ad-8bca-e88b6959e2b8,AdaptiveSwarmGradientDescent,f0_only_biased,SBOX-COST,0.17666266216426246,ok
f00a5389-89ec-4862-a42c-8e79433cdb3e,EnhancedAdaptiveSwarmGradientDescent,f0_only_biased,SBOX-COST,0.18078182913976026,ok
f0233196-c919-4460-9021-8c168e342c4b,AdvancedMultiStrategyOptimizer,both_biased,SBOX-COST,0.1469099010332527,ok
f0344abe-64a1-4159-a9d9-76c2954f28a0,AdaptiveSwarmGradientDescent,f0_only_biased,SBOX-COST,0.20635198193132437,ok
f03b9eba-1c27-48cc-bcdd-f74f80e47fc1,EnhancedAdaptiveSwarmGradientDescent,f0_only_biased,SBOX-COST,0.2078532937865844,ok
f04d211f-37aa-4a39-a5f9-20053969f0d5,EnhancedAdaptiveSwarmGradientDescent,f0_only_biased,SBOX-COST,0.2109539744456344,ok
f07df4f3-48e2-4de0-9e57-41ff10336f6f,AdaptiveLevyPSO_DE,f0_only_biased,SBOX-COST,0.19681636720213555,ok
f0ba28d7-2d8a-4b8b-b639-0c88f86b77a4,EnhancedHybridPSODE,f0_only_biased,SBOX-COST,0.18223476935111826,ok
f0babb0f-9249-4ae0-9e15-cbbcdf81d58f,EnhancedHybridPSO,f0_only_biased,SBOX-COST,0.21759001776171888,ok
f0c09d51-c844-4a4e-8c8c-b74823f19615,AdaptiveSwarmGradientDescent,f0_only_biased,SBOX-COST,0.22379348199670274,ok
f0d1d6d0-cb18-4fb9-a61e-925078508ca6,AdaptiveSwarmGradientDescent,f0_only_biased,SBOX-COST,0.17297483460722857,ok
f0e97db0-de36-48f7-b4cd-fde62f463fbf,PSO_DE_Hybrid_Improved,f0_only_biased,SBOX-COST,0.20243644529097382,ok
f103f161-2e87-4f78-960f-323e67f3a821,HybridPSODE,f0_only_biased,SBOX-COST,0.11236246672911716,ok
f130681f-1a82-454e-b8b9-75c3c83e5a65,EnhancedAdaptiveSwarmGradientDescent,f0_only_biased,SBOX-COST,0.19733521707215892,ok
f13dffe3-396f-4db5-9824-b76e7efdf58d,CollaborativeSwarmSearch,f0_only_biased,SBOX-COST,0.172494399591292,ok
f162bb31-e644-47b6-84a0-437f05874d4c,HybridPSODE,f0_only_biased,SBOX-COST,0.21365398588222495,ok
f167dfac-f9cc-474b-8cdc-4946a1952ab1,SwarmOptimizer,f0_only_biased,SBOX-COST,0.1728515932542431,ok
f185d3f3-bfd7-4d69-8f4a-5435a5e3251c,EnhancedImprovedHybridPSODEv2,f0_only_biased,SBOX-COST,0.11978401147927892,ok
f1a7c37f-19e7-4f0c-bf61-4f2e82724dff,PSO_DE_Hybrid,f0_only_biased,SBOX-COST,0.1896002913023842,ok
f1b18502-2c67-4dd4-81d9-4e01a6e0ff23,EnhancedAdaptiveSwarmGradientDescent,f0_only_biased,SBOX-COST,0.2170582053181077,ok
f1c04b05-2721-4143-aa79-4e3c91c55767,AdaptiveSwarmHarmonySearch,f0_only_biased,SBOX-COST,0.11896000245563668,ok
f1c15632-6116-4c92-9a6d-7764e11fdd91,SwarmOptimizer,f0_only_biased,SBOX-COST,0.21084314499861467,ok
f1c86716-d4a5-4cac-befc-66eaa905fde9,EnhancedAdaptiveSwarmGradientDescent,f0_only_biased,SBOX-COST,0.20765788134997692,ok
f1e4415f-315d-4c80-84ec-1177bceda58a,EnhancedAdaptativeQuantumPSO_DE,f0_only_biased,SBOX-COST,0.18479054240142395,ok
f1ee3274-23fa-4fe9-8dad-706a46202a80,AdaptiveSwarmOptimizer,f0_only_biased,SBOX-COST,0.11807318802671445,ok
f1ef3df9-ee48-4206-a011-29266a0c96fa,EnhancedHybridPSO_DE,f0_only_biased,SBOX-COST,0.12023299311353416,ok
f1fecc8d-d0b4-4af1-82a6-90f8cde4a74e,HybridPSODE,f0_only_biased,SBOX-COST,0.11878577939561219,ok
f275becb-d319-4efb-af03-af5c57793fc0,HPSO_ADE,f0_only_biased,SBOX-COST,0.1706403589245076,ok
f277fa78-d824-49ef-95f7-5e2bc7a52b1e,PSODEOptimizer,f0_only_biased,SBOX-COST,0.06444960457012795,ok
f279eb78-c1e2-4fb8-8448-87ab66ed8e03,AdaptiveSwarmOptimizer,f0_only_biased,SBOX-COST,0.17968507067316508,ok
f28ea8d5-15fb-4fc7-9e74-f1c0b35df283,AdaptiveSwarmOptimizer,f0_only_biased,SBOX-COST,0.1707859357179344,ok
f293cc26-09c7-44f9-8d4c-1f4f05446d05,HybridPSOSA,both_biased,SBOX-COST,0.10709960430005747,ok
f29d637f-176b-48c8-8ea0-c4aa4d2dd526,QuantumInspiredPSO,f0_only_biased,SBOX-COST,0.21904592665830633,ok
f2a81a24-092b-4d60-b6f6-7f24b9192f93,EnhancedAdaptiveSwarmGradientDescent,f0_only_biased,SBOX-COST,0.17836687968203813,ok
f2a94102-187c-4363-a90b-ed805da8787f,EnhancedHybridDEPSO,f0_only_biased,SBOX-COST,0.150490113307138,ok
f2ba7752-7fd2-4f04-a7b1-9e0839f3c115,AdaptiveSwarmOptimizer,f0_only_biased,SBOX-COST,0.1074440029927509,ok
f2bbf5eb-bbf3-4db6-958e-992cd3cf98cd,AdvancedChaosAdaptiveSwarm,f0_only_biased,SBOX-COST,0.1436938458025085,ok
f2caf2f5-99f1-41ca-a3e5-ad9545377bc6,AdaptiveSwarmGradientDescent,f0_only_biased,SBOX-COST,0.1659473989910088,ok
f2fdf326-33bc-40d4-995e-fa74afc4e1d5,EnhancedHybridDEPSO,f0_only_biased,SBOX-COST,,partial
f3056d22-2a9c-4238-b128-e431751c5efd,HybridPSODE,f0_only_biased,SBOX-COST,0.10931779524785308,ok
f32631c7-bd7f-4916-b11a-e077bdfa387c,EnhancedMemoryAdaptiveDEPSO,f0_only_biased,SBOX-COST,,partial
f3375641-8404-485d-9e3d-2065d456cb8a,AdaptiveSwarmGradientDescent,neither_biased,SBOX-COST,0.11817759494333507,ok
f3432983-b3ac-4e48-95ee-d530eb4d1b2f,EnhancedAdaptiveSwarmGradientDescent,f0_only_biased,SBOX-COST,0.17781945841418922,ok
f3570ac3-02fe-4e8f-ac3b-8e3abc89cb93,AdaptiveSwarmGradientDescent,neither_biased,SBOX-COST,0.08147620350202464,ok
f3740c86-546f-414c-8eb7-8bd84c95f519,AdaptiveSwarmGradientDescent,f0_only_biased,SBOX-COST,0.2137042215123185,ok
f37eba58-f846-4c74-b506-0f30152e420c,EnhancedNAPSO,both_biased,SBOX-COST,0.16014000758883778,ok
f38093c7-9080-4d28-8f47-06d79b1b3448,PSODEOptimizer,both_biased,SBOX-COST,0.06308628111075532,ok
f3b0e2e0-dfd0-48c8-90d1-1a2bb48d47c1,HybridPSOSA,f0_only_biased,SBOX-COST,0.16409307209999777,ok
f3c1d293-d770-43c9-b2f5-2980582f3451,EnhancedHybridPSODE,f0_only_biased,SBOX-COST,0.16806965655149023,ok
f3e6b9a0-a4ca-41fe-a08a-c7ba70e679a0,ChaosEnhancedAdaptiveHybridSwarm,f0_only_biased,SBOX-COST,0.12782952556519683,ok
f3f0c7c0-e9bb-44f6-8fa4-c25211bc06bd,EnhancedAdaptiveSwarmGradientDescent,f0_only_biased,SBOX-COST,0.23439266829450284,ok
f3fec1f1-b6c4-45fd-9f68-6627b3bbc09d,HybridPSODE,f0_only_biased,SBOX-COST,0.1178040507463209,ok
f404c512-8fca-47ce-9a57-abb9068dd61e,PSO_DE_Hybrid_Improved,f0_only_biased,SBOX-COST,0.1849265909320425,ok
f406704c-bfd1-4045-9874-c4a3e3431c69,DynamicPhaseTransitionSwarmOptimizer,both_biased,SBOX-COST,0.061766889147034015,ok
f4259380-d8d7-41fd-baf5-a038b201c097,RefinedHybridPSODE,both_biased,SBOX-COST,0.18576413777419332,ok
f43453c7-a185-4381-a5b4-37ce5ac0ede6,PSO_DE_Hybrid,f0_only_biased,SBOX-COST,0.1554382957184619,ok
f4480b94-3f79-4d01-a221-c14f61b67cc7,AdaptiveHybridPSODE,f0_only_biased,SBOX-COST,0.21748136570430737,ok
f45241c6-244e-4ec7-a74e-4242784d14ee,DynamicPhaseTransitionSwarmOptimizer,both_biased,SBOX-COST,0.06089128106631819,ok
f45cb9a6-ef4e-4e92-8d99-4f0742e5f1bc,ImprovedAdaptiveHybridPSO_GA,f0_only_biased,SBOX-COST,0.10761704346137632,ok
f47334bd-ddf6-4ffa-8a8d-23404c6f4446,PSODEOptimizer,both_biased,SBOX-COST,0.06933096839645125,ok
f4748168-f4c5-4c2b-864d-18cb18e5144a,AdaptiveSwarmOptimizer,both_biased,SBOX-COST,0.16405946631136814,ok
f4945dee-e87a-400c-9f7e-58242b302a46,HybridPSODE,f0_only_biased,SBOX-COST,0.21526455827135335,ok
f4b77277-0df9-4bd1-afdf-8265d537f55e,ChaosEnhancedAdaptiveHybridSwarm,f0_only_biased,SBOX-COST,0.11364099051229912,ok
f4caa3d8-0518-426e-83d0-9c0d56cd7e45,EnhancedDynamicSwarmDE,f0_only_biased,SBOX-COST,0.07582877697912876,ok
f4d46525-e48e-41ae-8357-b299f0dc4358,AdaptiveSwarmGradientDescent,f0_only_biased,SBOX-COST,0.21774988211997792,ok
f4efc9a3-204d-4671-a8d6-ca25140fa7f3,AHSO,f0_only_biased,SBOX-COST,,partial
f5050f7f-8631-4d4d-a155-6281e0da03ad,MultiChaosHybridSwarm,f0_only_biased,SBOX-COST,0.1301334448677803,ok
f5576381-3d4a-41fb-8f1a-26183e675d9a,HybridPSODE,both_biased,SBOX-COST,0.19976389695987473,ok
f55865c2-c590-40d8-ab42-c309f05062a2,DynamicSwarmOptimizer,f0_only_biased,SBOX-COST,,error
f55ff026-de4d-4106-a174-b054328ed1dc,AdaptiveHybridPSODE,f0_only_biased,SBOX-COST,0.17870763849529653,ok
f5698e46-afc9-48a0-868d-720a25779eef,AdaptiveSwarmHarmonyOptimization,f0_only_biased,SBOX-COST,0.1785021771984429,ok
f56b249b-13ba-4bba-9855-93a293d3d293,AdaptiveNeighborhoodSwarmOptimizer,both_biased,SBOX-COST,0.05935948893932276,ok
f5747496-68a2-42ee-b05d-97f2b474c7d6,AdaptiveSwarmGradientDescent,neither_biased,SBOX-COST,0.13794366746004272,ok
f582fdfb-c5cc-40d7-8a6d-088e9cf20367,EnhancedAdaptiveSwarmGradientDescent,f0_only_biased,SBOX-COST,0.22691439464390453,ok
f597d95a-f827-4c5a-b79e-c6d8e7e7f20e,AdaptiveSwarmGradientDescent,f0_only_biased,SBOX-COST,0.1573635407634984,ok
f5b2c966-804a-4a3f-bbf6-6916b90fc24f,AdaptiveNeighborhoodExplorer,f0_only_biased,SBOX-COST,0.1971529589798017,ok
f5bf1b8f-09b5-4304-b2da-f7585595a560,HybridPSOSA,both_biased,SBOX-COST,0.11066940573344969,ok
f5c2fd66-8947-46c9-8702-a1dc81dd09be,AdaptiveSwarmHarmonySearch,f0_only_biased,SBOX-COST,0.1408417088106496,ok
f5cd939f-8bad-46de-b4f0-a70bcf673780,HybridPSODE,f0_only_biased,SBOX-COST,0.16165914030169093,ok
f5d4b248-a4ac-40c6-8676-ab345815a31b,EnhancedDAPSO,both_biased,SBOX-COST,0.13905915042284583,ok
f5e6b071-43ef-4b5f-8e23-25f6b1ecd081,CollaborativeSwarmSearch,f0_only_biased,SBOX-COST,0.18398573328418744,ok
f5f42bcc-c81a-4b56-b370-5a41c29fdd80,EnhancedMemorySwarm,both_biased,SBOX-COST,,error
f5f61a5b-50c9-4010-a147-b12b8893f0b5,EnhancedAdaptiveSwarmGradientDescent,f0_only_biased,SBOX-COST,0.1901461605004348,ok
f604fe52-ba1a-47e4-b28d-8ddd4b7a0f9c,EnhancedAdaptiveSwarmGradientDescent,f0_only_biased,SBOX-COST,0.2116411969774129,ok
f60aabc5-318a-4bd1-a161-fb24dde5bbd1,HybridPSODE,f0_only_biased,SBOX-COST,0.21838759509342667,ok
f61eb4f3-a9d6-4992-9a33-cc9e4036d150,AdaptiveSwarmHarmonyOptimization,f0_only_biased,SBOX-COST,0.12207663322872025,ok
f66536b9-20b7-4ba6-a8c2-16f0e2954e70,EnhancedAdaptiveHybridPSO_GA,f0_only_biased,SBOX-COST,0.10834076402967954,ok
f666942d-cbbc-40d2-989c-b3e3d50a6732,AdaptiveSwarmGradientDescent,f0_only_biased,SBOX-COST,0.22755497073057934,ok
f68554db-c2ee-4029-b8b2-389ffedcb872,AdaptiveSwarmOptimizer,neither_biased,SBOX-COST,0.11294368270473465,ok
f6b3c76e-62cd-4959-b728-d581ebb09ba6,AdaptiveSwarmOptimizer,f0_only_biased,SBOX-COST,0.17117405121952978,ok
f6bdf902-cd2c-4769-aa27-e05c316e32e2,SwarmOptimizer,f0_only_biased,SBOX-COST,0.1783048620229758,ok
f6e61d80-095b-424d-a698-6fd222691d88,AdaptiveSwarmGradientDescent,f0_only_biased,SBOX-COST,0.2223733184773278,ok
f6f5e533-8f46-41a5-8d96-945160ee0865,NAPSO,f0_only_biased,SBOX-COST,0.198703251017094,ok
f6f8872e-672b-45e3-9d3a-2593457b72c5,AdaptiveSwarmOptimizer,f0_only_biased,SBOX-COST,0.16574086824772427,ok
f725720a-222c-4dd7-9bf1-821870a33de8,ChaosEnhancedAdaptiveHybridSwarm,f0_only_biased,SBOX-COST,0.11425176523524122,ok
f7432928-8b46-44d4-892c-270845f574f7,AdaptiveSwarmOptimizer,f0_only_biased,SBOX-COST,0.13197631773560603,ok
f7578118-b257-4fa5-a002-6aa7cf0bfe4e,EnhancedAdaptiveQuantumHybridPSO_DE,f0_only_biased,SBOX-COST,0.15638333057205026,ok
f75ac4c4-822e-48a1-a4a7-8769791b0602,DynamicVelocitySwarmMutation,f0_only_biased,SBOX-COST,0.15182576091372674,ok
f76a8151-2527-4c08-bbf7-638bb3437031,HybridPSODE,f0_only_biased,SBOX-COST,0.16701833579553116,ok
f76e5f01-42b5-4f89-b5fd-dc216abf74bc,EnhancedSwarmInspiredDifferentialEvolution,f0_only_biased,SBOX-COST,0.12472905607815549,ok
f774e404-16c3-4c38-9478-40a63bdba790,SwarmOptimizer,f0_only_biased,SBOX-COST,0.15700715684648603,ok
f77c5e98-6b7c-4490-9ef5-7acf21e44eb0,EnhancedDAPSO,both_biased,SBOX-COST,0.13339697758629346,ok
f7aab1af-fafb-4a83-8e6e-a1235e593044,AdaptiveTurbulenceSwarmDE,both_biased,SBOX-COST,0.0747640105713171,ok
f7ac590f-05e7-4d26-a392-649781b2c2ec,EnhancedAdaptiveHybridPSO_GA,f0_only_biased,SBOX-COST,0.10887069035613252,ok
f8168feb-2e1f-47a1-9007-92294e3bcc0b,HybridPSODE,f0_only_biased,SBOX-COST,0.15193885645271904,ok
f816ed24-6a3a-49fb-9f4f-52e9f0967f09,AdaptiveSwarmOptimizer,f0_only_biased,SBOX-COST,0.16497448131859388,ok
f81d0719-5cf3-4b69-8fb7-0af83c24e6cd,SwarmOptimizer,f0_only_biased,SBOX-COST,0.13199348777170167,ok
f8240b00-83a5-4d8c-84c0-7a8fc452679e,EnhancedAdaptiveSwarmGradientDescent,neither_biased,SBOX-COST,0.1929484436786446,ok
f8266d15-c025-4c1f-9e50-7547c322c6f2,AdaptiveHybridPSODE,f0_only_biased,SBOX-COST,0.2246585222734785,ok
f82b575c-2981-4294-8927-3dae0bec88bb,AdaptiveSwarmGradientDescent,f0_only_biased,SBOX-COST,0.13304543025936807,ok
f83b596e-559a-4503-878d-73e093775afc,HybridPSODE,both_biased,SBOX-COST,0.16771071063088372,ok
f83fe2ad-bd6f-4135-a686-4ed82a9c5edd,EnhancedNAPSO,f0_only_biased,SBOX-COST,0.16979360076121747,ok
f84db021-d39a-4776-871c-e477ded1eaf6,AdaptiveSwarmGradientDescent,f0_only_biased,SBOX-COST,0.22472943234785434,ok
f87b09dd-08ba-4011-8bb7-9677e67fc679,AdaptiveSwarmHarmonySearch,f0_only_biased,SBOX-COST,0.12511259662020519,ok
f8a33cb0-2f49-4230-8ea6-b8b13fcaf6ad,HybridPSODE,f0_only_biased,SBOX-COST,0.16968475581200546,ok
f8c16afd-7d11-4e22-9de9-340929e89792,HybridPSODE,neither_biased,SBOX-COST,0.10932388818250371,ok
f8c99f97-f18f-4378-bbf6-0901cb7baf2a,EnhancedHybridDEPSO,f0_only_biased,SBOX-COST,,partial
f8cac418-f780-4184-9918-2bd4e5c1fe51,HybridPSODE,f0_only_biased,SBOX-COST,0.11836545608226867,ok
f8dfcfa9-bb05-476b-9386-78763c28e8bc,QuantumInspiredAdaptiveMomentumPSO_DE,f0_only_biased,SBOX-COST,0.17368601215061852,ok
f906e67e-0785-4ce4-b4ba-57310fe53065,ImprovedHybridPSO_GA,f0_only_biased,SBOX-COST,0.10844107599124514,ok
f916bb24-0b8b-4c8c-abcd-8dd58367f7fa,HybridPSODE,f0_only_biased,SBOX-COST,0.17952846732273442,ok
f95017da-b6b8-4180-b0a0-5ee868f458b7,HybridPSODE,f0_only_biased,SBOX-COST,0.1599300098607181,ok
f96b22ac-ecc2-4f59-b51c-73517b46d2f0,EnhancedAdaptiveSwarmGradientDescent,f0_only_biased,SBOX-COST,0.1406956344289686,ok
f96f2d03-0aca-460c-a822-29de546e1a64,EnhancedAPSO,both_biased,SBOX-COST,0.05782117977012751,ok
f96f2d5b-9abf-4fcb-b8d4-ab605b133d7e,AdaptiveSwarmHarmonyOptimization,f0_only_biased,SBOX-COST,0.18348942350354797,ok
f97b375a-0bb9-4440-bbb7-fddef7fb193d,EnhancedMemorySwarm,both_biased,SBOX-COST,,error
f98b6fd4-2bc4-4d2a-beb2-0be2e5607064,EnhancedParticleSwarmDCM,f0_only_biased,SBOX-COST,0.15258532880989187,ok
f99a5dec-a622-49bd-ab8a-30043d0466aa,CollaborativeSwarmSearch,f0_only_biased,SBOX-COST,0.22254812915017252,ok
f99fb4ac-9d41-4062-b029-85c126a01a3c,HPSO_ADE_Enhanced,f0_only_biased,SBOX-COST,0.1668314852706207,ok
f9ace63f-fa88-4309-870c-f7bf11123ba4,EnhancedAdaptiveSwarmGradientDescent,neither_biased,SBOX-COST,0.126372142626759,ok
f9b5975c-0a66-43d3-a820-debc74ece927,AdaptiveSwarmOptimizer,f0_only_biased,SBOX-COST,0.15632269488715808,ok
f9bf5bfb-1281-4604-a153-9e0fcdbdf167,AdaptiveSwarmGradientDescent,f0_only_biased,SBOX-COST,0.1847368119778276,ok
f9ee3a19-e35d-4396-b160-15f9437a24e8,AdaptiveSwarmGradientDescent,f0_only_biased,SBOX-COST,0.1590740072746612,ok
fa1294ac-9055-40f6-9672-72e26ef0f8f8,HybridPSOSA,both_biased,SBOX-COST,0.12061689870492025,ok
fa2b7bbe-21d9-4042-98c2-f4120bb3c0be,HPSO_ADE_EliteBoost,f0_only_biased,SBOX-COST,0.13992325882622103,ok
fa57380d-c326-4b8a-a867-9d92990cad2c,EnhancedDynamicSwarmDE,f0_only_biased,SBOX-COST,0.07634537148758083,ok
fa9dae2e-eab1-420e-9b5e-00141e804a74,PSO_DE_Hybrid,f0_only_biased,SBOX-COST,0.15872209245667146,ok
faa07338-fbfd-41ef-82c5-bb99d08bf8a5,EnhancedDAPSO,both_biased,SBOX-COST,0.13743711391716856,ok
faa1bf41-240a-4aa1-b6ca-a8a01f62f478,HybridPSO_DE,f0_only_biased,SBOX-COST,0.1183351942829386,ok
fab59b67-b42f-4b80-b928-3bafb509500e,HybridPSODE,f0_only_biased,SBOX-COST,0.11421367625649519,ok
faf4e791-fd61-4114-a8d5-202586ff9a2d,AdaptiveSwarmGradientDescent,f0_only_biased,SBOX-COST,0.1337543753255043,ok
faf6099a-9b51-4788-939f-d9a9bf93f9c0,AdaptiveSwarmGradientDescent,f0_only_biased,SBOX-COST,0.2200190469834563,ok
fb1d2f13-084d-4440-989d-ad8934c05ae7,DynamicSwarmOptimizer,both_biased,SBOX-COST,0.06037610893834558,ok
fb2f355c-5f26-4944-90fe-d8d9c2dc25bc,EnhancedChaosAdaptiveSwarm,f0_only_biased,SBOX-COST,0.15710219407337303,ok
fb57dbc1-36b4-4a36-97da-4e560fd822ef,CollaborativeSwarmSearch,f0_only_biased,SBOX-COST,0.19535181491499984,ok
fb612407-4848-416a-b798-43a873c28ee4,AdaptiveSwarmHarmonyOptimization,f0_only_biased,SBOX-COST,0.14610783155466095,ok
fb8ac594-7a9c-4f64-a84a-8349fabb6cec,AdaptiveSwarmGradientDescent,f0_only_biased,SBOX-COST,0.15143286034039127,ok
fbd5b66c-aaf6-493e-a4c5-e337e2dfc627,EnhancedAdaptiveSwarmGradientDescent,neither_biased,SBOX-COST,0.14477607234419143,ok
fbe75567-ef34-49a8-bedd-78aa4b154962,EnhancedAdaptiveQuantumHybridPSO_DE,f0_only_biased,SBOX-COST,0.13759673828676633,ok
fbe80ae7-6571-4f3c-85ea-03ec66f9ed24,AdaptiveSwarmWithDiversity,both_biased,SBOX-COST,,error
fc08803c-f253-4425-bfb6-b8050dd60b59,HybridPSODE,f0_only_biased,SBOX-COST,0.14043897798081695,ok
fc57e886-75e7-4989-8ae7-3467d4207bb8,AdaptiveHybridPSODE,f0_only_biased,SBOX-COST,0.1776520142596939,ok
fc5cb7a0-603d-4ad6-a593-a688f8c48ea6,EnhancedDynamicSwarmDE,f0_only_biased,SBOX-COST,0.07856949844916633,ok
fc67d9e1-702d-4beb-80b1-fd327064de75,EnhancedHybridPSODE,f0_only_biased,SBOX-COST,0.2036789147689103,ok
fc7b2d55-3492-481a-ab8f-9659e6c7be99,EnhancedAdaptiveSwarmGradientDescent,f0_only_biased,SBOX-COST,0.209712984361767,ok
fcaa62a6-b79b-4fac-a1d6-3d69349d8e53,AdaptiveSwarmMutation,f0_only_biased,SBOX-COST,0.18631864529559705,ok
fcb6c00c-2d15-4f52-b2e1-3e7876ac44a1,SelfAdaptivePSO,f0_only_biased,SBOX-COST,0.17078378407441824,ok
fcdc43ea-a111-4aed-98a7-2bf277674b3d,PSODEOptimizer,both_biased,SBOX-COST,0.06667444524058282,ok
fce3b875-8adb-49fa-b2c5-d89c9cee3b91,HybridPSODE,f0_only_biased,SBOX-COST,0.17884162578368268,ok
fce7d9f1-4dc6-4f67-921a-eb40d523d67e,EnhancedNAPSO,f0_only_biased,SBOX-COST,0.19409516184441433,ok
fd16fb11-e088-4569-95e7-32251398abcf,CollaborativeSwarmSearch,f0_only_biased,SBOX-COST,0.19707572427263476,ok
fd1ad81b-cb63-41e9-979e-e13857166d5a,AdaptiveSwarmGradientDescent,f0_only_biased,SBOX-COST,0.20680215748057973,ok
fd37cb97-c934-4abf-bf32-29b2528e5ebf,AdaptiveSwarmGradientDescent,f0_only_biased,SBOX-COST,0.22466161252016875,ok
fd4b192d-05dd-474d-ab33-488006cce3b6,PSO_DE_Hybrid,f0_only_biased,SBOX-COST,0.20474470080717963,ok
fd74cb39-cee2-4700-ba94-f14c1fef1a93,QuantumInspiredSwarmOptimization,f0_only_biased,SBOX-COST,0.11615131639394319,ok
fd9932cd-7348-43b5-8c0e-62f64603996a,PSODEOptimizer,f0_only_biased,SBOX-COST,0.07112427186810877,ok
fd9ea191-6832-4b1f-9972-6d2b1c883c12,HybridPSODE,f0_only_biased,SBOX-COST,0.16710601464845415,ok
fdbb4390-1d44-439c-8d1f-a19ca11e6538,EnhancedHybridPSO_DE,f0_only_biased,SBOX-COST,0.14121159161748753,ok
fe30a76b-a2cc-47b4-bfa1-99c911995f53,AdaptiveSwarmGradientDescent,f0_only_biased,SBOX-COST,0.21023668039784332,ok
fe41e453-48c7-416c-a230-22f89fae4d90,AHSO_Adaptive_MultiSwarm,f0_only_biased,SBOX-COST,0.11246905421081602,ok
fe6f2cce-1085-493d-9bf4-71756ea1a29e,HybridPSODE,both_biased,SBOX-COST,0.2183915904632338,ok
fe7f22b7-fc78-4736-aa50-c64c3d5c4b50,RefinedHybridPSODE,both_biased,SBOX-COST,0.13414378440432959,ok
fe991e92-d35c-4dbd-9dd2-5bb2f250a3b1,AdaptiveSwarmGradientDescent,neither_biased,SBOX-COST,0.13515601410197237,ok
fea00127-b2be-482d-8239-4ea7685af952,PSO_DE_Hybrid,f0_only_biased,SBOX-COST,0.1395923423905136,ok
feadc10a-c86b-49eb-bbc0-ee4e0b48dcb4,EnhancedAdaptiveSwarmGradientDescent,f0_only_biased,SBOX-COST,0.2145714512360941,ok
feae3e97-dcdd-4bd4-8dba-822fcf54246e,DynamicAdaptiveSwarmDE,f0_only_biased,SBOX-COST,0.07772918559761413,ok
febbdf85-239d-494f-b69e-800e283d6aff,EnhancedMemorySwarm,both_biased,SBOX-COST,,error
fec8f500-2d2b-427e-9187-c84b49a5fb02,Improved_HPSO_ADE_AdaptiveNeighborhood,both_biased,SBOX-COST,0.15947234343206582,ok
fed787a1-d272-4593-a39b-2308fbb9ae8f,AdaptiveSwarmGradientDescent,f0_only_biased,SBOX-COST,0.1926896166757585,ok
fefd9b4a-592f-406b-baf9-d5df1a8e5e89,EnhancedNAPSO,f0_only_biased,SBOX-COST,0.16351850939944151,ok
ff106d2d-59d9-414b-b39e-53b12cbd7a14,AdaptiveSwarmCulturalDifferentialOptimizer,f0_only_biased,SBOX-COST,0.12905910187272185,ok
ff324817-cd3f-49a7-8b21-a57eb796f970,AdaptiveSwarmGradientDescent,f0_only_biased,SBOX-COST,0.21041330286064988,ok
ff6d4418-0192-4b41-a7e1-dd32541c93d6,HybridPSODE,f0_only_biased,SBOX-COST,0.17162200394087296,ok
ff7437a4-c4e4-47ca-8e2e-aa67ea9607c4,AdaptiveSwarmGradientDescent,neither_biased,SBOX-COST,0.13581089563562623,ok
ff752a47-1957-4da4-b7ca-32f27667c349,AdaptiveDynamicEvoPSO,f0_only_biased,SBOX-COST,0.12173177132154331,ok
ff8be127-a348-4022-affb-a7e09da366c4,AdaptiveSwarmGradientDescent,f0_only_biased,SBOX-COST,0.11809267171038511,ok
ff96fd76-8a84-4b5f-8a40-b4e665a34d22,AdaptiveHybridPSO_GA,f0_only_biased,SBOX-COST,0.12218610713008822,ok
ffa5a2a4-12be-4eee-b642-ada7d043b4eb,AdaptiveSwarmGradientDescent,neither_biased,SBOX-COST,0.1290037666369554,ok
ffdee526-c185-4e97-a7c0-c6e8381f32d7,EnhancedHybridPSODE,f0_only_biased,SBOX-COST,0.15987715979477063,ok
ffef51cf-3ad1-4a19-b558-5d7b3d7b5555,AdaptiveSwarmChaosMemory,f0_only_biased,SBOX-COST,0.1573518954632877,ok
