id,name,deepbias_detected,deep_label,prob_unif,prob_centre,prob_disc,prob_bounds,prob_gaps_clusters,status
101216af-8d1f-4c8a-a8f3-cbb9be5e398f,HybridPSODE,True,bounds,0.12935102,0.00012135112,0.112742685,0.7399083,0.017876698,ok
7de6ea21-cd5a-4750-8862-23b674696af7,HybridPSODE,True,bounds,0.041582774,5.2640817e-06,0.027454102,0.91691905,0.014038838,ok
59800581-71c3-4e6e-b9af-92888d31d7c0,HybridPSODE,True,bounds,0.041582774,5.2640817e-06,0.027454102,0.91691905,0.014038838,ok
41a5d52e-102a-4f4e-8471-f4f64e15960f,HybridPSODE,True,bounds,0.041582774,5.2640817e-06,0.027454102,0.91691905,0.014038838,ok
453ba690-ade1-4063-a7f7-d9e2d5a35523,HybridPSODE,True,bounds,0.020350356,9.867846e-07,0.01962516,0.95072854,0.009294897,ok
3486f45c-f425-4b7e-86d4-d8f7f109aaa2,AQPSO,False,unif,0.7627532,0.008763063,0.1522816,0.013333475,0.06286877,ok
b608a7e4-4e7c-4eaf-bf26-e627e3052a00,AQPSO,False,unif,0.7627532,0.008763063,0.1522816,0.013333475,0.06286877,ok
a50cc813-b37d-4545-b0b3-8f74a3abafa7,AQPSO,False,unif,0.76763505,0.04747664,0.07255243,0.006640807,0.105695084,ok
bd15055b-c5b3-47b9-a5fe-45a98559405e,HybridPSODE,True,bounds,0.041582774,5.2640817e-06,0.027454102,0.91691905,0.014038838,ok
258b606b-54ac-43ff-8fd2-27216ab97cf2,HybridPSODE,True,bounds,0.10766115,6.9508797e-06,0.09878751,0.7724391,0.021105304,ok
3623bdfb-0207-4493-9465-514b557c032c,HybridPSODE,True,bounds,0.22048518,6.58075e-05,0.16523218,0.570947,0.04326989,ok
69b0e08d-4e2c-4a3a-aee8-f44701ef11f5,HybridPSODE,True,bounds,0.22240579,8.4877734e-05,0.18310809,0.56033784,0.03406338,ok
27eef7f5-ba8f-4199-bf86-132b43c79915,HybridPSODE,True,bounds,0.19408084,2.9099325e-05,0.20284387,0.5709077,0.03213851,ok
a468113a-ecc1-4e49-9c2d-3ee0ab749848,HybridPSODE,True,bounds,0.22631483,0.00014988534,0.19131514,0.5620584,0.02016172,ok
8fa84223-5245-4dc0-a33a-1ffef82a524b,HybridPSODE,True,bounds,0.22444427,0.00044174748,0.10365925,0.64437973,0.02707507,ok
9d8a926e-e686-40d9-b88e-3d9ee2ec454c,HybridPSODE,True,bounds,0.17211422,1.4000523e-05,0.118379995,0.67787594,0.031615835,ok
fc08803c-f253-4425-bfb6-b8050dd60b59,HybridPSODE,True,bounds,0.18360226,3.746771e-05,0.13235967,0.6448805,0.039120182,ok
18620584-1660-4b80-b34d-b9d2e9a06eab,HybridPSODE,True,bounds,0.29333296,0.0002064587,0.14156401,0.51715153,0.047745045,ok
065940df-fab4-459a-b57a-159cd7847b08,HybridPSODE,True,bounds,0.29173565,0.00056698255,0.11410873,0.54060495,0.05298366,ok
3de28898-5a2d-4ea3-98f4-e3990a2f4ced,HybridPSODE,True,bounds,0.11271477,2.9787756e-05,0.09879573,0.7645738,0.023885887,ok
802db772-62bc-43f0-8aa9-cba0ba922f12,HybridPSODE,True,bounds,0.1766231,3.431599e-05,0.07735937,0.72289693,0.023086216,ok
214c504c-84be-46a2-90b4-e5562b283669,HybridPSODE,True,bounds,0.18958166,3.3596032e-05,0.13611536,0.6251067,0.049162716,ok
4c711dbc-d9f1-4aec-ab01-5a07666f4462,HybridPSODE,True,bounds,0.1751952,1.5791356e-05,0.13070746,0.65472597,0.039355557,ok
2d2b4655-a285-46e8-93ad-261f416efc8a,HybridPSODE,True,bounds,0.14474979,1.8998011e-05,0.12623726,0.66051996,0.06847392,ok
3e0b864c-ca42-489d-9dbc-909220efe509,HybridPSODE,True,bounds,0.17107399,5.733e-05,0.15665832,0.6431702,0.029040163,ok
d767ce2e-d408-49a2-8ec1-3e4df54f1541,HybridPSODE,True,bounds,0.11925063,1.4570056e-05,0.17028925,0.68531054,0.02513502,ok
022cbd81-a75c-42f5-ae23-75f6dc30d87f,HybridPSODE,True,bounds,0.020350356,9.867846e-07,0.01962516,0.95072854,0.009294897,ok
9c856a6b-e5fe-4ad5-9980-1c2d52e32b5e,HybridPSODE,True,bounds,0.17659412,2.071293e-05,0.20052457,0.5874917,0.035368912,ok
438cfce0-5342-4acf-9201-021de48b08da,HybridPSODE,True,bounds,0.32618165,0.00027014062,0.1903019,0.44276372,0.040482633,ok
6a985a81-48ea-4030-964e-4dd2ad5b1988,HybridPSODE,True,bounds,0.078399435,5.794043e-06,0.061273895,0.8425576,0.017763283,ok
23c2fbe1-f758-4b99-898e-de735f368bcf,HybridPSODE,True,bounds,0.33979744,0.00035916432,0.091671705,0.50032026,0.06785148,ok
5c0ee661-816c-4011-a2ee-4a5807542f4d,HybridPSODE,False,unif,0.66662824,0.049846463,0.19883588,0.012466809,0.07222268,ok
16b9675f-9533-44b0-9b2a-e6a24039b042,HybridPSODE,False,unif,0.7203351,0.037728716,0.14942099,0.0034051507,0.089109994,ok
d5b14d52-4f02-4dec-a4ea-6e1042d97a0b,HybridPSODE,False,unif,0.71397173,0.040065456,0.15347654,0.0051625725,0.08732364,ok
8920d517-d6a7-4343-9e35-50a7a51535d6,HybridPSODE,False,unif,0.7297643,0.033852585,0.15723023,0.003841626,0.07531125,ok
42e4e620-f32a-46a0-9bfb-36f5adaf4826,HybridPSODE,False,unif,0.71323097,0.02544032,0.16826701,0.006925867,0.08613591,ok
8560b321-8f1d-4a1c-b07b-e540644a318b,HybridPSODE,False,unif,0.747434,0.03472641,0.1368067,0.005422003,0.075610824,ok
004530ac-0620-474d-876a-cc9f02116aef,HybridPSODE,False,unif,0.75757384,0.036379658,0.124723196,0.003736283,0.07758698,ok
a50a2979-5995-401b-bf07-1f195833c994,HybridPSODE,False,unif,0.69530255,0.03929841,0.16159363,0.0040675006,0.099737965,ok
d7facc5e-a102-4590-bce1-0c543ec22c3d,HybridPSODE,False,unif,0.729397,0.025384802,0.15871987,0.008106479,0.07839182,ok
a8327033-2866-452b-a0e8-4943ac9c76c7,HybridPSODE,False,unif,0.7170917,0.037548106,0.13761042,0.0064788507,0.10127102,ok
e5f00906-d33b-414f-8836-17bc24ddd8db,HybridPSODE,False,unif,0.704765,0.015400624,0.16742593,0.018320795,0.094087616,ok
f8cac418-f780-4184-9918-2bd4e5c1fe51,HybridPSODE,False,unif,0.6748327,0.02810451,0.21209216,0.005714855,0.079255804,ok
ac2c7a06-485f-4c76-b7e8-009394b4451e,HybridPSODE,False,unif,0.7322166,0.026080292,0.17298034,0.0068439795,0.0618788,ok
afb7a790-e16e-4977-afd1-09567b01d16d,HybridPSODE,False,unif,0.73173857,0.038841344,0.15641506,0.0042413943,0.06876358,ok
5ab6f9a7-c465-4982-9fa5-3874725a322b,HybridPSODE,False,unif,0.7717963,0.030921107,0.11235945,0.0067587146,0.07816443,ok
510dcb70-d171-4e00-967c-6bbcbb83ab4e,HybridPSODE,False,unif,0.6722423,0.029949952,0.18324089,0.009319755,0.1052472,ok
f3fec1f1-b6c4-45fd-9f68-6627b3bbc09d,HybridPSODE,False,unif,0.77206516,0.023810985,0.13182513,0.020570049,0.051728733,ok
0231a722-15e1-44db-b653-4ff2360d89d4,HybridPSODE,False,unif,0.71545255,0.024216808,0.17450261,0.004483008,0.08134498,ok
d7d7b755-5f12-4a5c-b7fa-b4a5319d294a,HybridPSODE,False,unif,0.6692343,0.10926,0.1122452,0.0030809697,0.10617955,ok
b048a5e5-6edd-4d6d-94c3-a64833da2a1a,HybridPSODE,False,unif,0.65816015,0.0150996,0.2204841,0.0163251,0.089931086,ok
0d18523f-6565-4c2c-8e01-313a448147de,HybridPSODE,True,disc,0.653306,0.037811615,0.15849528,0.04832126,0.102065824,ok
ec5ca183-5f2d-4d29-ad1c-e7dcdd17af10,HybridPSODE,False,unif,0.7304148,0.036500543,0.13961193,0.005401908,0.088070855,ok
22f4dbe0-ebf3-4ace-9842-dae6a374e5b9,HybridPSODE,False,unif,0.6848351,0.023642994,0.16800731,0.006873086,0.11664151,ok
0adb6c4e-fc4c-44c4-99a5-988e286d5d00,HybridPSODE,True,disc,0.67619514,0.033833575,0.20880473,0.0034050643,0.07776147,ok
f1fecc8d-d0b4-4af1-82a6-90f8cde4a74e,HybridPSODE,False,unif,0.7850072,0.04590542,0.0937089,0.0033574626,0.07202104,ok
f3056d22-2a9c-4238-b128-e431751c5efd,HybridPSODE,False,unif,0.7297643,0.033852585,0.15723023,0.003841626,0.07531125,ok
c974acca-1477-4b6f-824b-b0dd1d8af9e8,HybridPSODE,False,unif,0.71441776,0.03380164,0.15774152,0.0035639717,0.09047519,ok
474a1b21-51ce-448e-a1da-b5dc38db0fe9,HybridPSODE,False,unif,0.73060185,0.046724726,0.1392423,0.008271364,0.07515977,ok
90ec0156-328b-49a5-8fe3-a15eea223d21,HybridPSODE,False,unif,0.74793947,0.057477612,0.12529647,0.0047050896,0.06458138,ok
3ab84b5a-7bd0-42f7-b9c3-c7c69e6b55df,HybridPSODE,True,centre,0.22143844,0.65022534,0.015541541,5.9716876e-06,0.11278872,ok
929a2d00-7a21-48e5-bfcf-cc9deb9cf4b3,HybridPSODE,True,centre,0.14368896,0.6523393,0.01036677,6.2870376e-06,0.19359878,ok
63c67837-9d2d-4da5-b272-49f720ba7305,HybridPSODE,True,disc,0.61613435,0.010436491,0.1741723,0.12286769,0.076389134,ok
05227aa8-fbfc-47c9-ba7c-375bcba464c3,HybridPSODE,True,centre,0.0634674,0.795986,0.003670949,3.6925593e-07,0.13687532,ok
4defe8aa-795b-4c3b-adaf-45bfc8eccb33,HybridPSODE,True,centre,0.1979165,0.640602,0.016482562,1.3961403e-05,0.14498504,ok
2ce848e9-42ef-43ca-b853-b3105b69a8c8,HybridPSODE,False,unif,0.74262166,0.026981179,0.13039134,0.02729713,0.07270863,ok
d3604ea8-8f46-45bb-a491-53c419c6da64,HybridPSODE,True,centre,0.0634674,0.795986,0.003670949,3.6925593e-07,0.13687532,ok
f103f161-2e87-4f78-960f-323e67f3a821,HybridPSODE,True,centre,0.17595413,0.6729932,0.021272188,4.6347363e-06,0.1297758,ok
fab59b67-b42f-4b80-b928-3bafb509500e,HybridPSODE,True,centre,0.06097473,0.80158293,0.0079936,1.76643e-07,0.12944853,ok
221bf2da-115d-4e91-aeb8-047eaff57d5a,HybridPSODE,True,centre,0.1695362,0.67639625,0.015254142,5.7221623e-06,0.13880767,ok
df914c5b-e652-45cd-ba66-c3a38f8aac25,PSODEOptimizer,False,unif,0.7078759,0.09454487,0.11595257,0.0012095891,0.08041703,ok
ad6c334a-5a5a-47a2-b578-cf11c854b31d,PSODEOptimizer,False,unif,0.6732808,0.085599735,0.17280348,0.0011590761,0.06715697,ok
f38093c7-9080-4d28-8f47-06d79b1b3448,PSODEOptimizer,False,unif,0.71148574,0.04558625,0.17013448,0.0032906313,0.06950286,ok
c3455235-b436-435f-8051-1a06b97c886b,PSODEOptimizer,True,disc,0.6417929,0.06517641,0.20543969,0.011113078,0.076478,ok
a0d50611-5db0-4178-a068-4287a9071533,PSODEOptimizer,False,unif,0.6786539,0.05799046,0.16101752,0.017135436,0.08520262,ok
fcdc43ea-a111-4aed-98a7-2bf277674b3d,PSODEOptimizer,True,disc,0.66648036,0.056919973,0.17979126,0.011888986,0.084919415,ok
aaf21071-7ade-4859-854f-cc6e41b1e684,PSODEOptimizer,False,unif,0.688482,0.030146975,0.17298062,0.016342452,0.092047974,ok
754b73e0-cd86-479d-847c-bede09b08b65,PSODEOptimizer,True,disc,0.61148554,0.03327387,0.19430974,0.06728355,0.09364727,ok
b91fe5be-75dc-41d5-bab3-e603db9f8200,PSODEOptimizer,False,unif,0.6519045,0.02285328,0.2333136,0.016114103,0.07581446,ok
d1b78490-a8ed-42be-89c4-5d8c3ab721f4,PSODEOptimizer,False,unif,0.7012487,0.028655302,0.16534571,0.015776683,0.088973574,ok
52e8d009-0567-471d-8ff4-298f6bb919dd,PSODEOptimizer,False,unif,0.69616115,0.028413724,0.17445086,0.016426912,0.08454733,ok
63fd9189-8423-40b5-a00a-e01020c1bb9b,PSODEOptimizer,False,unif,0.6745931,0.028758217,0.19887331,0.014828557,0.082946844,ok
1dafaa89-a2e9-41a7-9c1f-af8d1b045e55,PSODEOptimizer,False,unif,0.6802782,0.010640815,0.20844412,0.028522214,0.072114564,ok
d8ec1b8a-1968-4dd3-9995-868a0bbba371,PSODEOptimizer,True,disc,0.6493821,0.019410491,0.2432585,0.021607634,0.06634124,ok
71cd5bc2-2911-4ba4-8efc-e5213ac83c2f,PSODEOptimizer,True,disc,0.55684006,0.009701541,0.22189434,0.1530219,0.058542192,ok
244d55be-e8b8-4e9f-9e17-e6bba81b6a2a,PSODEOptimizer,True,disc,0.5547351,0.0052305693,0.23709519,0.14723858,0.05570049,ok
baae1b73-bbdd-46cf-9159-d562a07b0a46,PSODEOptimizer,False,unif,0.606048,0.008553488,0.16224018,0.15997005,0.06318832,ok
25beab1a-7ecb-4643-872c-27fa1ba8b8d9,PSODEOptimizer,True,disc,0.56560975,0.009667624,0.19867404,0.16535805,0.06069058,ok
b5cd34c1-1aa8-4b3f-9487-f066c5cc395a,PSODEOptimizer,True,disc,0.4753155,0.010449817,0.24078469,0.17929891,0.094151065,ok
9efd43af-22e0-4c76-8d2a-bd31164d6170,PSODEOptimizer,True,bounds,0.5085306,0.005759217,0.19917905,0.231202,0.055329125,ok
6456ea07-3f48-4946-b7df-b9a2e82e9e83,PSODEOptimizer,False,unif,0.62808555,0.0043325266,0.24053141,0.049904257,0.07714628,ok
369899ce-f696-4b98-b57e-32cd7817a175,PSODEOptimizer,True,disc,0.49229774,0.009922412,0.22412172,0.2073152,0.066342965,ok
f47334bd-ddf6-4ffa-8a8d-23404c6f4446,PSODEOptimizer,True,disc,0.522491,0.012911014,0.20346656,0.19657913,0.06455223,ok
46babf2e-c389-4bc6-a074-ff1fc5afdb54,PSODEOptimizer,True,disc,0.43532982,0.0128694,0.31157702,0.17371008,0.06651363,ok
5fb17cfa-85dd-43b8-9436-e38d8d2701c3,PSODEOptimizer,True,disc,0.4753155,0.010449817,0.24078469,0.17929891,0.094151065,ok
69a5bbc7-7db1-4709-847c-2d85cf1ca445,PSODEOptimizer,False,unif,0.6364018,0.004457454,0.1720477,0.11685576,0.070237376,ok
eae2a939-2aa9-4d7d-b9d2-9038d3becda4,PSODEOptimizer,False,unif,0.6720538,0.0028521002,0.21187262,0.027514061,0.085707374,ok
7099dd11-a02a-4390-aed1-e15a22118f13,PSODEOptimizer,True,disc,0.5693618,0.027695205,0.18980762,0.13118927,0.08194599,ok
8c379d8b-689d-4f05-b6ea-83050288b073,PSODEOptimizer,True,disc,0.5636718,0.04001334,0.22329417,0.093123585,0.079897106,ok
f277fa78-d824-49ef-95f7-5e2bc7a52b1e,PSODEOptimizer,False,unif,0.68079424,0.03000972,0.159723,0.06295705,0.066516,ok
52435cec-45f7-4097-b246-a1878067dc3b,PSODEOptimizer,True,disc,0.43532982,0.0128694,0.31157702,0.17371008,0.06651363,ok
187be94c-21eb-4e5e-ae51-cb7cf1ed2bb9,PSODEOptimizer,True,disc,0.4590386,0.007893009,0.254435,0.22196178,0.05667165,ok
c931e5bf-5236-4612-a4c2-f6db20435362,PSODEOptimizer,False,unif,0.70626825,0.0035408128,0.1697088,0.027337257,0.09314486,ok
817271d0-bce6-43a0-b517-1ea6737145d6,PSODEOptimizer,False,unif,0.6847733,0.003115113,0.18593831,0.02723739,0.09893582,ok
d496b927-839e-425f-bb45-45fd1da5e8c6,PSODEOptimizer,False,unif,0.6875309,0.0032212692,0.18410316,0.027582848,0.09756186,ok
86e1fc25-f94f-466f-875f-39068d5e6190,PSODEOptimizer,True,disc,0.60505307,0.0032678526,0.21106625,0.07908135,0.1015314,ok
78dabf51-2b8e-429a-a458-d4cb49a188f5,PSODEOptimizer,False,unif,0.56653076,0.03347684,0.2063446,0.120222345,0.07342546,ok
4cf64321-482a-4e82-8f1e-43200097cd82,PSODEOptimizer,False,unif,0.59430975,0.020969408,0.16329238,0.14170574,0.07972279,ok
83ea23b3-c644-4b25-ab1a-087772473b3e,PSODEOptimizer,True,disc,0.460227,0.0008938454,0.27282006,0.1989248,0.067134246,ok
36d4229d-1b8a-48f8-8528-ad7c240a492e,PSODEOptimizer,True,bounds,0.52327096,0.0019216044,0.14989081,0.27102768,0.05388888,ok
c6452feb-76d7-4af2-adbf-c4b6b53c60e8,PSODEOptimizer,True,bounds,0.51694894,0.0028266858,0.20840788,0.21345845,0.058358032,ok
833e5b19-874c-403c-a8fb-1760556e2eff,PSODEOptimizer,True,bounds,0.37384266,0.003988418,0.17214322,0.31962317,0.13040255,ok
14fe04e9-067a-4c0d-9c43-31fa183c6b0f,PSODEOptimizer,True,bounds,0.47440714,0.0010189933,0.21340886,0.26283973,0.048325226,ok
79807076-ab46-4185-8050-e07b7ee19b78,PSODEOptimizer,True,bounds,0.51694894,0.0028266858,0.20840788,0.21345845,0.058358032,ok
3a4ee92e-bd32-4727-9514-fad878ed5180,PSODEOptimizer,True,bounds,0.51694894,0.0028266858,0.20840788,0.21345845,0.058358032,ok
3dfe9a0e-7d22-4068-9965-84269733c7a2,PSODEOptimizer,True,bounds,0.48153743,0.0012482863,0.21671276,0.23857096,0.061930507,ok
c550dd8a-3b21-4b4f-8d93-4e030bf6f647,PSODEOptimizer,True,disc,0.64805996,0.00872277,0.18439251,0.117466316,0.041358415,ok
788c565d-2a13-4b9d-a236-de35c5cfed90,PSODEOptimizer,True,disc,0.48231626,0.001229434,0.24609439,0.21554466,0.05481521,ok
46c3d907-95ed-4342-acda-29fbd3a67486,PSODEOptimizer,True,disc,0.64805996,0.00872277,0.18439251,0.117466316,0.041358415,ok
d6a98865-d987-4ac8-9c7b-b47ac0c3c1b7,PSODEOptimizer,True,disc,0.50258833,0.0013940405,0.23172522,0.20017537,0.06411703,ok
6c6a2049-be6a-428a-8d28-d030990122d8,PSODEOptimizer,True,disc,0.49325424,0.001664222,0.2340559,0.2062588,0.06476678,ok
e9f94225-743a-40d7-9d35-33b66453e528,PSODEOptimizer,True,disc,0.49957737,0.0013827304,0.22805555,0.20643386,0.06455045,ok
60523c78-2566-4fe0-b24a-1d3849718559,PSODEOptimizer,True,disc,0.49957737,0.0013827304,0.22805555,0.20643386,0.06455045,ok
579288e0-f225-48f1-9150-9c72923341d6,PSODEOptimizer,True,bounds,0.26186648,4.857989e-05,0.19616164,0.4912722,0.050651122,ok
55c88259-5638-4f06-b40d-106b9226d97a,PSODEOptimizer,True,disc,0.48658818,0.00052882417,0.24648397,0.22090383,0.045495205,ok
4f833de7-d8bf-453d-bec4-4e55d2e9baf8,PSODEOptimizer,True,disc,0.49957737,0.0013827304,0.22805555,0.20643386,0.06455045,ok
9f7b27f2-8d2c-451e-a7f7-a29a3fa61483,PSODEOptimizer,True,disc,0.52157646,0.0016982628,0.25429523,0.16237834,0.06005175,ok
1da5b878-002f-48d6-9177-afb4fc756e03,PSODEOptimizer,True,disc,0.46926275,0.001350591,0.30730623,0.16565242,0.056428038,ok
91115adf-3de0-4e76-a2fa-4732224283d8,PSODEOptimizer,True,disc,0.47014302,0.0014907398,0.28561127,0.18720508,0.055549882,ok
b2d704e5-9c0b-45b5-b87a-9a502297b5f4,PSODEOptimizer,True,disc,0.4786467,0.00042098638,0.2547871,0.20760027,0.058544982,ok
aebb21be-1188-4c6f-b29f-36f413a081c8,PSODEOptimizer,True,bounds,0.44481644,0.002144954,0.1936164,0.29909754,0.060324658,ok
39b8a405-06a8-4ae7-a62f-1ec257e7993e,PSODEOptimizer,True,disc,0.48871335,0.0019586051,0.24253373,0.20807417,0.058720134,ok
31fb2e9e-e1b4-4efe-9418-14307ffad6ce,PSODEOptimizer,True,disc,0.46572763,0.0010708167,0.24810019,0.2237283,0.061373122,ok
d71aa0ef-deea-464e-957f-0e746ba2c73d,PSODEOptimizer,True,disc,0.48863417,0.0017941876,0.2601966,0.19023821,0.05913688,ok
57b7f4a8-b120-427c-a3f4-dc347dc243c8,PSODEOptimizer,True,disc,0.48863417,0.0017941876,0.2601966,0.19023821,0.05913688,ok
143757a0-93a3-4290-b9ed-0fdc4adcc4b9,PSODEOptimizer,True,bounds,0.5136826,0.001112905,0.18241438,0.18374833,0.11904176,ok
8e8c0627-bd5d-4e41-8844-158439ffa97d,PSODEOptimizer,False,unif,0.65172493,0.0021053583,0.21585965,0.077646546,0.052663457,ok
fd9932cd-7348-43b5-8c0e-62f64603996a,PSODEOptimizer,True,disc,0.46900254,0.0017912353,0.28682047,0.183927,0.058458775,ok
cd545a7e-976a-4811-8a79-5dab580be6f2,PSODEOptimizer,True,disc,0.47230262,0.00082711445,0.23827732,0.23029414,0.058298815,ok
dfc81983-be2a-4950-9087-9c670f99a6e4,PSODEOptimizer,True,disc,0.47387218,0.0017603606,0.2624933,0.21103103,0.0508431,ok
18a2d2b3-51eb-44d4-9d3e-71402410abc6,PSODEOptimizer,True,disc,0.49165043,0.0013592666,0.26597562,0.18640177,0.054612923,ok
2109a640-459a-4682-8110-bfa4b7461c05,PSODEOptimizer,True,disc,0.4724253,0.00093189545,0.31740284,0.15484282,0.054397076,ok
cdc0e42e-65b8-4c56-9ee8-92f67f0ba91c,PSODEOptimizer,True,disc,0.4587956,0.0009304392,0.3062602,0.1788446,0.055169225,ok
876b207a-94ae-4bd7-ab2c-fd49eeff74a1,PSODEOptimizer,True,disc,0.5373641,0.0022166604,0.23834905,0.17151389,0.050556272,ok
81d8b633-59c3-4912-b849-c6c963e345ed,PSODEOptimizer,False,unif,0.60216296,0.0023999433,0.21640702,0.10706874,0.07196135,ok
e23a5584-2977-4f6c-807f-f5274c5daebf,PSODEOptimizer,True,disc,0.48028272,0.0022788174,0.2912025,0.17007144,0.056164514,ok
0707e3bd-70e0-4c94-8ee2-26dff4c7fe2b,PSODEOptimizer,True,disc,0.460191,0.0014269232,0.29564586,0.19350846,0.04922779,ok
b2144789-fc29-442b-a8f2-522e88fb19ea,PSODEOptimizer,True,disc,0.38132593,0.00032884663,0.30076438,0.2744875,0.043093313,ok
ddfa0f2f-4d54-4590-8250-c35b8fad8a46,PSODEOptimizer,True,disc,0.48784384,0.0016793044,0.23106723,0.22422628,0.0551833,ok
ae49878b-e2df-4f98-8d0a-e1f3e2118efe,PSODEOptimizer,True,disc,0.4952399,0.002406282,0.25821388,0.19032754,0.053812273,ok
6e3a0660-6710-4afe-aa70-a762ba3815d1,PSODEOptimizer,True,disc,0.45942765,0.0011357443,0.2591613,0.21446164,0.06581372,ok
d0d12683-e835-49d4-a88b-f58d8397f808,PSODEOptimizer,True,disc,0.42479005,0.001404451,0.34498578,0.18152761,0.0472921,ok
4246d9e5-0000-4069-b260-910e4daf4825,PSODEOptimizer,True,disc,0.52516127,0.0031187846,0.24032524,0.17582555,0.055569164,ok
c0a87ca2-1ff8-4983-8f25-320e381fe310,PSODEOptimizer,True,disc,0.5558599,0.001334638,0.24872458,0.13621679,0.05786399,ok
7ff4f7bf-3225-48e3-bcf6-893edc53c0d7,PSODEOptimizer,True,bounds,0.36175114,0.00030025013,0.2663662,0.32086605,0.05071631,ok
bfc19cc8-6ae5-4b0c-9b22-5875128ab0b5,PSODEOptimizer,True,bounds,0.5099403,0.0024281752,0.17080815,0.24993321,0.066890135,ok
5a7be9fe-a107-49c1-b533-68f6173a5c4e,PSODEOptimizer,True,disc,0.47802225,0.0019687263,0.29641774,0.16743124,0.05616008,ok
1807796c-fdb5-4db7-8b6a-6240a1bec863,PSODEOptimizer,True,disc,0.45942765,0.0011357443,0.2591613,0.21446164,0.06581372,ok
2440de4e-becf-4c27-83ed-7dbac12254eb,PSODEOptimizer,False,unif,0.7072545,0.027412364,0.17315963,0.0077303806,0.08444309,ok
68e5a71f-9aa2-4d5f-955a-6be924cf96f4,PSODEOptimizer,True,disc,0.4611035,0.0020229833,0.2724521,0.20865814,0.05576334,ok
c5dbab23-fa90-49fb-814d-350c6b533c59,PSODEOptimizer,True,bounds,0.54052484,0.0041678557,0.19304615,0.21115169,0.051109444,ok
e09cac76-7408-4eb0-8a8d-e26197c85e04,PSODEOptimizer,True,disc,0.46518284,0.001965295,0.2733117,0.19546461,0.064075574,ok
c428a0c6-da17-4389-8d72-42c3638c4d8f,PSODEOptimizer,True,disc,0.48028272,0.0022788174,0.2912025,0.17007144,0.056164514,ok
e6b1889e-2b64-436a-9a54-d615d2c53a9a,PSODEOptimizer,True,disc,0.5526221,0.004940509,0.23558836,0.14397278,0.0628763,ok
22f97943-5e8d-4105-bb90-cad2bf8a2b8d,PSODEOptimizer,True,disc,0.48754868,0.0017758459,0.25733835,0.19701864,0.05631852,ok
65726fcf-9cf5-4200-9f75-435bb81f0591,PSODEOptimizer,True,disc,0.49475327,0.002501949,0.23707597,0.21118116,0.054487616,ok
7f95c3ed-9ed4-4d19-aa61-cdb3be2ab5b2,PSODEOptimizer,True,disc,0.4847719,0.0012000968,0.25054252,0.19674936,0.06673612,ok
c345c539-cc60-4c9c-a35d-4caef72681ac,PSODEOptimizer,True,disc,0.48028272,0.0022788174,0.2912025,0.17007144,0.056164514,ok
e7535d44-fb59-4c6a-a330-cf3487fcd57e,AdaptiveSwarmGradientDescent,True,bounds,0.15868714,0.00028927723,0.07689626,0.7227434,0.041383915,ok
f1c86716-d4a5-4cac-befc-66eaa905fde9,EnhancedAdaptiveSwarmGradientDescent,False,unif,0.7205898,0.015382032,0.07387321,0.12831295,0.061842036,ok
29e94573-553e-45e1-af2f-c9678ae1b024,EnhancedAdaptiveSwarmGradientDescent,False,unif,0.70018435,0.0060353316,0.12611839,0.12593791,0.04172397,ok
1e6923ee-7858-4944-a591-ae257783d78b,EnhancedAdaptiveSwarmGradientDescent,False,unif,0.71801823,0.11938222,0.05966369,0.021040494,0.081895396,ok
3798ce98-d9ca-46df-8faf-fea540eca124,EnhancedAdaptiveSwarmGradientDescent,False,unif,0.6983775,0.010144664,0.08092248,0.13968161,0.07087383,ok
feadc10a-c86b-49eb-bbc0-ee4e0b48dcb4,EnhancedAdaptiveSwarmGradientDescent,True,bounds,0.55548024,0.0009688182,0.09650742,0.28076273,0.06628078,ok
415ce9da-e874-4a47-aba7-a12d8e876531,EnhancedAdaptiveSwarmGradientDescent,False,unif,0.67380977,0.13077354,0.10519104,0.0018571904,0.08836851,ok
bb4a46cc-f825-45a2-a161-6a878526ef87,HybridQuantumInspiredSwarm,True,centre,0.39846975,0.40705308,0.043081276,0.0009159214,0.15047993,ok
804b2c80-b5c7-4225-b11c-6422fcce62be,EnhancedAdaptiveSwarmGradientDescent,False,unif,0.5841482,0.24839263,0.054867428,0.0006526635,0.11193907,ok
41c5875f-384a-4b5c-b336-5199b66b0d2e,EnhancedAdaptiveSwarmGradientDescent,True,bounds,0.6134987,0.021123338,0.090820126,0.19786072,0.07669703,ok
83ee1f37-1e42-4fdd-b98e-cb4a9693624a,EnhancedStochasticSwarmDescent,True,centre,0.07829046,0.739939,0.012406824,7.729253e-07,0.16936295,ok
7b85912c-21f7-4754-8092-a83aaab16e96,EnhancedAdaptiveSwarmGradientDescent,False,unif,0.5553607,0.27189475,0.052881986,0.00056271965,0.119299755,ok
489120ca-a7bb-45cc-a5db-c35b70a962b5,EnhancedAdaptiveSwarmGradientDescent,False,unif,0.6578461,0.17879912,0.06449603,0.0015642445,0.0972945,ok
5818810d-860e-4693-848a-22fcf06d45ad,QuantumInspiredEnhancedSwarmDescent,True,bounds,0.07338667,1.5559885e-05,0.029571276,0.8861755,0.010850884,ok
078c410e-d545-4247-bd4f-60bee331e4c2,EnhancedAdaptiveSwarmGradientDescent,True,centre,0.121933505,0.7281919,0.017660826,2.5757461e-05,0.13218807,ok
ce4fc99a-9227-4321-8084-89e82d66d625,QuantumInspiredAdaptiveSwarm,True,centre,0.49362126,0.3505707,0.028745215,0.0004896141,0.12657323,ok
ac3401d3-7b5b-4ed2-8526-e228e5652451,EnhancedAdaptiveSwarmGradientDescent,True,centre,0.590068,0.26719648,0.06811091,0.0007163277,0.0739083,ok
a3b92867-e3f0-4647-8830-93e5a6680d77,EnhancedAdaptiveSwarmGradientDescent,True,centre,0.09977693,0.7384923,0.009404913,1.4159737e-05,0.15231171,ok
c0ad0c48-5eea-49cc-99a7-f2ba8d4ba4b1,EnhancedAdaptiveSwarmGradientDescent,True,bounds,0.34320694,0.00016096783,0.08695945,0.51266646,0.05700617,ok
86abbff2-5fab-43bd-89ce-ace39c9358be,EnhancedAdaptiveSwarmGradientDescent,True,bounds,0.44600073,0.019981762,0.14585061,0.33433542,0.05383147,ok
b1dbfc78-d83e-4fd4-baa8-6dfbb921238e,EnhancedAdaptiveSwarmGradientDescent,True,centre,0.056300115,0.7884081,0.0028878234,3.5679506e-07,0.15240356,ok
a6221e18-f2c1-450e-835a-d8d8c18163cd,EnhancedAdaptiveSwarmGradientDescent,False,unif,0.5786099,0.15295048,0.112956956,0.0020731322,0.15340956,ok
691fd3ff-b0d5-47ba-a73f-d108aedc0723,EnhancedAdaptiveSwarmGradientDescent,True,centre,0.5611058,0.2254614,0.059936613,0.0009800429,0.15251617,ok
6cef04f9-7c78-455e-a924-3a515874c206,GradientEnhancedSwarm,False,unif,0.7420832,0.030678462,0.090717055,0.05577304,0.0807483,ok
5a0d52f6-514b-47c2-a1c1-1bee05d2db88,EnhancedAdaptiveSwarmGradientDescent,False,unif,0.71723187,0.09435764,0.08450759,0.0049664183,0.09893651,ok
7b2b4cd2-6cbb-4e58-b3c0-348c15c619b6,EnhancedAdaptiveSwarmGradientDescent,True,centre,0.39365882,0.4172663,0.06545212,0.00016357322,0.123459086,ok
aca6db95-4478-4ec5-95cf-e8793e69fc2e,EnhancedAdaptiveSwarmGradientDescent,True,centre,0.12546442,0.7209179,0.011879468,1.4102909e-06,0.1417368,ok
bdd748d0-42fb-4010-ab97-2397269c915c,ImprovedMultiInfluenceSwarmOptimization,False,unif,0.6568631,0.010022192,0.13546857,0.13565737,0.06198878,ok
9db29bc9-1b40-46c1-84d4-54b7ffc1cc62,EnhancedAdaptiveSwarmGradientDescent,True,centre,0.54366004,0.29002938,0.06311576,0.00044412044,0.10275064,ok
f04d211f-37aa-4a39-a5f9-20053969f0d5,EnhancedAdaptiveSwarmGradientDescent,True,bounds,0.67109424,0.018823225,0.11481663,0.119142696,0.0761232,ok
35e48b7c-53c4-437d-876e-aa474e83fd7f,EnhancedAdaptiveSwarmGradientDescent,True,centre,0.004078315,0.8473555,0.0002607783,8.317137e-10,0.14830539,ok
6c17869b-4f28-4121-bef7-77d0f0b51634,EnhancedAdaptiveSwarmGradientDescent,False,unif,0.7270263,0.011763979,0.15566105,0.03975386,0.06579481,ok
008d4299-6f26-49e5-bad9-413983e9a3b9,EnhancedAdaptiveSwarmGradientDescent,True,centre,0.58212584,0.23594257,0.061383992,0.0011343806,0.11941318,ok
6c93fd60-03c5-45fa-baa8-deccde99345e,EnhancedAdaptiveSwarmGradientDescent,True,centre,0.00880105,0.8707489,0.00035568877,5.1122244e-09,0.120094396,ok
f582fdfb-c5cc-40d7-8a6d-088e9cf20367,EnhancedAdaptiveSwarmGradientDescent,False,unif,0.7504638,0.10480671,0.055907797,0.0051757866,0.083646014,ok
db00a854-39da-4209-99dd-d97f26b598b3,EnhancedAdaptiveSwarmGradientDescent,False,unif,0.6770576,0.13455772,0.084889404,0.001952406,0.101542905,ok
9c50a23f-f406-463a-abf1-6b500a485958,EnhancedAdaptiveSwarmGradientDescent,True,centre,0.634634,0.21803948,0.046405077,0.0009887398,0.09993265,ok
ec92c92a-6653-4535-80a6-bc381d68899c,EnhancedAdaptiveSwarmGradientDescent,True,bounds,0.58803093,0.056343187,0.12170334,0.17472467,0.05919791,ok
90dd6ef0-d98e-4344-9003-3bffcc13c667,EnhancedAdaptiveSwarmGradientDescent,False,unif,0.72512114,0.093029365,0.06764513,0.0037352177,0.11046912,ok
18a6ebb6-4cc2-4e8e-b8e3-8573b6ac922f,EnhancedAdaptiveSwarmGradientDescent,False,unif,0.67291665,0.0953163,0.15355127,0.016088413,0.06212735,ok
8b37af0d-a097-40f1-825c-69cbbdfff5b4,EnhancedAdaptiveSwarmGradientDescent,False,unif,0.7003664,0.14055027,0.07019709,0.0040925136,0.08479376,ok
aeacece5-1e7a-464e-a49c-9278e90140c3,EnhancedAdaptiveSwarmGradientDescent,True,centre,0.28321588,0.5220115,0.030272942,4.7815654e-05,0.16445181,ok
8a9c767d-5e6b-4ba5-8763-a3bb5e4f713e,EnhancedAdaptiveSwarmGradientDescent,True,centre,0.44082007,0.36710542,0.055244338,0.000298361,0.13653186,ok
7d6c861a-89d9-48fc-976d-7926fc2c654f,EnhancedAdaptiveSwarmGradientDescent,False,unif,0.7811811,0.04184085,0.09685628,0.0065286653,0.073593155,ok
bde5d296-af64-4ee1-b1f3-a3ee589405ac,EnhancedAdaptiveSwarmGradientDescent,False,unif,0.6501598,0.19222459,0.04987478,0.0018977305,0.10584309,ok
9889f519-84d7-4084-9e82-adfbff698abe,EnhancedAdaptiveSwarmGradientDescent,True,bounds,0.20235725,0.007507554,0.023255387,0.6690382,0.097841635,ok
5aa437f4-0021-42a2-b138-8180eda18661,SynergisticSwarmHeatmapDiversification,True,bounds,0.108218946,3.9010243e-05,0.052515935,0.80100536,0.038220737,ok
9e966033-9496-42ec-b29a-db4da3737424,EnhancedAdaptiveSwarmGradientDescent,True,centre,0.4894734,0.31432396,0.03171936,0.00092300243,0.16356024,ok
6ee269e1-5d06-4c2b-a88b-0659778902da,EnhancedAdaptiveSwarmGradientDescent,True,centre,0.50826657,0.3214498,0.086552106,0.0013191698,0.08241236,ok
f2a81a24-092b-4d60-b6f6-7f24b9192f93,EnhancedAdaptiveSwarmGradientDescent,False,unif,0.77604884,0.028108384,0.1168707,0.010002462,0.068969585,ok
2a42ba93-29ab-41ca-b8d8-19dbb01fa517,EnhancedAdaptiveSwarmGradientDescent,False,unif,0.7289656,0.111722425,0.0685476,0.0030896112,0.08767481,ok
854f08ba-06ed-4459-a853-2a62b0da56eb,QuantumInspiredSwarm,True,bounds,0.1542378,6.0464088e-05,0.08382908,0.6981619,0.06371077,ok
5baa7250-7a56-4272-82cf-f1046bbce31a,EnhancedAdaptiveSwarmGradientDescent,True,centre,0.19418547,0.46797982,0.019086847,0.004085982,0.3146619,ok
c7e7546d-e6d6-4363-8122-9fb154b5ba33,EnhancedAdaptiveSwarmGradientDescent,False,unif,0.7725414,0.070371866,0.08693913,0.002382151,0.067765415,ok
69ef3135-0cc8-4633-8a5a-49b302f23a90,EnhancedAdaptiveSwarmGradientDescent,False,unif,0.7857601,0.0693908,0.07429491,0.002652051,0.06790213,ok
de759519-7a5a-488a-9132-8fc8f6f13ebf,QuantumInspiredAdaptiveSwarm,True,centre,0.54384255,0.3021823,0.05480226,0.00089621486,0.09827675,ok
8621624b-97d4-4401-9d64-b28afdb7d204,EnhancedAdaptiveSwarmGradientDescent,False,unif,0.6669057,0.09687742,0.13778211,0.002637005,0.0957977,ok
9c968ae1-c912-4d02-9c70-33e3013c8466,EnhancedAdaptiveSwarmGradientDescent,True,disc,0.63213265,0.03122751,0.19195889,0.04410302,0.10057782,ok
54238f8f-27ec-499b-9cf0-70f883876e6b,EnhancedAdaptiveSwarmGradientDescent,False,unif,0.67398447,0.18333027,0.049226575,0.00085141073,0.09260725,ok
d1126026-d4e4-4f32-beab-43869a92a665,EnhancedAdaptiveSwarmGradientDescent,True,bounds,0.3244571,0.00017164137,0.14874955,0.49249426,0.034127466,ok
4e8dce12-77b7-4a36-9307-fdbbe2bbdd15,HybridSwarmGradientAccent,False,unif,0.69500554,0.10550584,0.099941775,0.0042225174,0.0953244,ok
1132e035-21ab-4135-b7ef-5b6cc7f62ce4,EnhancedAdaptiveSwarmGradientDescent,False,unif,0.69899136,0.14457478,0.07563903,0.0016012006,0.07919367,ok
cc8ed030-20b5-4f73-b075-504cc4e69cd5,EnhancedAdaptiveSwarmGradientDescent,False,unif,0.77433425,0.059783984,0.08388626,0.026031956,0.055963527,ok
d16ffc75-86f4-4b15-af6e-a736bcff5214,EnhancedAdaptiveSwarmGradientDescent,False,unif,0.62876946,0.17416564,0.06297263,0.0009339949,0.13315824,ok
0516215c-6b38-45eb-9ad4-66cbb959f2be,EnhancedAdaptiveSwarmGradientDescent,False,unif,0.78119165,0.0113628,0.120504215,0.014322485,0.07261886,ok
8ba235ac-308d-4b45-8a73-4cd1b7154e3e,EnhancedAdaptiveSwarmGradientDescent,True,centre,0.58067024,0.23104301,0.08046359,0.0018300607,0.10599308,ok
870f37c8-33d6-473d-9198-bbba84872664,EnhancedAdaptiveSwarmGradientDescent,True,bounds,0.5073672,0.00417161,0.13076572,0.30609813,0.051597394,ok
3654bdd8-775f-41dc-87ed-e58a7fb8b46f,EnhancedAdaptiveSwarmGradientDescent,True,bounds,0.6802143,0.013022031,0.09588757,0.13900784,0.07186828,ok
c878b012-7d98-40e9-8f50-65ae5a94fa90,EnhancedAdaptiveSwarmGradientDescent,True,bounds,0.34059355,0.0042460556,0.14002368,0.4608236,0.05431316,ok
d3046df3-7108-4d3e-a14d-5ff16f71b03a,EnhancedAdaptiveSwarmGradientDescent,True,bounds,0.32877886,0.00013815686,0.14578514,0.4800361,0.045261744,ok
1026bd90-5e73-4491-9007-3c46646bf446,EnhancedAdaptiveSwarmGradientDescent,True,centre,0.53471476,0.32495648,0.035717845,0.0009161065,0.10369481,ok
6deb411b-40ec-4af5-9508-31130549f269,EnhancedAdaptiveSwarmGradientDescent,True,bounds,7.5708566e-17,1.180782e-31,4.1847103e-19,0.999992,8.030942e-06,ok
538f8a06-e069-42f5-aaf2-0292d7f7a845,RefinedAdaptiveSwarmGradientDescent,True,centre,0.41735345,0.4368109,0.034890443,0.00023139601,0.11071388,ok
6233ad50-e1eb-4020-9552-00d711896b6f,EnhancedAdaptiveSwarmGradientDescent,False,unif,0.6320782,0.20703764,0.058080487,0.0012593276,0.10154444,ok
b4cb7f2b-1ed0-4db5-a41f-527597c0e1e3,EnhancedAdaptiveSwarmGradientDescent,False,unif,0.7725414,0.070371866,0.08693913,0.002382151,0.067765415,ok
e3e33062-89f6-48c7-a7b9-1b4ae1379677,EnhancedAdaptiveSwarmGradientDescent,False,unif,0.751488,0.070042476,0.108233176,0.0021727574,0.06806369,ok
6956071b-658d-4e8c-8000-b542961b2fc6,EnhancedAdaptiveSwarmGradientDescent,False,unif,0.75403243,0.02963899,0.13102867,0.016209584,0.06909036,ok
48ac0c20-2ed8-43c4-8de9-91519c95b75c,EnhancedAdaptiveSwarmGradientDescent,True,bounds,6.261126e-08,2.6707125e-14,3.4342605e-08,0.99989796,0.0001020915,ok
4bc6aeab-6e00-4966-a323-5262008171e5,EnhancedAdaptiveSwarmGradientDescent,False,unif,0.7319645,0.07145489,0.11047928,0.012957488,0.07314378,ok
b8493fad-2651-4310-9c9e-b6c15242f9ce,EnhancedAdaptiveSwarmGradientDescent,True,bounds,5.5628176e-12,4.3099274e-18,1.7706741e-14,0.999948,5.2012074e-05,ok
91028b8f-a980-41e8-8918-6087d1ffa986,EnhancedAdaptiveSwarmGradientDescent,False,unif,0.75494736,0.07798226,0.07802078,0.0030526358,0.085996985,ok
504173c2-a5b6-4f19-9d20-d700150f5cc7,EnhancedAdaptiveSwarmGradientDescent,False,unif,0.7250086,0.008711857,0.19145553,0.015104895,0.059719127,ok
e3527b32-986c-4de9-a4e2-dcd06074f5be,EnhancedAdaptiveSwarmGradientDescent,True,bounds,0.5696325,0.0071732677,0.1640464,0.21058114,0.04856665,ok
38e01f7a-066a-4b9a-b3d7-03d0614e5043,EnhancedAdaptiveSwarmGradientDescent,True,centre,0.3588249,0.5114218,0.021524003,0.00028325617,0.107946016,ok
6032227e-2b15-4373-8393-3e1455ee4823,EnhancedAdaptiveSwarmGradientDescent,False,unif,0.6713935,0.1824831,0.064842656,0.0006717798,0.080608934,ok
9ef16f2a-7ad3-46bd-940a-27034d6e31b6,EnhancedAdaptiveSwarmGradientDescent,True,centre,0.59663516,0.23677461,0.06392735,0.0071468963,0.09551601,ok
43362fd8-b18c-490c-ba9a-5278242238a9,EnhancedAdaptiveSwarmGradientDescent,False,unif,0.6865209,0.013851282,0.15989858,0.014501123,0.12522815,ok
2aa985fe-5da1-45a1-853c-98182ec18ce2,EnhancedAdaptiveSwarmGradientDescent,False,unif,0.7360147,0.07305456,0.12445985,0.0019623819,0.06450846,ok
cb122a3e-bf9f-4a4e-8e03-da0467b5f0a2,HybridPSOSA,True,bounds,0.20530602,4.1967905e-05,0.19146855,0.5796876,0.023495853,ok
b0d9dd1d-d348-441b-90b6-920e3bff005d,CollaborativeSwarmSearch,True,bounds,0.24105246,0.0002667865,0.16997424,0.5290348,0.059671678,ok
0d3b86ac-20cf-4a84-969f-b58a6b5fe397,CollaborativeSwarmSearch,True,bounds,0.0035699387,6.0631166e-08,0.0022143112,0.98820907,0.006006653,ok
48e8285f-bdfc-46ff-b6a4-76daa4ad9481,CollaborativeSwarmSearch,True,bounds,0.006311998,5.2457686e-08,0.011222312,0.9741356,0.008330028,ok
2a05aa38-192e-44ac-8f19-2f3b9587e561,CollaborativeSwarmSearch,True,bounds,0.025052268,9.573898e-07,0.020752119,0.9448118,0.009382755,ok
d7360019-419c-4e7f-875f-ebae74c486c7,CollaborativeSwarmSearch,True,bounds,1.3640143e-06,2.6049106e-12,1.1501546e-06,0.9998233,0.00017412985,ok
5a56637a-1f5a-4e2f-8c1c-fa9afbfe22bd,CollaborativeSwarmSearch,True,bounds,0.015018122,1.05653086e-07,0.0059228535,0.97052747,0.008531476,ok
8f7a312e-1e09-4396-8c69-534fcd994419,CollaborativeSwarmSearch,True,centre,0.32225272,0.4878002,0.02162649,8.533269e-05,0.16823521,ok
67ab1f2e-ff1a-4aa1-925b-ed7c9929a1ef,CollaborativeSwarmSearch,True,bounds,8.332047e-05,6.104518e-09,4.969118e-05,0.9988001,0.0010668307,ok
33e0ef6b-7f55-4aba-b827-ba22f3b7077c,CollaborativeSwarmSearch,True,bounds,0.048017852,9.0143885e-07,0.08263152,0.84823066,0.02111916,ok
f5e6b071-43ef-4b5f-8e23-25f6b1ecd081,CollaborativeSwarmSearch,True,bounds,0.2829266,0.0009553634,0.053435612,0.5265638,0.1361186,ok
b402c906-05c8-4e6f-af1d-8a0e17a89b4a,CollaborativeSwarmSearch,True,bounds,0.00017968695,2.413106e-09,0.000121278965,0.997682,0.0020169436,ok
79821790-5515-4abf-9b20-84e946e453d3,CollaborativeSwarmSearch,True,bounds,0.002083709,2.2329134e-09,0.0027290252,0.99042255,0.0047647604,ok
e182214d-bdda-4f21-a7bb-c716cce6bc14,CollaborativeSwarmSearch,True,bounds,0.025052268,9.573898e-07,0.020752119,0.9448118,0.009382755,ok
ad0db622-c1de-4412-9a4c-2a229551fac6,CollaborativeSwarmSearch,True,bounds,0.4789868,0.0010568497,0.2016255,0.2794282,0.038902648,ok
ca29fe0f-1a38-4f2b-826e-fe3be5e9b9b4,CollaborativeSwarmSearch,True,bounds,0.021437552,6.463805e-06,0.008272571,0.95892227,0.0113610905,ok
bef72a34-d3a7-4b6b-adc3-2ad2f1875f93,CollaborativeSwarmSearch,True,bounds,0.29983708,8.1405786e-05,0.14195165,0.5215837,0.036546096,ok
019bab2f-bf74-494d-870c-5030fd4c0ef9,CollaborativeSwarmSearch,True,bounds,0.007209331,7.6727446e-08,0.007860709,0.9813452,0.0035847002,ok
e029b68c-f17c-4605-81ee-849eb40fa263,CollaborativeSwarmSearch,True,bounds,6.5183223e-09,8.266817e-18,1.3304249e-09,0.99991435,8.566199e-05,ok
1dda1490-f564-46a2-aca3-bc734a362043,CollaborativeSwarmSearch,True,bounds,0.5835997,0.0013916923,0.13922478,0.21428092,0.06150297,ok
a13b0129-800b-4684-a606-d9bf37f1bd36,CollaborativeSwarmSearch,True,bounds,0.29983708,8.1405786e-05,0.14195165,0.5215837,0.036546096,ok
e74b48f7-36b3-4270-b601-afcbf8dbdde4,CollaborativeSwarmSearch,True,bounds,3.910468e-15,7.314866e-26,1.1996717000000002e-16,0.99998903,1.0912348e-05,ok
6f4c337e-0fab-4f00-ac78-77aadc5c84cd,CollaborativeSwarmSearch,True,centre,0.27196017,0.60234946,0.022113089,8.093305e-05,0.10349637,ok
2ef7242f-05f1-400d-851a-1fb790fddb4a,CollaborativeSwarmSearch,True,bounds,0.25922784,0.00034415748,0.08546813,0.5898066,0.065153286,ok
c7bb254f-2b3d-41b4-8982-0f9e60c0a326,CollaborativeSwarmSearch,True,bounds,0.1592882,1.8253113e-05,0.09608505,0.7195296,0.025078863,ok
059755e8-8d51-44ed-ae1d-cf5cb591ba2c,CollaborativeSwarmSearch,True,bounds,0.46005917,0.00030931598,0.18626001,0.30684668,0.046524838,ok
e4b853d4-0064-45bc-b334-b8ef80a30498,CollaborativeSwarmSearch,True,bounds,0.3885633,0.0031307586,0.15127,0.39850095,0.058535002,ok
8ed086ac-2933-473b-9474-c6de9f319783,CollaborativeSwarmSearch,True,centre,0.5779031,0.26800913,0.06613944,0.0015464305,0.086402,ok
a0543462-5a7e-4c70-b355-06b8ccd524f9,CollaborativeSwarmSearch,False,unif,0.72578996,0.008962507,0.15753934,0.06625792,0.041450262,ok
f13dffe3-396f-4db5-9824-b76e7efdf58d,CollaborativeSwarmSearch,True,centre,0.6662269,0.18439744,0.07242602,0.0025181978,0.07443138,ok
3c1e6e54-f8bd-4de3-88cc-b817b5c5c50c,CollaborativeSwarmSearch,True,centre,0.5779031,0.26800913,0.06613944,0.0015464305,0.086402,ok
e70b2480-26da-4803-b8fd-ddb170374fd9,CollaborativeSwarmSearch,True,bounds,0.084569395,1.7143739e-05,0.03653598,0.8359208,0.042956688,ok
e55ce106-20db-42e8-b3ab-4df0e85b5195,CollaborativeSwarmSearch,True,bounds,0.4789868,0.0010568497,0.2016255,0.2794282,0.038902648,ok
9679910b-f67a-4c57-8ff9-4a3dbbc38bda,CollaborativeSwarmSearch,True,bounds,5.162969700000001e-16,4.1094202e-29,7.246448e-18,0.99998635,1.3669132e-05,ok
d2e1aae6-0647-4b7d-b6aa-0aa5a326d4e4,CollaborativeSwarmSearch,True,bounds,0.07311291,6.700161e-06,0.024941968,0.8837037,0.018234666,ok
df211487-422a-4f98-a5de-018e923669dc,CollaborativeSwarmSearch,False,unif,0.6554978,0.010418634,0.18029444,0.10534599,0.04844317,ok
e089c0a1-fad1-4a32-8295-0c73cba48697,CollaborativeSwarmSearch,True,centre,0.5779031,0.26800913,0.06613944,0.0015464305,0.086402,ok
fd16fb11-e088-4569-95e7-32251398abcf,CollaborativeSwarmSearch,True,bounds,0.371344,0.0006216451,0.13777813,0.4484284,0.04182785,ok
c5f9b571-7135-4099-9c4d-6a145ebea2b4,CollaborativeSwarmSearch,True,bounds,0.4789868,0.0010568497,0.2016255,0.2794282,0.038902648,ok
139f7308-337a-48c2-b6d6-559f251398ea,CollaborativeSwarmSearch,True,bounds,0.32181898,0.0004083233,0.13084087,0.5021722,0.044759706,ok
c698669d-eab8-4741-8bf9-842830058c51,CollaborativeSwarmSearch,True,disc,0.6161051,0.0024418146,0.19913283,0.11802783,0.06429243,ok
597fe817-1dc0-42b7-99eb-b34497b35c5f,CollaborativeSwarmSearch,False,unif,0.74060494,0.012958233,0.15181969,0.047455925,0.04716119,ok
46d1767b-f807-4676-94e5-025603d8440c,CollaborativeSwarmSearch,True,bounds,0.5314063,0.0025594062,0.14784586,0.24656868,0.071619794,ok
9b5a5e97-bcc1-423a-8fe5-1cb5498a93ff,CollaborativeSwarmSearch,True,centre,0.5779031,0.26800913,0.06613944,0.0015464305,0.086402,ok
9c6e680e-3021-4a79-b43d-f813eb16bef7,CollaborativeSwarmSearch,True,bounds,0.16408117,0.00037861642,0.054437287,0.7174772,0.06362577,ok
e81bf684-fa81-4124-8fe3-a01ffe5c1263,CollaborativeSwarmSearch,True,bounds,0.3725264,0.00017053605,0.12441299,0.4618569,0.04103315,ok
a243596e-cf3e-4a66-8242-325a35449cd8,CollaborativeSwarmSearch,True,bounds,0.29983708,8.1405786e-05,0.14195165,0.5215837,0.036546096,ok
e384b876-e959-4961-abc1-211a3d54a562,CollaborativeSwarmSearch,True,bounds,0.3452031,0.00014646219,0.18196923,0.4330794,0.03960184,ok
086f9f73-aa86-46ac-854f-56a9b06c34fe,CollaborativeSwarmSearch,True,bounds,0.32181898,0.0004083233,0.13084087,0.5021722,0.044759706,ok
fb57dbc1-36b4-4a36-97da-4e560fd822ef,CollaborativeSwarmSearch,True,bounds,0.29983708,8.1405786e-05,0.14195165,0.5215837,0.036546096,ok
5c9b2e0c-bbf0-4883-ae95-72f08515d9fd,CollaborativeSwarmSearch,True,bounds,0.40046507,0.00095688005,0.21980771,0.34460348,0.03416686,ok
6a25e669-8896-4a64-b625-564eaff86b9b,CollaborativeSwarmSearch,False,unif,0.7876824,0.012200316,0.11697109,0.035304792,0.047841407,ok
3a827b7e-8744-4ac0-bdf7-e78e385da528,CollaborativeSwarmSearch,True,bounds,0.3199782,0.0006013027,0.106014445,0.5486313,0.024774726,ok
206083d4-5325-4e1e-ba37-94977894c864,CollaborativeSwarmSearch,True,centre,0.5779031,0.26800913,0.06613944,0.0015464305,0.086402,ok
6b756e5a-8e50-45c1-adb2-7404a375ae4f,CollaborativeSwarmSearch,True,bounds,0.41240722,0.0011769886,0.14195952,0.40838566,0.0360706,ok
6a955d94-32de-4d94-aaea-e446c5dc2f7a,CollaborativeSwarmSearch,True,centre,0.5779031,0.26800913,0.06613944,0.0015464305,0.086402,ok
65f98d84-2bc5-4923-b2d0-ad76874d4681,CollaborativeSwarmSearch,True,bounds,8.641115e-06,1.1174287e-11,3.8824032e-06,0.99915683,0.0008306603,ok
cec6d92f-afeb-4bde-8281-7de745b21359,CollaborativeSwarmSearch,True,bounds,0.3885633,0.0031307586,0.15127,0.39850095,0.058535002,ok
c714b7e9-76f3-426d-acac-07deb7802cdf,CollaborativeSwarmSearch,True,bounds,0.4789868,0.0010568497,0.2016255,0.2794282,0.038902648,ok
87bbcc82-46d0-454f-b015-df5259abfcd4,CollaborativeSwarmSearch,True,bounds,0.010194818,4.120352e-06,0.0027403275,0.97693694,0.010123846,ok
45ceb80d-999c-4b4b-8858-21f85e56ff91,CollaborativeSwarmSearch,True,bounds,0.45890498,0.0003980937,0.16232438,0.32242787,0.0559447,ok
1fc19f5b-2bbd-4649-823d-6a8d10b04ad0,CollaborativeSwarmSearch,True,bounds,0.29334846,0.0026247266,0.14365014,0.5230671,0.037309527,ok
aa432576-f29d-4177-8b11-709aef3bce33,CollaborativeSwarmSearch,True,bounds,0.2725922,0.0004630399,0.07556741,0.5935137,0.05786364,ok
8df5bec2-681b-4ded-9b97-24d19f31b88c,CollaborativeSwarmSearch,True,bounds,0.27615896,0.0002203538,0.08033134,0.6194056,0.023883792,ok
082fa3fc-b6f4-485b-843a-e3e5c6a1c854,CollaborativeSwarmSearch,True,bounds,0.30528444,0.0022059446,0.068416655,0.5621883,0.06190461,ok
f99a5dec-a622-49bd-ab8a-30043d0466aa,CollaborativeSwarmSearch,True,bounds,0.10444812,3.7772417e-05,0.10603553,0.77460575,0.014872904,ok
601ce281-f27a-459b-b266-c36722e078cc,CollaborativeSwarmSearch,True,bounds,0.57540274,0.0040561864,0.11721196,0.23141678,0.07191238,ok
986f717b-33f5-4bd9-b135-d97683f48f09,CollaborativeSwarmSearch,True,bounds,0.06415304,6.5367253e-06,0.012226364,0.91474235,0.008871707,ok
192c3e58-14bb-4b78-a027-394cd7d786ad,CollaborativeSwarmSearch,True,bounds,0.1134717,4.7819754e-05,0.074768916,0.7924165,0.019295081,ok
aae821ec-80c3-4446-8f11-fe04405200b0,CollaborativeSwarmSearch,True,bounds,0.10444812,3.7772417e-05,0.10603553,0.77460575,0.014872904,ok
4d770e22-acac-46ad-9b55-abd7184a64a8,CollaborativeSwarmSearch,True,bounds,0.18502167,0.00015588643,0.09437461,0.7028476,0.017600192,ok
19e8005a-5522-44e1-a4c6-95ce62c53d08,CollaborativeSwarmSearch,True,bounds,0.3349939,0.00020791873,0.091122985,0.52503765,0.04863759,ok
9918417e-a593-4e85-abcf-f391a816f11f,CollaborativeSwarmSearch,True,bounds,0.11524186,2.4280222e-05,0.097205795,0.76514924,0.02237884,ok
2cac352f-360b-41dd-bb34-6ed9c45badc1,CollaborativeSwarmSearch,True,bounds,0.12212405,2.20673e-05,0.041840177,0.81994706,0.016066564,ok
4e38d0a0-a38e-4130-b9dc-198b93e9e929,CollaborativeSwarmSearch,True,bounds,0.24100983,4.5611083e-05,0.11302874,0.60352266,0.042393126,ok
70c08124-2391-40cf-8d76-a5f8cd7d0c10,CollaborativeSwarmSearch,True,bounds,0.45362362,0.0006020578,0.10981722,0.38545313,0.05050394,ok
031330ec-4cbf-4877-baab-1ae38a9efe14,CollaborativeSwarmSearch,True,bounds,0.05678903,3.228784e-06,0.052948914,0.8769665,0.013292405,ok
19d43f72-ec8f-4a23-a061-898ecab04374,CollaborativeSwarmSearch,True,bounds,0.048579685,6.347946e-07,0.019857423,0.9115497,0.02001263,ok
d55342b1-d7fb-4841-a6e7-df378c6130dd,CollaborativeSwarmSearch,True,bounds,0.15695736,0.0001685032,0.11795503,0.7078744,0.01704471,ok
8ca05f0c-5a8c-42d9-b88d-b3ceae28f418,CollaborativeSwarmSearch,True,bounds,0.18399148,3.912392e-05,0.120127,0.64348614,0.05235638,ok
0675b8f9-9aa2-44dc-b96c-28951e77eb59,CollaborativeSwarmSearch,True,bounds,0.55978733,0.0017141713,0.17525859,0.18694338,0.076296546,ok
b34c8c7f-0c9a-42e4-b47f-8c1b9fe5f77c,CollaborativeSwarmSearch,True,bounds,0.23204207,5.960312e-05,0.109940335,0.6412623,0.016695697,ok
d5b2774d-7ecc-4ce5-8bc0-e38808dc37d9,CollaborativeSwarmSearch,True,bounds,0.22727326,6.7489265e-05,0.13722153,0.5962024,0.03923537,ok
772460c0-4536-4f38-9dff-19ea4f8c0fbb,CollaborativeSwarmSearch,False,unif,0.68906426,0.00718649,0.1391614,0.08265711,0.08193077,ok
40cb0d83-7c2c-42cf-9900-9f670f1f602e,CollaborativeSwarmSearch,False,unif,0.65425885,0.0022529117,0.17102028,0.09431541,0.07815261,ok
acb0efd9-c4c5-42a9-a4c8-b4d2d3994402,CollaborativeSwarmSearch,True,bounds,0.11558411,3.4797282e-05,0.10744747,0.7560765,0.020857025,ok
cb5f3fc7-6986-400a-88b9-699f19b2b438,CollaborativeSwarmSearch,True,bounds,0.26262626,0.00054069015,0.06327169,0.6406536,0.032907676,ok
80567531-5025-4320-baa1-73a123e38d4a,CollaborativeSwarmSearch,True,bounds,0.19307236,9.090757e-05,0.059897114,0.7238903,0.0230493,ok
61cc1040-0a9a-4b28-81fd-e54abe58650a,CollaborativeSwarmSearch,True,bounds,0.3095885,0.00016283245,0.11670462,0.53844273,0.035101358,ok
b23a7c93-632c-4ef9-b7ea-091d974acf2e,CollaborativeSwarmSearch,True,bounds,0.16514711,0.00019901467,0.14067023,0.5876398,0.10634379,ok
2d5e8f53-1d15-444e-b60d-88cb49408a01,CollaborativeSwarmSearch,True,bounds,0.05422371,2.9848059e-06,0.026010642,0.89140147,0.028361168,ok
b69db86c-3e36-48c9-aa63-934b819572bf,CollaborativeSwarmSearch,False,unif,0.5776818,0.00059347,0.18276823,0.17752768,0.061428785,ok
cc636521-ba26-4fea-add4-a2d52f470297,CollaborativeSwarmSearch,True,bounds,0.18184197,2.4966468e-05,0.07797553,0.71276635,0.02739121,ok
76c5c652-f97b-434b-a367-2b75d307cd63,CollaborativeSwarmSearch,True,bounds,0.07256407,6.5092254e-06,0.028495466,0.86999196,0.028941918,ok
a1d472a5-c92b-4852-9678-df5da7611f38,CollaborativeSwarmSearch,True,bounds,0.11558411,3.4797282e-05,0.10744747,0.7560765,0.020857025,ok
3780aace-c3fb-4a0e-be39-7cf364d42bfd,HybridPSO_DE,False,unif,0.6413162,0.0063685104,0.22807893,0.058894046,0.06534232,ok
1b1e4a5f-c65a-4d08-89ea-5d70d23d31a1,HybridPSO_DE,False,unif,0.6717322,0.0054851463,0.21088731,0.06486342,0.047031943,ok
98dfafb0-b9b1-40a4-b35a-8e9ac9ce34c9,HybridPSO_DE,False,unif,0.76710093,0.026753822,0.10230354,0.055531196,0.048310544,ok
ef5d1247-7693-46ee-9270-2eee8f6646da,HybridPSO_DE,False,unif,0.7177761,0.03215405,0.14284052,0.050756346,0.056472994,ok
a2aa5911-3438-4b5a-ad6f-50e0a848554d,HybridPSO_DE,False,unif,0.78441703,0.026307698,0.098532654,0.04407973,0.04666283,ok
2c13d184-a02b-40f3-88f4-48dbb74b6d67,CollaborativeSwarmSearch,True,bounds,0.1350459,3.1756765e-05,0.065301284,0.7702439,0.029377172,ok
8fec3063-252e-4758-90bf-1e7c06ed73e1,CollaborativeSwarmSearch,True,bounds,0.23784594,0.00042279763,0.15497643,0.57684624,0.029908668,ok
8f26488f-1093-4ae3-b81b-ae85bb196e78,CollaborativeSwarmSearch,True,bounds,0.25902835,0.0007956542,0.05531302,0.59559774,0.089265205,ok
d94a6bd9-39f8-4d33-a8d1-5725fecaa449,CollaborativeSwarmSearch,True,bounds,0.16590834,6.491523e-05,0.05451811,0.7611939,0.018314753,ok
2ebf2e6a-6b82-4a46-8069-5adcd53df392,HybridPSO_DE,False,unif,0.74541205,0.012556428,0.1299321,0.061968815,0.050130557,ok
65f48bf2-9771-4ccc-909b-2ff1da9b34ef,HybridPSO_DE,False,unif,0.7724005,0.0139663685,0.12798645,0.01746601,0.06818063,ok
6094f493-9308-4dbf-b565-dd70a9b24c04,HybridPSO_DE,True,disc,0.5985298,0.034853037,0.1943407,0.09402182,0.07825462,ok
48a3d0d1-d982-4ccf-aaa0-9120427c0c2a,HybridPSO_DE,False,unif,0.71866125,0.018412663,0.18325189,0.03145489,0.04821933,ok
3f661715-c58d-4f6b-a75e-f57bb6ab9116,HybridPSO_DE,False,unif,0.79278207,0.015252526,0.10420712,0.014484601,0.07327366,ok
ce6ecf9e-4efa-4b15-ab0c-4157711238d6,HybridPSO_DE,False,unif,0.74275357,0.03569437,0.14698087,0.036310434,0.038260777,ok
5effba22-9d38-4622-928f-255974b44768,HybridPSO_DE,False,unif,0.7755185,0.041598838,0.09213613,0.037616782,0.053129785,ok
48050891-ecb3-486e-a656-1303ae2dd94b,HybridPSO_DE,False,unif,0.724121,0.02034423,0.17040132,0.041998602,0.043134917,ok
c90b5e6d-a87b-48ec-80dd-4248a39bb0f0,HybridPSO_DE,False,unif,0.73721737,0.010506857,0.15405537,0.050769687,0.047450606,ok
d443b7e1-bc1a-40a3-b376-3b7de16ff774,HybridPSO_DE,False,unif,0.7206978,0.12036063,0.07259968,0.029818019,0.05652387,ok
2c2c80f4-1381-406e-a92e-f54c9ea2dfb6,HybridPSO_DE,False,unif,0.7007604,0.0072811306,0.16542265,0.07075115,0.055784643,ok
eda8252f-22db-48a0-bb27-d4409d0bf3e6,HybridPSO_DE,False,unif,0.7289567,0.016759474,0.1753585,0.03739088,0.04153446,ok
79331a34-4e83-4945-8fb1-195e56768595,HybridPSO_DE,False,unif,0.80299586,0.025726551,0.093434945,0.013230997,0.06461168,ok
7a7e033a-af00-4fbe-b556-9f25cc97718f,HybridPSO_DE,False,unif,0.7317617,0.011430455,0.14906602,0.06580235,0.041939486,ok
7500f3c0-25f8-401f-a672-649a0189258d,HybridPSO_DE,False,unif,0.7615,0.009398415,0.13544872,0.017400894,0.07625191,ok
33e5b281-3d4c-43a3-8c3d-4deb4fb37946,HybridPSO_DE,False,unif,0.7391468,0.02383677,0.13375887,0.04233803,0.060919456,ok
1c227beb-0862-45d8-a9e9-ef3b038534dc,HybridPSO_DE,False,unif,0.724121,0.02034423,0.17040132,0.041998602,0.043134917,ok
21e7ee07-03bd-4b14-b97f-2ca1f474fa65,HybridPSO_DE,False,unif,0.7334361,0.016814576,0.16858755,0.039223015,0.041938722,ok
49ec729e-8604-4cb7-b924-f97f4726efb4,HybridPSO_DE,False,unif,0.7442881,0.020822782,0.15218894,0.039143074,0.043557085,ok
37535fdc-2329-4d46-85b2-3b79d5fa6888,HybridPSO_DE,False,unif,0.7250236,0.057265066,0.11362591,0.04941071,0.054674678,ok
1c6c5167-5aea-4079-84aa-c26a949d7209,HybridPSO_DE,False,unif,0.7334361,0.016814576,0.16858755,0.039223015,0.041938722,ok
b8686272-89a5-400f-a5c3-ee66a030cf82,HybridPSO_DE,False,unif,0.7438153,0.020676848,0.13035622,0.056135118,0.049016528,ok
c7980326-b934-4840-afee-01e936f9688d,HybridPSO_DE,False,unif,0.7204703,0.04626777,0.1307915,0.04149202,0.060978435,ok
5d6d28b7-f14b-47c9-82cd-2bfa9eb2dfc6,HybridPSO_DE,False,unif,0.7334361,0.016814576,0.16858755,0.039223015,0.041938722,ok
85b14ed0-86fd-4478-8ee0-9c4f058faa12,HybridPSO_DE,False,unif,0.6795522,0.009792255,0.14684919,0.093693905,0.070112444,ok
9271e7a8-54b8-4777-b232-e6bc2f1fef5c,HybridPSO_DE,False,unif,0.75912726,0.026911732,0.12558994,0.037887275,0.050483815,ok
3704ed48-bafd-4cf6-8c1c-8adbc065657f,HybridPSO_DE,False,unif,0.7136008,0.015319778,0.15842001,0.05494358,0.057715833,ok
81b5250c-340c-4866-8865-bc8921f767a0,HybridPSO_DE,False,unif,0.7334361,0.016814576,0.16858755,0.039223015,0.041938722,ok
cbd14ef0-f856-49df-8d98-c13ae3f295ea,HybridPSO_DE,False,unif,0.7580594,0.03106499,0.121193804,0.03385117,0.055830598,ok
5daa1c04-c6ea-4992-9af9-293b7bafd43d,HybridPSO_DE,False,unif,0.78530157,0.027926203,0.098165914,0.042427648,0.046178676,ok
59a63354-28fd-4395-b065-05f2c2ca6de9,HybridPSO_DE,False,unif,0.7573948,0.03756732,0.09948065,0.039271336,0.06628589,ok
63db6f79-8ca8-45ea-be78-98d3494cccff,HybridPSO_DE,False,unif,0.7334361,0.016814576,0.16858755,0.039223015,0.041938722,ok
c1846b49-eb44-4852-adfb-33ee40ed0836,HybridPSO_DE,False,unif,0.7992059,0.02797476,0.08226292,0.043895796,0.046660595,ok
990a96f0-9a83-4467-9ee3-13c3e2af8fda,HybridPSO_DE,False,unif,0.71866125,0.018412663,0.18325189,0.03145489,0.04821933,ok
4c9239f3-9a97-4f47-9755-84af022ae237,HybridPSO_DE,False,unif,0.75912726,0.026911732,0.12558994,0.037887275,0.050483815,ok
02565a5f-28cd-42df-8654-51b09838fe5d,HybridPSO_DE,False,unif,0.78529346,0.037050046,0.08728664,0.04042366,0.04994624,ok
8a245a7b-65c1-4970-8e9c-28e1615e56e4,HybridPSO_DE,False,unif,0.72874296,0.009942554,0.16205646,0.055580683,0.04367736,ok
43b4f157-9e98-4e02-91c3-adfd784fdeda,HybridPSO_DE,False,unif,0.7334361,0.016814576,0.16858755,0.039223015,0.041938722,ok
4696dde5-5fd8-4d1f-b3b6-76fc67e37305,HybridPSO_DE,False,unif,0.73178387,0.017303264,0.16228332,0.04217713,0.046452485,ok
59b5bf1f-2376-4bc0-a11f-5fa61e48b6cc,HybridPSO_DE,True,centre,0.63796103,0.20429714,0.06291018,0.008442463,0.08638914,ok
e3bd2502-3a3a-45fa-8c05-b150455730f0,HybridPSO_DE,False,unif,0.7473922,0.046174794,0.1289468,0.0150737865,0.06241241,ok
382fab9d-be71-4b4d-9355-8b4314ac85d9,HybridPSO_DE,False,unif,0.7790315,0.0412762,0.10616659,0.020932272,0.052593447,ok
0736c804-2ee6-4b9a-852b-991c45e50578,HybridPSO_DE,False,unif,0.69720083,0.14939606,0.06677231,0.01359695,0.073033854,ok
560f334c-46b1-44a9-bcc3-f53634dfaaac,HybridPSO_DE,False,unif,0.7790315,0.0412762,0.10616659,0.020932272,0.052593447,ok
3ada0aef-9767-4556-838d-f57c6ce4950f,HybridPSO_DE,True,centre,0.6489204,0.17340663,0.08513505,0.006599867,0.08593805,ok
b29d91e5-7d77-436a-857f-1e3dbde54bf1,HybridPSO_DE,True,centre,0.6033546,0.2300554,0.06908862,0.004230503,0.09327093,ok
4d14bfa7-987b-481b-a9a4-6fa312d20698,HybridPSO_DE,True,centre,0.6207827,0.22197855,0.062166512,0.0074634207,0.087608896,ok
421a5302-e0a8-4564-8220-7abb8df0543b,HybridPSO_DE,True,centre,0.59742343,0.23107108,0.075202376,0.00425429,0.09204878,ok
1ff41c76-a775-4ca8-a7d9-fd06c4eefe92,HybridPSO_DE,True,centre,0.6207253,0.1942954,0.0914828,0.009243777,0.08425273,ok
8c61f198-ba63-4322-80f6-a92bbf1ae174,HybridPSO_DE,True,centre,0.5994636,0.23659304,0.07319639,0.005096566,0.085650496,ok
a28c3083-d29a-4a6d-b8f9-d9743908faf9,HybridPSO_DE,True,centre,0.5068697,0.30333927,0.09363133,0.0025234544,0.093636215,ok
88df6203-92da-4074-8725-a1429cf4942c,HybridPSO_DE,True,centre,0.6207253,0.1942954,0.0914828,0.009243777,0.08425273,ok
2bc87e5f-9706-4802-962a-94a335e43449,HybridPSO_DE,False,unif,0.7254776,0.0926196,0.09342603,0.0009167312,0.087560154,ok
ed274c32-336b-4d6f-9aa0-97fe15c6aafe,HybridPSO_DE,True,centre,0.5758352,0.27078888,0.063701555,0.0034329272,0.086241394,ok
8bc48135-c2c5-4e53-9ad9-aa94ff8071bb,HybridPSO_DE,True,centre,0.5997207,0.24428666,0.060022622,0.004861522,0.09110843,ok
37c1a8c4-4201-4738-9528-3c09c1161e48,HybridPSO_DE,True,centre,0.60153884,0.23112133,0.06960977,0.004420087,0.093309954,ok
217dcb42-c2ae-4df9-a1ce-5f2ff4b473db,HybridPSO_DE,True,centre,0.6225918,0.22080362,0.062189884,0.0074994476,0.08691527,ok
867884dc-7712-4317-a8ec-545ebc177740,HybridPSO_DE,True,centre,0.56270164,0.22847435,0.11228927,0.0037073537,0.09282736,ok
d040b7a7-bb61-4df0-8874-d24642826949,HybridPSO_DE,True,centre,0.63312936,0.20252967,0.07001911,0.008296182,0.08602567,ok
faa1bf41-240a-4aa1-b6ca-a8a01f62f478,HybridPSO_DE,True,centre,0.6048976,0.23400398,0.06670041,0.0037564156,0.0906416,ok
e45ea119-f528-4771-ad16-3bf42327f9c2,HybridPSO_DE,True,centre,0.6013905,0.23020859,0.07150428,0.004230218,0.09266649,ok
1c76afd6-9f6c-4002-8958-3042185455c7,HybridPSO_DE,True,centre,0.6023046,0.22899917,0.070999034,0.004194205,0.09350301,ok
98c58f26-aa54-42db-b0bc-9d172e6f29a6,HybridPSO_DE,True,centre,0.6395203,0.21783093,0.063991316,0.0022359958,0.07642147,ok
7bda49cb-c794-4a9d-a5b4-12378aace2dc,HybridPSO_DE,True,centre,0.6353587,0.20812657,0.07003018,0.006368222,0.0801163,ok
98d1d682-92cc-4965-a308-6c65d80c85c9,HybridPSO_DE,False,unif,0.77723074,0.024262017,0.110991284,0.031783678,0.055732347,ok
e0ba07f7-1b62-4901-b247-852691c9b6b9,HybridPSO_DE,True,centre,0.6863526,0.16635863,0.059523366,0.011425173,0.07634018,ok
eeee1402-d765-472e-97e3-43a5906ab859,HybridPSO_DE,False,unif,0.6162108,0.1310457,0.136431,0.0056409687,0.110671535,ok
ce960e74-c1ee-4a34-a259-25f3784bdd4e,HybridPSO_DE,False,unif,0.78834,0.019292768,0.11831312,0.017512394,0.056541692,ok
019012f8-80cc-4119-b23f-46d47e4ad6bf,HybridPSO_DE,False,unif,0.70296276,0.009685926,0.1858474,0.035129003,0.06637498,ok
b61b4451-9b65-4848-af59-879b446b1e10,HybridPSO_DE,False,unif,0.6546444,0.18039301,0.08064241,0.0025090051,0.081811056,ok
c7dea934-40d3-4580-a6c3-84b87ddc6549,HybridPSO_DE,False,unif,0.7227814,0.12120414,0.08398835,0.008515994,0.06351008,ok
cd4ec841-c558-4052-90bf-fcce8626e1c8,HybridPSO_DE,False,unif,0.7341433,0.01402699,0.17735037,0.027837928,0.046641428,ok
4fe27401-26e3-42b7-972e-355cb4c542ca,HybridPSO_DE,False,unif,0.67517483,0.14769915,0.06365517,0.0033949339,0.110075936,ok
e880d745-213d-4ee1-ae32-c1fa5e0c187f,HybridPSO_DE,False,unif,0.6762628,0.005075868,0.20663185,0.048336804,0.063692644,ok
066c2b6e-4f61-4a27-b5fe-0a82c9980f5a,HybridPSO_DE,False,unif,0.7004851,0.13876645,0.08961738,0.0039168946,0.06721414,ok
39a2ccfd-4dfd-4083-ba18-631dc7833ee0,HybridPSO_DE,False,unif,0.6507026,0.15411286,0.08979194,0.0034499008,0.10194268,ok
e5240468-ded8-44c0-9fa6-8fd54dea7067,HybridPSO_DE,False,unif,0.77157176,0.052274447,0.09633178,0.0066774017,0.07314456,ok
e00b98dd-9dfc-4948-bdc5-68bc0daa44e7,HybridPSO_DE,False,unif,0.71939087,0.10309845,0.10923225,0.0073165894,0.060961884,ok
8232bd21-2c9c-4643-a6ac-0bdad42eb8ce,HybridPSO_DE,True,disc,0.61483,0.13158184,0.13753326,0.005983448,0.11007138,ok
ab987d5f-fa1e-41f9-8e43-a9aeba196f73,HybridPSO_DE,False,unif,0.7813376,0.0070174113,0.14464313,0.017568214,0.04943364,ok
583dcd34-133f-4199-9a61-4860ae5eda1f,HybridPSO_DE,True,disc,0.702206,0.0042545395,0.1420511,0.09646423,0.05502414,ok
19f6e0fa-f298-4c0b-8984-f4e70a5d7b99,HybridPSO_DE,False,unif,0.78708386,0.05549709,0.07892443,0.008108617,0.07038599,ok
b2689efd-32f0-485a-b949-5ed142d8bb0d,HybridPSO_DE,False,unif,0.7371002,0.11594385,0.07046236,0.0068428805,0.069650754,ok
d7db80ea-7355-4695-99aa-3f7cca4230b5,HybridPSO_DE,True,disc,0.69986844,0.10800771,0.112158515,0.0047922293,0.075173154,ok
517971bf-1586-4e08-bdcd-9fed2f30a023,HybridPSO_DE,False,unif,0.6744493,0.10734858,0.14177114,0.011495782,0.06493511,ok
b14c9020-b91e-4545-ad97-b63e0a07435d,HybridPSO_DE,False,unif,0.68880737,0.11011143,0.10055063,0.005826011,0.09470463,ok
e9fe00a8-e1da-445e-87e6-1c3308e45594,HybridPSO_DE,False,unif,0.669695,0.0036883992,0.2201014,0.046692718,0.05982247,ok
8b452778-f93a-43fa-8741-85eb1f4f716c,HybridPSO_DE,False,unif,0.6700629,0.15035789,0.088118315,0.005975818,0.08548506,ok
a18e741d-95b2-4e0e-94bf-6b286d30a4a1,HybridPSO_DE,False,unif,0.8043043,0.03033346,0.08295319,0.009196195,0.073212795,ok
bb3974ad-6654-4554-b621-ccba170d6d99,HybridPSO_DE,False,unif,0.6673583,0.17111538,0.06942468,0.0028750068,0.08922656,ok
32b5258c-8a25-4d07-9c51-9b3e6543a1fd,HybridPSO_DE,True,centre,0.6710533,0.124421164,0.11980554,0.004700984,0.08001902,ok
58b25797-6eed-49bf-879d-8e44886fa8f7,EnhancedSwarmOptimizer,False,unif,0.6608535,0.16573785,0.09652575,0.004134742,0.07274812,ok
57ec9a62-4323-4ae3-a4eb-0738d96916b1,AdaptiveMultimodalExplorer,True,bounds,0.19485363,2.8371194e-05,0.1068771,0.6332259,0.06501494,ok
dbf5295c-b988-465a-a465-cb5a72e6bb74,DynamicSwarmIntelligenceEnhancer,True,bounds,0.09859578,1.2472042e-05,0.03815209,0.8517705,0.011469209,ok
1ecf0ce3-8b0e-437e-8e55-b9e797e2a394,AdaptiveMultimodalExplorer,True,bounds,0.0063585714,1.3034251e-07,0.005721085,0.98253536,0.005384827,ok
f5b2c966-804a-4a3f-bbf6-6916b90fc24f,AdaptiveNeighborhoodExplorer,True,bounds,0.10212088,8.087134e-06,0.10999133,0.7702087,0.01767097,ok
a1faeca0-7149-4d90-8aab-124262fbc4b5,EnhancedChaoticDifferentialEvolution,True,bounds,0.2822511,0.002076235,0.19106561,0.36353198,0.16107515,ok
d8cfedbf-7dd7-4485-8ecd-1906ca872f4d,HybridPSOSA,True,bounds,0.08198131,1.7331338e-06,0.08453462,0.7841691,0.04931327,ok
f3b0e2e0-dfd0-48c8-90d1-1a2bb48d47c1,HybridPSOSA,True,bounds,0.0847192,2.6260082e-06,0.085575685,0.7740456,0.055656917,ok
154acd53-e187-4bc5-a776-2695172a8a5d,HybridPSOSA,True,bounds,0.28883982,0.00013921074,0.16783051,0.47867545,0.06451496,ok
3fa42654-6ed0-46eb-b6f3-bf161a1e3664,QuantumAdaptiveSwarmOptimizer,False,unif,0.64902955,0.0013673188,0.2696646,0.039682936,0.040255573,ok
d550f07c-0af6-4050-acf0-1fe78b663c68,AdaptiveMultiSwarmOptimizer,True,bounds,0.06679807,8.484909e-06,0.030906176,0.8893856,0.012901692,ok
4163596a-52e7-4f5b-a001-c49efd8a2878,RefinedDynamicSwarmOptimizer,True,bounds,0.013534417,4.3337074e-08,0.01006381,0.9698393,0.006562438,ok
5d9d579f-bf9c-4cb1-80b1-be420118f460,AdaptiveDynamicSwarmOptimizer,True,bounds,0.38194284,0.0008888771,0.14955124,0.4098943,0.057722777,ok
e95f227e-4100-402c-86bd-b186cf79e58e,AdaptiveDynamicSwarmOptimizer,True,bounds,7.4881655e-06,3.222287e-12,1.9978512e-05,0.99973357,0.0002390334,ok
c909dca0-30a4-44e6-89b6-0b7b0b247e73,EnhancedDynamicSwarmOptimizer,True,bounds,0.048304252,1.7799584e-06,0.021294089,0.9109081,0.019491808,ok
e2c89de5-2b77-4d6e-869f-bf002bf3e9df,EnhancedAdaptiveMultimodalExplorer,True,bounds,0.025355186,3.8715385e-07,0.07873584,0.8851266,0.010781998,ok
685238d2-55d1-4ff0-ac0e-7f471d535d7d,HybridDynamicPSO,True,bounds,0.13512096,0.00034194277,0.054462682,0.795292,0.014782345,ok
93078497-cb31-43c3-b81a-57a5266f121c,EnhancedAdaptiveMultimodalExplorer,True,bounds,0.016908154,1.2834997e-07,0.0059842356,0.9623631,0.014744434,ok
93f13b27-d39e-4d9e-be49-1ef26ec6733e,HybridAdaptiveExplorer,True,bounds,0.22839789,4.11735e-05,0.13129625,0.6107703,0.029494438,ok
4b38fe37-1e0f-4d64-a8f2-450f65e0052b,EnhancedAdaptiveMultimodalExplorer,True,bounds,0.1595965,2.0445503e-05,0.15457901,0.6514203,0.034383766,ok
113cb380-865a-422a-be30-3f82a87469e5,RefinedHybridPSO_DE,True,bounds,0.36212176,0.0006762109,0.16103113,0.4175887,0.058582205,ok
4686322b-a62f-4af5-b98c-24a279fc1bfa,EnhancedHybridPSO_DE_Adaptive,True,bounds,0.45229182,0.0024656667,0.101112105,0.407646,0.03648446,ok
df1a41ae-3e04-4a6f-92ff-4f6a6986c45b,DynamicSwarmOptimizer,False,unif,0.7053601,0.05909606,0.13053344,0.029652053,0.07535831,ok
dcd022b6-5a51-41df-8ed5-23f250309c4c,AdvancedMultiSwarmHybridOptimizer,True,bounds,0.15103689,2.6757136e-05,0.14769289,0.65155166,0.049691834,ok
5588e7fc-835d-427f-b11f-90d8010fa1fd,DynamicSwarmOptimizer,True,bounds,0.20960589,0.0016037853,0.0913912,0.66651267,0.030886427,ok
88883cf7-b70d-4b98-85af-b2629ce7a1f2,HybridSimulatedAnnealingPSO,True,bounds,0.30182987,0.0011798621,0.10865662,0.5446276,0.043706086,ok
353d3d71-9e97-47c0-8f25-59c190e89fad,EnhancedDynamicSwarmOptimizer,True,bounds,0.29300785,0.0030861753,0.06537758,0.5960506,0.042477764,ok
417c05b0-8768-4ae6-b978-628fe601f114,DynamicSwarmOptimizer,True,bounds,0.083223514,2.098013e-05,0.055963386,0.8468326,0.013959552,ok
fb1d2f13-084d-4440-989d-ad8934c05ae7,DynamicSwarmOptimizer,True,centre,0.07370272,0.76991856,0.0063848794,3.2972398e-06,0.14999053,ok
2be28591-050c-49c3-ac5b-e7037d90fe47,AdaptiveMultiPhaseSwarmOptimizer,True,centre,0.02814829,0.77100164,0.0016118971,2.0226146e-07,0.19923799,ok
83e6be81-db6a-4c3a-85e6-764e2fdc2209,EnhancedAdaptiveMultiPhaseSwarmOptimizer,True,centre,0.035019346,0.7750665,0.0028960786,1.8958107e-07,0.18701799,ok
dad073e4-eb88-4bf6-b662-a895dc491e21,DynamicSwarmOptimizer,True,centre,0.084536195,0.7841778,0.0072716465,2.7328128e-06,0.12401161,ok
bf543e4f-c296-47dc-86ea-48210b1148bb,AdaptiveHybridSwarmOptimizer,True,gaps/clusters,0.16122393,0.0073766513,0.018471504,0.0022964182,0.81063145,ok
04c36019-ff15-440f-9bd8-578053d5da97,AdaptiveMultiPhaseSwarmOptimizer,True,centre,0.023615299,0.7859236,0.0013376909,5.192025e-08,0.18912342,ok
e56a0725-10ba-443c-8a45-fbaedcfff87d,AdaptiveMultiPhaseSwarmOptimizer,True,centre,0.07371148,0.7329335,0.0046728207,1.6231581e-06,0.18868054,ok
416e5508-5141-448f-a7c4-c52d85fe2775,AdaptiveMultiPhaseSwarmOptimizer,True,centre,0.02741833,0.78887844,0.001434775,9.7908654e-08,0.18226835,ok
8bb7071c-bf25-4db8-98a6-e707c146f115,AdaptiveMultiPhaseSwarmOptimizer,True,centre,0.013814913,0.7764792,0.00049177115,1.8657037e-08,0.20921405,ok
b725d528-6f34-4138-bc65-450864781d1c,AdaptiveMultiPhaseSwarmOptimizer,True,centre,0.037443135,0.78443176,0.0022296563,1.772917e-07,0.1758953,ok
19d4c06d-4b48-46c5-8bcc-126d1c8c178e,EnhancedAdaptiveMultiPhaseSwarmOptimizer,True,gaps/clusters,0.21502884,0.38044167,0.015174034,0.0007368107,0.38861865,ok
ae0116b9-76c8-433a-8967-d497d280d6f1,AdaptiveClusteredSwarmOptimization,False,unif,0.6903931,0.053593837,0.108618535,0.009228482,0.13816617,ok
71c2579e-1dba-4603-8c6f-e711f0399a8f,EnhancedAdaptiveMultiPhaseSwarmOptimizer,True,centre,0.02399549,0.7861027,0.0012761856,5.0267897e-08,0.1886256,ok
e560caed-9a39-4a38-85e0-008a4bb10da7,DynamicPhaseTransitionSwarmOptimizer,True,centre,0.03550269,0.767959,0.0019597213,2.7307064e-07,0.19457833,ok
171f47b0-192a-4c20-bb14-e73a8eb42df5,DynamicPhaseTransitionSwarmOptimizer,True,centre,0.024047613,0.5783277,0.0012171383,5.336973e-06,0.3964022,ok
f56b249b-13ba-4bba-9855-93a293d3d293,AdaptiveNeighborhoodSwarmOptimizer,True,centre,0.1745964,0.5244452,0.040212803,3.024488e-05,0.26071534,ok
ac80dce8-fe36-4b36-8421-95f1ffd6d6ba,DynamicPhaseTransitionSwarmOptimizer,True,centre,0.006066042,0.7804035,0.00023188088,4.1258406e-09,0.2132986,ok
017d3981-4ed3-4a18-8c7c-1c294a299511,DynamicPhaseTransitionSwarmOptimizer,True,gaps/clusters,9.0022183e-07,1.5429615e-07,1.050046e-06,1.435045e-08,0.9999979,ok
802628c5-14ab-4caf-bf5f-95273f9bf512,DynamicPhaseTransitionSwarmOptimizer,True,centre,0.03188962,0.7659864,0.0016018581,1.7402635e-07,0.20052202,ok
7ad2ba5d-5020-4049-b1cb-1d07dd7ee354,DynamicPhaseTransitionSwarmOptimizer,True,centre,0.044053264,0.7535916,0.0028295848,4.1622638e-07,0.19952518,ok
29027062-05f8-438f-96e9-34721fe417d8,DynamicPhaseTransitionSwarmOptimizer,True,centre,0.035174478,0.7665347,0.0016857178,2.6476715e-07,0.19660488,ok
c1a19a83-0770-4a64-8cac-f687027a6912,DynamicPhaseTransitionSwarmOptimizer,True,centre,0.033842914,0.7683002,0.0017225326,2.1929705e-07,0.19613412,ok
577a103e-b017-4ebf-a2f9-53e692480710,DynamicPhaseTransitionSwarmOptimizer,True,centre,0.009282714,0.8877754,0.00031533703,2.5145067e-07,0.10262637,ok
d48e8602-66b8-4026-9687-55360f8f375a,EnhancedDynamicPhaseTransitionSwarmOptimizer,False,unif,0.7784241,0.03493617,0.1091734,0.019562159,0.057904154,ok
3fd3081d-90f3-49cf-9e52-f58cfb1d6ce9,EnhancedDynamicPhaseTransitionSwarmOptimizer,True,centre,0.03436116,0.74734956,0.002377174,2.3194161e-07,0.2159119,ok
cb23f1b9-5b84-4369-bcc2-2af3cc572351,DynamicPhaseTransitionSwarmOptimizer,True,centre,0.018057246,0.77209604,0.0007872845,3.9861487e-08,0.2090594,ok
a1095e62-d534-4fb9-992d-8bb5c2bed5de,DynamicPhaseTransitionSwarmOptimizer,True,centre,0.043913983,0.7938246,0.002096756,2.6666767e-06,0.16016194,ok
79eddee5-39ad-4528-9785-9b1707830076,DynamicPhaseTransitionSwarmOptimizer,True,centre,0.05154685,0.741018,0.002136378,7.3425514e-07,0.20529795,ok
f406704c-bfd1-4045-9874-c4a3e3431c69,DynamicPhaseTransitionSwarmOptimizer,True,centre,0.04079324,0.80422246,0.0034556084,2.0026553e-06,0.15152672,ok
21de28f9-91d9-4679-8559-f44271b4fcec,DynamicPhaseTransitionSwarmOptimizer,True,centre,0.03875162,0.7726847,0.001878076,2.5892473e-07,0.18668534,ok
95a4e818-0334-45df-9bc4-c0b76a49e50a,AdaptiveMemorySwarmOptimizer,True,gaps/clusters,6.3147114e-09,6.9000534e-06,9.91258e-10,2.212648e-07,0.99999285,ok
f45241c6-244e-4ec7-a74e-4242784d14ee,DynamicPhaseTransitionSwarmOptimizer,True,centre,0.05420674,0.79404914,0.0029914598,3.8352455e-06,0.14874887,ok
196533d7-1d78-4947-ab04-90f3a13b0f75,DynamicPhaseTransitionSwarmOptimizer,True,centre,0.039836034,0.79580843,0.0025402766,1.6577244e-06,0.1618136,ok
4e2c1f95-9aad-4b44-89f4-215f407dae0b,DynamicPhaseTransitionSwarmOptimizer,True,centre,0.008539583,0.81518805,0.00058164186,1.8068928e-08,0.17569073,ok
c6966a71-d14b-4103-ad48-629bdca67348,EnhancedDynamicSwarmOptimizer,True,centre,3.0167435e-08,0.58712953,5.223847e-10,1.2946868e-19,0.4128704,ok
e4b0aac0-dce5-4122-969c-1b2543dd1d3c,EnhancedDynamicSwarmOptimizer,True,centre,0.0142427785,0.78402936,0.00078980066,5.8928066e-08,0.20093808,ok
52de413c-7d38-4140-94c7-092e159afd2f,DynamicPhaseTransitionSwarmOptimizer,True,centre,0.04800617,0.7814038,0.0032266385,4.8168213e-06,0.16735855,ok
8f0ecaa2-da22-42f9-b495-7e2561b7c3f5,DynamicPhaseTransitionSwarmOptimizer,True,centre,0.024168847,0.79449373,0.0017861377,6.166043e-08,0.17955124,ok
e5723cc1-999e-444a-97c0-e31c9236f59e,DynamicPhaseTransitionSwarmOptimizer,True,centre,0.04889551,0.7898327,0.0021165311,1.6918099e-06,0.15915361,ok
9181cad7-d931-41b6-a516-5f4bbc4c1792,DynamicPhaseTransitionSwarmOptimizer,True,centre,0.043589357,0.7882231,0.002468233,2.5470745e-06,0.1657168,ok
33c3199a-39cc-42f3-9c45-c7630659b16d,EnhancedDynamicPhaseTransitionSwarmOptimizer,True,centre,0.0008481755,0.82570267,2.5132354e-05,1.55983e-11,0.17342404,ok
5384b4db-5fcc-4748-b943-678e35c7bf93,DynamicPhaseTransitionSwarmOptimizer,True,centre,0.026765838,0.8119811,0.0010692037,8.888529e-07,0.16018294,ok
8ebc51d9-2f73-4b8c-ae87-664e0c690f20,DynamicPhaseTransitionSwarmOptimizer,True,centre,0.043913983,0.7938246,0.002096756,2.6666767e-06,0.16016194,ok
4cb3d0e0-5846-4009-a492-cf3eb27dc621,DynamicPhaseTransitionSwarmOptimizer,True,centre,0.043913983,0.7938246,0.002096756,2.6666767e-06,0.16016194,ok
aadb3f24-0699-4a22-b7da-d42252d26bed,DynamicPhaseTransitionSwarmOptimizer,True,centre,0.0456012,0.7863122,0.0023745135,1.0028577e-06,0.16571102,ok
afd4a4ec-367a-4d3b-b6a3-a2cccbbc3081,AdaptiveVelocityDiversitySwarmOptimizer,True,gaps/clusters,6.0782015e-09,0.29811025,3.6141378e-11,2.057262e-21,0.70188975,ok
7ecb3a45-e291-492b-bc92-402a0e3b2bd4,AdaptivePhaseTransitionSwarmOptimizer,False,unif,0.7130874,0.014663266,0.18780954,0.01743316,0.06700671,ok
50e496fd-98eb-45dd-be23-ffc9cefbc53e,DynamicPhaseTransitionSwarmOptimizer,True,centre,0.047827672,0.7816044,0.0025012973,1.1603286e-06,0.16806547,ok
02d36d02-87a4-4720-9d48-9fa54f3186ab,DynamicPhaseTransitionSwarmOptimizer,True,centre,0.013601385,0.8039606,0.0008369996,5.032674e-08,0.18160097,ok
b81a4fb9-dc11-4c28-8ad4-a1ac3ab76213,DynamicPhaseTransitionSwarmOptimizer,True,centre,0.047373176,0.7582283,0.0053705573,1.3455311e-06,0.18902662,ok
d99e6784-6fcb-4b75-8449-efa4c7e3b96a,DynamicPhaseTransitionSwarmOptimizer,True,centre,0.042980254,0.7766087,0.0031836382,1.5557227e-06,0.17722586,ok
1effaf5a-c1e6-4d58-ad70-2a8d8ff019aa,DynamicPhaseTransitionSwarmOptimizer,True,centre,0.13461943,0.67033577,0.009583096,1.767231e-05,0.18544401,ok
decdfa57-7ae8-405e-9c08-57a3313245c7,DynamicPhaseTransitionSwarmOptimizer,True,centre,0.04157344,0.7704664,0.0023620878,8.8925026e-07,0.1855972,ok
6d2be848-83fe-4dbd-a784-9df8cf1d199d,DynamicPhaseTransitionSwarmOptimizer,True,centre,0.04430624,0.78905636,0.0024604697,7.751456e-07,0.1641762,ok
1fa1d16a-8278-4695-9c39-e2a0d0eb259b,AdaptiveDynamicNeighborhoodSwarmOptimizer,False,unif,0.76818913,0.019998418,0.14218804,0.0045069344,0.06511743,ok
abc8e798-cda7-4dc6-8456-3612417a148a,DynamicPhaseTransitionSwarmOptimizer,True,centre,0.027701274,0.81693524,0.002351826,3.988874e-07,0.15301126,ok
592a9341-b478-46fb-9321-37a384736f1a,DynamicPhaseTransitionSwarmOptimizer,True,centre,1.6913935e-05,0.7249503,3.1781346e-07,3.992439e-15,0.27503258,ok
84535a68-37e2-462d-ad9e-347c08f51392,RefinedDynamicPhaseTransitionSwarmOptimizer,True,centre,0.03550269,0.767959,0.0019597213,2.7307064e-07,0.19457833,ok
9aa74bbf-0b72-4d8c-96bc-35e7d3bee2d7,DynamicPhaseTransitionSwarmOptimizer,True,centre,0.0025577107,0.85135424,0.00012549259,1.4539128e-09,0.14596255,ok
af6dc2ac-0a97-4cdc-9aea-a47a61a01c5b,DynamicPhaseTransitionSwarmOptimizer,True,centre,0.0403888,0.747494,0.0027091352,2.551258e-07,0.20940784,ok
1c0654a7-c2e1-46de-830e-3ae434ae785e,DynamicPhaseTransitionSwarmOptimizer,True,centre,0.047081165,0.77687705,0.0020146533,1.3969973e-06,0.17402571,ok
e25c6295-7fa6-43c1-8843-814ac9be6f2a,DynamicPhaseTransitionSwarmOptimizer,True,centre,0.04797735,0.7985378,0.0022045127,2.0273667e-06,0.15127835,ok
26961c6f-4edc-47dd-a46f-ac198921734b,DynamicPhaseTransitionSwarmOptimizer,True,centre,2.3993612e-06,0.6436815,4.6745374e-08,3.8933565000000003e-16,0.35631603,ok
c575fad4-6810-4621-ab9f-26ee6a17c221,ImprovedDynamicPhaseTransitionSwarmOptimizer,True,centre,0.055786967,0.767491,0.006049578,2.1465455e-06,0.17067036,ok
24c8933e-b515-4385-ba58-f57796175690,DynamicPhaseTransitionSwarmOptimizer,True,centre,0.045601122,0.7863121,0.002374546,1.0028563e-06,0.16571125,ok
77a7b8c3-3aa7-475c-8d4e-6672fceafe3e,DynamicPhaseTransitionSwarmOptimizer,True,centre,0.030021608,0.78600544,0.0015765212,2.9831194e-06,0.18239345,ok
42db5834-6845-4981-89cc-b1afbf567691,AdaptiveDiversitySwarmOptimizer,False,unif,0.77037305,0.11633664,0.04725533,0.004529101,0.06150592,ok
7312e6e4-64cf-4392-9221-eab3c127a421,DynamicPhaseTransitionSwarmOptimizer,True,centre,0.0456012,0.7863122,0.0023745135,1.0028577e-06,0.16571102,ok
d8c7f2ce-a346-4719-b8f2-413dda8bf305,DynamicPhaseTransitionSwarmOptimizer,True,centre,0.04614278,0.7884646,0.0017191069,9.123555e-07,0.1636726,ok
39f75a5e-abc0-4028-979b-05a046d2ea08,DynamicPhaseTransitionSwarmOptimizer,True,centre,0.07376417,0.79816526,0.00354243,2.26334e-06,0.12452583,ok
24e5d42d-2084-48e5-ad9d-2f43364c3f0b,DynamicPhaseTransitionSwarmOptimizer,True,centre,0.04653481,0.78520596,0.0025710033,1.081415e-06,0.16568714,ok
131ce475-5c95-41a9-b037-91b29dbe55d6,ImprovedHybridEvoPSO,True,disc,0.61255133,0.005532603,0.22232966,0.11170604,0.047880344,ok
c8441018-1d6f-4788-89b4-e0c189a3b5c6,EnhancedSwarmAdaptiveDifferentialEvolution,True,bounds,0.021650992,3.7135822e-05,0.0031416542,0.9607004,0.01446979,ok
ab797aab-9559-48d4-bc54-e2a8f8ead6b7,EnhancedDynamicEvoPSO,False,unif,0.62093824,0.0015291811,0.22842629,0.079514876,0.06959142,ok
3df63d4d-ef6c-49da-b288-1a9f712e1505,EnhancedDynamicEvoPSO,True,bounds,0.0027206768,1.354856e-07,0.002076278,0.9896203,0.005582626,ok
d1096668-61f0-4100-b267-98754f2807a7,EnhancedAdaptiveDifferentialEvolution,True,bounds,0.0004334596,1.3087518e-07,0.0001798032,0.99635285,0.0030336843,ok
cd49c509-f7b0-4c84-aa4d-e75e5dbcb818,EnhancedAdaptiveDifferentialEvolutionQPSO,True,bounds,0.09268592,0.00020654465,0.037410527,0.7782244,0.0914726,ok
c9b91957-3351-42b5-9706-7f5e1784f9a7,AdaptiveDynamicEvoPSO,False,unif,0.7041105,0.09117421,0.118877314,0.0032026493,0.0826353,ok
ad598453-4b36-45ab-a137-722be10fe34d,AdaptiveDynamicEvoPSO,False,unif,0.7573128,0.05760905,0.106651925,0.0048081437,0.07361813,ok
c28886a8-a48c-4fe9-a70e-3b7c5fba3870,AdaptiveDynamicEvoPSO,False,unif,0.7412345,0.05004997,0.11629927,0.0012492256,0.09116708,ok
2d5a39b6-759c-4826-929c-882ce0edfd71,EnhancedAdaptiveDynamicEvoPSO,True,bounds,0.11789825,2.4553892e-05,0.10222143,0.75105464,0.028801167,ok
b8acab32-bd23-4024-a1be-64f2a270cfab,AdaptiveDynamicEvoPSO,False,unif,0.67527163,0.108954415,0.1254315,0.00092382065,0.08941858,ok
86674d06-9700-417f-8c88-447b66394744,EnhancedAdaptiveDynamicEvoPSO,True,centre,0.6387194,0.18677367,0.07180615,0.00059904525,0.10210174,ok
3969f027-442b-4449-9a12-3d4487dbf4c6,EnhancedAdaptiveDynamicEvoPSO,False,unif,0.7047673,0.08233222,0.11575626,0.005268202,0.09187604,ok
dcf91060-8040-46ac-88b7-515d96b535bd,RefinedDynamicEvoPSO,True,bounds,0.12115605,1.2562583e-05,0.052333415,0.79227936,0.03421861,ok
69cd5971-d5e1-467c-be39-e4aa51578c2d,AdaptiveDynamicEvoPSO,False,unif,0.7391537,0.008368303,0.1753119,0.01262549,0.064540625,ok
cd871705-4dde-4121-9e24-84e7186a261a,AdaptiveDynamicEvoPSO,False,unif,0.65117294,0.16322473,0.078554556,0.0007645449,0.10628326,ok
c5052936-3dba-42d3-892f-4b554532ec46,EnhancedAdaptiveDynamicEvoPSO,False,unif,0.71042836,0.08206581,0.091482036,0.0045821564,0.11144169,ok
00457828-5b02-43cb-b48c-ab42a25c068a,AdaptiveDynamicEvoPSO,False,unif,0.7557023,0.09625315,0.06414309,0.0018139329,0.08208753,ok
7072b2e7-2667-4a7a-9ddd-c33f28f4aa04,SynergisticDynamicEvoPSO,True,bounds,0.031760104,2.6815457e-07,0.03447432,0.8856516,0.048113786,ok
a07474f2-91cf-4167-ae5a-02169f76266e,EnhancedAdaptiveDEPSO,True,disc,0.48339766,0.003513333,0.32086086,0.124127924,0.06810017,ok
d53edc2c-dfe2-4cc3-ae03-03ff645e550c,RefinedAdaptiveDynamicEvoPSO,True,centre,0.4974311,0.27384079,0.092790745,0.0009572475,0.13498014,ok
225e7bba-6731-4781-b37b-9c07c62cbd8f,EnhancedDynamicEvoPSO,True,centre,0.5739194,0.2324845,0.08239193,0.0017994375,0.109404765,ok
2939d402-660b-40db-a4e7-4ba473261692,EnhancedAdaptiveDynamicEvoPSO,False,unif,0.6380586,0.20471911,0.071017295,0.002019935,0.08418502,ok
59697a16-3dbd-4c8d-8465-c982add0ba18,EnhancedDynamicEvoPSO,True,centre,0.5492946,0.25425142,0.10608967,0.00070979766,0.08965455,ok
ad761863-58f8-40cb-a7e6-a8dc6a65e64c,AdaptiveDynamicEvoPSO,True,centre,0.6131901,0.17717329,0.09361926,0.0013541591,0.1146631,ok
8b4740a5-b585-4778-9187-e0dafbca5156,EnhancedAdaptiveDynamicEvoPSO,True,centre,0.43095914,0.4402841,0.04117859,0.00012643222,0.08745174,ok
048fd0ba-cd25-4259-95dd-1f270efa3ef2,AdaptiveDynamicEvoPSO,False,unif,0.6732603,0.15721443,0.05453018,0.0011340566,0.113861024,ok
69636af4-241f-4bd0-b02f-88664aa0bb0e,AdaptiveDynamicEvoPSO,True,centre,0.5063791,0.33661932,0.03815009,0.0004118393,0.11843963,ok
65a577b8-4c05-4a37-bcb2-7dd75a7a8a9b,AdaptiveDynamicEvoPSO,True,centre,0.5394124,0.29981583,0.04085493,0.0026050047,0.11731181,ok
353b3b62-7f14-4707-a191-fe0f6d101446,AdaptiveChaoticEvoPSO,False,unif,0.62750405,0.19350417,0.07775413,0.0016818875,0.0995558,ok
eaf53ff0-a620-427c-8736-4c363c17161c,EnhancedAdaptiveDynamicEvoPSO,True,centre,0.59746414,0.23857829,0.06967835,0.001144394,0.09313478,ok
bd05ab73-8ac1-4f66-b9c9-b2c3ce3d2c3a,EnhancedAdaptiveDynamicEvoPSO,False,unif,0.57978976,0.22493967,0.0661135,0.0010260369,0.12813097,ok
185add82-fd67-4ce5-adda-c5b4689303b8,EnhancedAdaptiveDynamicEvoPSO,True,centre,0.5063791,0.33661932,0.03815009,0.0004118393,0.11843963,ok
26ff3ae3-3d7f-4d85-ba0e-78c971ff692d,AdaptiveDynamicEvoPSO,True,centre,0.4742244,0.3434193,0.054364216,0.0010206753,0.1269714,ok
ff752a47-1957-4da4-b7ca-32f27667c349,AdaptiveDynamicEvoPSO,True,centre,0.58708537,0.24864106,0.05398185,0.00041408496,0.109877646,ok
710aa0b0-5087-4d41-b8d1-895be1a41d6e,RefinedAdaptiveDynamicEvoPSO,True,centre,0.5485076,0.28577596,0.041242413,0.00028999487,0.12418409,ok
0c05cd5e-e584-4ad6-8e4f-130948255edb,EnhancedAdaptiveEvoPSO,True,centre,0.62526405,0.17689654,0.0969844,0.00073539244,0.100119606,ok
61d207ed-90b6-4bd5-9888-91aadae63e51,EnhancedEvoPSO,True,centre,0.5069285,0.29769725,0.06633343,0.00047886866,0.12856196,ok
28411540-e478-426a-875f-7539d7d20069,EnhancedAdaptiveEvoPSO,True,gaps/clusters,0.59472096,0.13517407,0.109619126,0.0076572252,0.15282862,ok
dc99086f-66af-4786-b08b-dc5d0e87aa92,EnhancedAdaptiveDynamicEvoPSO,True,disc,0.6196825,0.0060597165,0.2866692,0.024337383,0.063251235,ok
30191f12-ba14-4850-866d-05881ac684db,Enhanced_ADE_PSO_PhasedHybrid,True,bounds,0.40523082,0.000446958,0.1375902,0.38111067,0.07562141,ok
1bd3065e-6e83-4118-90f0-2b2f719bb7fb,EnhancedAdaptiveChaosPSO,True,bounds,0.013928169,1.4482647e-06,0.004015568,0.96466005,0.017394831,ok
6813be18-f779-4820-a51e-d2696a17c869,EnhancedAdaptiveChaosPSOWithLevyAndMutation,True,bounds,0.038011827,5.2712653e-06,0.00640305,0.93056566,0.02501426,ok
ecd312d9-f5cd-4d68-a9c6-23fd07748301,EnhancedLevyChaosPSO,True,bounds,0.058752455,2.4297118e-05,0.005058027,0.901357,0.034808245,ok
c1645ebc-eaa4-446f-bbd0-0645291b3ca5,EnhancedLevyChaosPSO,True,bounds,0.07282083,4.5623885e-05,0.06411711,0.8305105,0.03250586,ok
6661a016-67db-4082-a694-89c265d04eeb,EnhancedLevyChaosPSO,True,bounds,0.03931942,5.0502504e-06,0.019991122,0.92484343,0.015841123,ok
b9f1da57-f31e-47a4-a140-e25584be442d,EnhancedLevyChaosPSO,True,gaps/clusters,0.013372472,8.7827255e-05,0.2948067,0.109061256,0.58267176,ok
ea502045-6e01-4a02-8631-6c2be68e77e7,EnhancedLevyChaosPSO,True,bounds,0.21145776,0.0010191038,0.045621064,0.6836407,0.058261286,ok
dcf57ddb-8f7d-4eaf-8475-05755063b46f,RefinedLevyChaosPSO,True,bounds,0.30462116,0.0020123138,0.16007788,0.43747416,0.09581448,ok
aa698bc5-5c9d-4232-90e7-df13663656e0,HybridSwarmEvolutionPSO,True,bounds,1.7426468e-05,5.9722956e-12,4.6155938e-06,0.99942416,0.0005538221,ok
cb7e1a12-143c-41e7-94ae-242942090fb8,EnhancedHybridSwarmPSO,True,bounds,0.056953084,2.3116907e-05,0.027968591,0.89566994,0.019385278,ok
efaf338d-f573-41f8-9182-1747f9876ef0,EnhancedHybridSwarmPSO,True,bounds,2.0289399e-11,1.1893702000000001e-24,1.7724474e-12,0.999904,9.6032694e-05,ok
02d52d89-1b5f-4d05-a274-5d7e632b065c,HybridSwarmEvolutionPSO,True,bounds,0.021309873,7.4351465e-07,0.07282707,0.88727474,0.018587563,ok
b269aca1-9412-4e61-b952-93f2294fded8,HybridSwarmEvolutionPSO,True,bounds,4.921031e-07,5.7521066e-14,2.2576674e-07,0.9997535,0.0002457914,ok
3278989e-fe31-4eb5-bbce-ae03a510557e,HybridSwarmEvolutionPSO,True,bounds,1.8295226e-06,1.9709857e-12,1.1107699e-06,0.99981517,0.00018199437,ok
569db75d-458f-47d0-b28b-63e793a058b3,HybridSwarmEvolutionPSO,True,bounds,0.00023894855,1.0962683e-10,0.0014669652,0.99649775,0.0017963847,ok
0c39c7ab-50e4-437a-81f3-42250f59fb96,AdaptiveMemoryCoopPSO,True,bounds,0.15391581,6.0171064e-05,0.09364991,0.6760212,0.07635284,ok
4df97bb2-6643-4b28-9fb7-55cc9029acbf,AdaptiveMultiAgentHybrid,True,gaps/clusters,0.12258647,8.5895954e-07,0.05990095,0.40045753,0.41705418,ok
459157e1-4cf9-46fc-9969-9d74e30c7b95,AdaptiveMultiAgentHybrid,True,bounds,0.189309,2.464718e-05,0.08825038,0.433927,0.28848892,ok
82beb061-43f3-4dce-82ec-b503baf47f3d,AdaptiveMultiAgentHybrid,True,gaps/clusters,0.17030458,7.144304e-05,0.085585356,0.37069806,0.37334055,ok
0560eb68-5334-4fa7-b1e8-970ece9b5a95,RefinedAdaptiveMultiAgentHybrid,True,gaps/clusters,0.058278747,7.127955e-07,0.025263121,0.34410015,0.5723573,ok
bf84fe29-7ca3-40e9-af57-55adb5134c1a,AdaptiveMultiAgentHybrid,True,bounds,0.11712948,6.2807144e-06,0.05362587,0.54512465,0.28411376,ok
41d716b4-4424-4a5c-b713-3fcb1bf55f98,RefinedAdaptiveHybrid,True,bounds,0.30045372,0.0015584772,0.16896056,0.42160892,0.10741834,ok
95fc108d-512b-4fd0-8bf8-8e1cb65701aa,AdaptiveChaoticParticleSwarm,True,bounds,4.9302685e-06,3.0597658e-09,1.4883411e-06,0.9972377,0.0027559204,ok
c1d7ddef-0de8-4d6c-9e5c-77e9ec5d5152,AdaptiveChaoticParticleSwarm,True,bounds,1.1494391e-07,2.0586444e-09,4.610274e-09,0.9395472,0.06045281,ok
86cc69ab-e296-4241-881a-b5b2c2949761,AdaptiveChaoticParticleSwarm,True,bounds,0.0003002441,6.5573585e-07,0.00021085082,0.9954895,0.0039987257,ok
bec39632-d249-411c-85df-bfce70688edc,AdaptiveChaoticParticleSwarm,True,bounds,4.135254e-05,8.1780644e-07,1.5981256e-06,0.96268207,0.03727414,ok
29238daa-12ad-438e-b8f4-6d7ba3ab18b9,AdaptiveChaoticParticleSwarm,True,bounds,0.00030455756,1.3519333e-07,0.0002997779,0.996048,0.0033475545,ok
8ea1b6cb-85ed-4ad0-9e90-cb7bc8b16cb4,EnhancedLevyFlightParticleSwarm,True,bounds,0.0002815726,6.4886243e-12,0.001841927,0.99563944,0.0022370487,ok
79a32032-0055-46de-af4a-ed2226df8a73,EnhancedLevyFlightParticleSwarm,True,bounds,1.1346012e-06,4.831179e-11,2.4513747e-07,0.99926966,0.00072886865,ok
cb0cf37e-6bdf-40f2-9363-7ce51fad7076,EnhancedLevyFlightParticleSwarm,True,bounds,3.339691e-05,1.7256537e-13,1.4491164e-05,0.99883735,0.001114683,ok
06ecd00b-7150-4847-8aba-9df180e644de,EnhancedLevyFlightParticleSwarm,True,bounds,0.00012982315,5.4385907e-10,0.00021695948,0.99801695,0.0016361875,ok
1c6eb748-87dd-499d-8698-95006d161240,EnhancedLevyFlightParticleSwarm,True,bounds,0.016305093,1.0745352e-06,0.005039292,0.97398263,0.0046719713,ok
c526834b-50f7-41c1-8a46-ea2a2e99cc00,EnhancedChaoticLevySwarm,True,bounds,8.763067e-07,1.4498296e-13,2.9649772e-07,0.9984813,0.0015175672,ok
3a955fc1-ee45-4bf4-8593-c481e5b645f0,EnhancedLevyFlightParticleSwarm,True,bounds,3.04288e-05,3.2114359e-12,1.26149025e-05,0.9987961,0.0011607797,ok
2e4ad70e-0790-491d-982e-5180ab92c9a0,EnhancedChaoticLevySwarm,True,bounds,1.280635e-05,3.3450327e-14,2.6908779e-06,0.9994103,0.00057428435,ok
2646b3e1-597a-4f8a-92ad-a535680e588b,EnhancedChaoticLevySwarm,True,bounds,6.17401e-06,4.3335075e-12,2.3903715e-06,0.99319553,0.00679581,ok
52568970-a6b9-4ef4-ad9d-db9ab016b88b,EnhancedChaoticLevySwarm,True,bounds,0.0002033816,1.9533143e-08,0.00012319433,0.9982522,0.0014211793,ok
7ad4216f-2795-4ce6-a40d-b21ec2e31067,EnhancedDiverseChaoticLevySwarm,True,bounds,1.4804051e-05,1.0770603e-11,8.3241985e-06,0.9993431,0.00063376443,ok
355890e0-2696-44ef-adcf-8f5263c25fe7,AdaptiveChaoticLevySwarm,True,bounds,8.454636e-06,6.238637e-11,3.4536024e-06,0.9990692,0.0009188961,ok
7e9bc4cd-be5f-47d6-9800-f96c1c99c418,EnhancedChaoticLevySwarm,True,bounds,6.9925044e-09,5.723342e-13,2.2485138e-09,0.9994375,0.00056243455,ok
93d12a2a-0df8-495e-b957-40d34cf9b2df,EnhancedChaoticLevySwarm,True,bounds,3.1479583e-05,2.1926864e-13,7.928584e-06,0.99960554,0.0003551329,ok
c9876f5d-69b8-40d5-9030-636b83ca5f0a,EnhancedChaoticLevySwarm,True,bounds,1.0903127e-08,2.7398848e-15,7.515846e-09,0.99982727,0.00017277889,ok
090d55f3-22c6-4bed-ae50-15302966117f,EnhancedAdaptiveLevySwarm,True,bounds,1.0903127e-08,2.7398848e-15,7.515846e-09,0.99982727,0.00017277889,ok
56e087a2-47c6-40df-b24f-3537f3c3b555,EnhancedChaoticLevySwarm,True,bounds,1.3565008e-07,3.3293433e-15,8.308905e-08,0.998013,0.0019867462,ok
d4cd4ebc-ba9c-4f93-9cf5-e7b8deebe412,EnhancedChaoticLevySwarm,True,bounds,4.9299285e-08,2.7381336e-14,2.453964e-08,0.9999154,8.4635765e-05,ok
0100990f-ae1f-43a0-8031-53a49a6e4329,AdaptiveChaoticLevySwarm,True,bounds,4.0102873e-07,1.7921165e-11,3.58319e-07,0.9997473,0.00025192133,ok
4fd048e8-93af-471a-8954-d90d9ab64a0c,EnhancedChaoticLevySwarm,True,bounds,9.827522e-09,4.3795796000000004e-16,4.881689e-09,0.99958354,0.00041635163,ok
710a4cc0-eaef-4301-80ea-e1eaad87890b,AdaptiveCooperativeSwarm,True,bounds,0.00043134397,2.6479108e-10,0.00041560567,0.9954909,0.0036620856,ok
79372dff-a2ce-4ec6-9798-8c59309a6e98,AdaptiveCooperativeSwarm,True,bounds,0.00089183374,4.1131504e-10,0.00078483473,0.9116273,0.08669602,ok
ad9c1bda-7de0-48d4-b06f-a6788b05da57,AdaptiveCooperativeSwarm,True,bounds,0.00012040493,1.7108087e-10,0.00015854539,0.99486893,0.004852102,ok
77d4d1ae-8210-460f-a251-07fa7a63810b,AdaptiveCooperativeSwarm,True,bounds,0.00041421558,4.401808e-11,0.0002890688,0.9926521,0.0066445097,ok
65832578-4c62-4d6d-ab2f-af522b14a8ec,AdaptiveCooperativeSwarm,True,bounds,0.2491581,5.9932237e-05,0.14003052,0.43714914,0.17360231,ok
be1aabf5-ffad-4fdb-92da-05b8bfaac356,EnhancedChaoticLevySwarm,True,bounds,6.1664394e-09,1.142256e-15,1.8730417e-09,0.9997441,0.0002559134,ok
eafdc66e-e9c6-4958-89d2-e63d2f850b68,EnhancedChaoticLevySwarmV2,True,bounds,3.2314215e-06,4.8621296e-10,1.0204984e-06,0.99948156,0.0005142444,ok
d3422674-4480-4529-a1b2-d9bd7bbb0db0,EnhancedChaoticLevySwarm,True,bounds,2.8264673e-09,3.0538584000000003e-16,8.919632e-10,0.9998559,0.00014406772,ok
e2800df3-ff19-49e1-a142-91fd32e637ce,MultiScaleDynamicSwarm,True,bounds,1.4194998e-07,1.1640055e-15,1.584115e-08,0.9998032,0.00019660099,ok
57ec6b8f-3d48-4395-931d-1be73025f256,MultiScaleDynamicSwarm,True,bounds,9.090024e-09,2.3864422e-17,4.9544746e-09,0.99980575,0.00019425048,ok
22356405-ec5b-42e3-b0c4-abfd2069268f,AdaptiveCooperativeSwarm,True,bounds,0.019083802,2.86301e-07,0.015004071,0.95918465,0.006727138,ok
079a8b27-3905-45ef-a7cf-12fba6f356b8,AdaptiveCooperativeSwarm,True,bounds,0.00030210635,2.3913693e-10,0.00022585245,0.9951097,0.0043624034,ok
021484e7-1e07-4906-8cc7-fb65621ece7d,AdaptiveCooperativeSwarm,True,bounds,2.5577008e-06,7.2041483e-12,1.7092598e-06,0.99792033,0.0020753746,ok
a0003b5f-673b-4152-b5f8-cb12a4e4c1cc,EnhancedAdaptiveCooperativeSwarm,True,bounds,4.871093e-05,2.118322e-12,6.2370425e-05,0.9986305,0.001258448,ok
3e979832-6736-4a9f-891f-2f3aa4b19b6f,EnhancedAdaptiveCooperativeSwarm,True,gaps/clusters,0.04241632,3.7791317e-08,0.07227411,0.40483403,0.4804755,ok
48ad72af-5f97-4fee-9633-334ad07a1ce5,EnhancedAdaptiveCooperativeSwarm,True,bounds,0.291657,0.0009012038,0.11618153,0.39707363,0.19418661,ok
707a9c3d-6978-4057-94a8-ff74f4944860,EnhancedAdaptiveCooperativeSwarm,True,bounds,0.041968334,1.689962e-07,0.102304436,0.46449214,0.39123493,ok
ceb040ce-08ea-4951-bbc3-b6a73d714b62,EnhancedAdaptiveCooperativeSwarm,True,gaps/clusters,0.13318367,0.00043767682,0.046286084,0.2912576,0.52883494,ok
22e24da2-5cd4-4913-8cc6-b37381e4b974,EnhancedAdaptiveCooperativeSwarmRefined,True,bounds,0.013815075,1.7915601e-09,0.017852696,0.7634124,0.20491984,ok
0b9a6521-8870-4ba8-9fba-eecb4c2f607f,EnhancedAdaptiveCooperativeSwarm,True,bounds,0.032146722,1.4158149e-08,0.035221323,0.737432,0.19519995,ok
d74d5ad2-861f-4045-9dc0-d7daee554833,RefinedAdaptiveCooperativeSwarm,True,bounds,0.032146722,1.4158149e-08,0.035221323,0.737432,0.19519995,ok
b56f35f5-8c60-4ba2-a99c-807169bb61fc,EnhancedAdaptiveCooperativeSwarm,True,bounds,0.11990378,7.124937e-07,0.06372742,0.52397996,0.2923882,ok
9b1abded-5acf-4532-bb81-7008bda4faa9,EnhancedAdaptiveCooperativeSwarm,True,gaps/clusters,0.100431584,3.371329e-05,0.04714448,0.26990727,0.58248293,ok
753f25ac-3963-441a-8486-71b37b5a2be6,EnhancedAdaptiveCooperativeSwarm,True,bounds,0.08167058,6.246654e-07,0.04621973,0.78248847,0.0896206,ok
854a2d95-faf0-48d0-94a3-e0ffc4c3a3b3,EnhancedAdaptiveCooperativeSwarm,True,bounds,0.10615816,0.00015409096,0.041723028,0.57303673,0.27892798,ok
335eafab-d130-4c07-8ec6-cb692027497e,EnhancedAdaptiveCooperativeSwarm,True,bounds,0.010277426,4.4090256e-10,0.0018560346,0.76588553,0.221981,ok
626c3ac3-7e35-4192-a3df-a0bf2107c253,EnhancedAdaptiveCooperativeSwarm,True,bounds,0.14423418,3.3798115e-05,0.043459084,0.5874791,0.22479384,ok
b3eb782a-09cb-4c64-85d8-71c274472005,EnhancedAdaptiveCooperativeSwarm,True,bounds,0.100501336,1.7053253e-05,0.032760642,0.7538668,0.11285418,ok
04446e9c-44b6-4ddf-ac89-53e59ee897b4,MultiModalAdaptiveSwarm,True,bounds,0.19210231,9.408216e-05,0.14010942,0.43973517,0.22795899,ok
ef427a85-771f-4b89-88e7-814165d65b00,EnhancedAdaptiveCooperativeSwarm,True,bounds,0.02906352,9.393888e-08,0.044716664,0.86338913,0.06283063,ok
fbe80ae7-6571-4f3c-85ea-03ec66f9ed24,AdaptiveSwarmWithDiversity,True,bounds,0.032146722,1.4158149e-08,0.035221323,0.737432,0.19519995,ok
c02b1095-d0ea-42cd-b762-ca15bf7d0d9c,EnhancedAdaptiveCooperativeSwarm,True,gaps/clusters,0.15321672,6.928607e-05,0.083121374,0.1430747,0.6205179,ok
a9ecb2e9-8dd5-401b-9680-1ed02510dad5,QuantumAdaptiveSwarm,True,bounds,0.12401758,2.4260258e-05,0.044689037,0.8074846,0.02378442,ok
c78e31f1-beb0-42d9-a9fd-8772e6289ffd,RefinedAdaptiveCooperativeSwarm,True,bounds,0.085962,1.1412244e-06,0.058541812,0.5710989,0.28439605,ok
906f1a50-2da6-4555-aa19-50c862f77e74,QuantumAdaptiveCooperativeSwarm,True,bounds,5.6029383e-14,3.8650047999999997e-25,2.1243966e-14,0.99998444,1.5603251e-05,ok
6c1f5043-9c6b-4cc0-8298-06bd9521d659,RefinedAdaptiveCooperativeSwarm,True,bounds,0.032146722,1.4158149e-08,0.035221323,0.737432,0.19519995,ok
86815b69-4973-4012-9342-940ed8efae17,EnhancedAdaptiveMemorySwarm,True,bounds,5.106754e-05,1.9829739e-11,3.529488e-05,0.99039996,0.009513661,ok
4fcfb843-b6b5-4b9b-a4fd-c6c287f5d1f7,RefinedAdaptiveCooperativeSwarm,True,bounds,0.008223305,1.08312035e-08,0.08343653,0.87303257,0.035307575,ok
218489d5-a466-442b-a804-0b29b0bfa8a1,EnhancedAdaptiveCooperativeSwarm,True,bounds,0.032146722,1.4158149e-08,0.035221323,0.737432,0.19519995,ok
85b2698a-d8ca-4830-a08f-0b29c2c3269e,EnhancedAdaptiveCooperativeSwarmPlus,True,bounds,0.09104334,3.1045963e-07,0.05767849,0.48959532,0.36168256,ok
179ca5df-ca80-4088-9e10-66bd7c5c4f32,AdaptiveMemorySwarm,True,bounds,0.19935422,1.2153975e-05,0.15706198,0.5559675,0.08760415,ok
ab1596af-ecfa-47f1-9843-35398c6cd962,EnhancedAdaptiveCooperativeSwarm,True,bounds,0.124389686,6.221919e-07,0.086575456,0.484492,0.30454224,ok
339701b5-bc4a-495b-8523-c05e7d47128e,EnhancedSwarmOptimizer,True,bounds,0.19935422,1.2153975e-05,0.15706198,0.5559675,0.08760415,ok
9354b24a-2fde-480d-8eef-c92cce1b0f34,EnhancedMemorySwarm,True,gaps/clusters,0.47807536,0.0011843535,0.16992204,0.12846571,0.2223525,ok
2a5c9fed-1b09-4712-b274-77621cccdd90,EnhancedMemorySwarm,True,bounds,0.20054376,4.4219407e-05,0.11593757,0.41231012,0.27116436,ok
ee8bc08c-a463-4650-b084-334411a3d4f4,AdaptiveMemorySwarm,True,bounds,0.19183366,3.208942e-05,0.1117633,0.6253723,0.07099869,ok
cfc43fd3-6682-4e6b-9f7c-2599207c336f,EnhancedMemorySwarm,True,gaps/clusters,0.5145571,0.011251886,0.20246069,0.04556101,0.22616938,ok
f5f42bcc-c81a-4b56-b370-5a41c29fdd80,EnhancedMemorySwarm,True,gaps/clusters,0.45936027,0.0019513427,0.17180896,0.09338153,0.27349794,ok
1edbd83d-b1e0-4850-9f65-70fe00a654c7,EnhancedMemorySwarm,True,gaps/clusters,0.45936027,0.0019513427,0.17180896,0.09338153,0.27349794,ok
19191e61-b9f7-4b1d-b1cb-537dcf95a121,EnhancedMemorySwarm,True,gaps/clusters,0.45936027,0.0019513427,0.17180896,0.09338153,0.27349794,ok
ca6ba3e9-8ad0-426d-b16d-6b79150a2d8e,EnhancedMemorySwarm,True,gaps/clusters,0.45936027,0.0019513427,0.17180896,0.09338153,0.27349794,ok
b2684668-2269-44f4-8a9d-c6c9f4c88aa8,EnhancedMemorySwarm,True,bounds,1.6685966e-06,4.8613004e-15,6.5085396e-07,0.99878675,0.0012108933,ok
a810b668-8865-46f5-8041-70f4beabf653,EnhancedMemorySwarm,True,gaps/clusters,0.48751622,0.0018527023,0.17356941,0.10455394,0.2325077,ok
6e7e7e6d-e863-47e9-97e0-5f06414bae01,EnhancedMemorySwarm,True,gaps/clusters,0.50379086,0.0013378451,0.10629271,0.14775385,0.24082473,ok
17c02cb7-aec8-47e5-a8c7-4a5808a4ca03,EnhancedMemorySwarm,True,gaps/clusters,0.5181082,0.0018453405,0.11079605,0.13439462,0.23485582,ok
febbdf85-239d-494f-b69e-800e283d6aff,EnhancedMemorySwarm,True,gaps/clusters,0.5330361,0.03875608,0.08830835,0.031045,0.3088544,ok
f97b375a-0bb9-4440-bbb7-fddef7fb193d,EnhancedMemorySwarm,True,gaps/clusters,0.5330361,0.03875608,0.08830835,0.031045,0.3088544,ok
b9efe929-09d9-43e6-a045-4ab3c5ab89f3,EnhancedMemorySwarm,True,bounds,0.4632376,0.00066944433,0.13436586,0.21830802,0.18341902,ok
59fda245-d099-482a-80f1-dc40a27ade92,EnhancedMemorySwarm,False,unif,0.54364,0.0035389536,0.14685397,0.030167442,0.27579954,ok
e31e452e-1f9a-4622-bce4-60c898d70eba,DynamicEnhancedHybridDEPSO,True,bounds,0.0930637,5.114949e-06,0.038749106,0.84776247,0.020419544,ok
8aeddd81-450b-4eec-a569-5b4f4b428e93,EnhancedHybridDEPSO,True,bounds,0.043731485,3.766948e-05,0.070802756,0.7981583,0.08726983,ok
ae570bf6-963d-49af-b734-2102557af24d,EnhancedHybridDEPSO,True,bounds,0.15823865,1.1327151e-05,0.15173653,0.642347,0.047666512,ok
2ed1deab-8be5-4ea8-911f-3b554377f753,EnhancedHybridDEPSO,True,bounds,0.073379144,1.5579948e-05,0.03685217,0.8450286,0.044724457,ok
d5f7f35c-bea7-4cc2-ba3d-f16991b37b30,EnhancedHybridDEPSO,True,bounds,0.11229734,7.7981786e-05,0.028464813,0.80532265,0.0538372,ok
43065f59-c128-4f85-b6c6-cd34867ba9c6,EnhancedHybridDEPSO,True,bounds,0.043731485,3.766948e-05,0.070802756,0.7981583,0.08726983,ok
d87af5ac-b70e-445d-9c88-872a80c5ea54,RefinedEnhancedHybridDEPSO,True,bounds,0.05842021,1.3991732e-05,0.030107995,0.88146627,0.029991567,ok
0e0f4f50-7b01-44a7-bc7e-e879ac488651,EnhancedHybridDEPSO,True,bounds,0.31270018,0.0047802846,0.10552989,0.52684796,0.050141633,ok
c236833b-87b5-4e23-b173-d36edfc641c6,EnhancedMemorySwarm,True,gaps/clusters,0.6197774,0.051795263,0.0918266,0.007755278,0.22884545,ok
8603e5fb-1ccd-49ce-b1a9-f5b4b03c481b,EnhancedHybridDEPSO,True,bounds,0.16581415,0.0006863859,0.06520135,0.7130778,0.05522033,ok
c021124d-afe2-4a8d-aad7-753ee8a30d2b,EnhancedAdaptiveDEPSO,True,bounds,0.19432056,0.00017870805,0.09558959,0.6533315,0.056579597,ok
c7e3f824-905f-43ca-8bcd-f0daacbbb373,EnhancedHybridDEPSO,True,bounds,0.501959,0.010302959,0.09256197,0.33215037,0.063025676,ok
a8359fc3-6df8-4957-bf11-8f00741a62b7,EnhancedHybridDEPSO,True,bounds,0.056964587,3.992785e-05,0.024611983,0.78463346,0.13375007,ok
2b65d952-ed31-4b60-8680-078988c52631,EnhancedAdaptiveDEPSO,True,bounds,0.07872073,0.00015742853,0.020785814,0.82855284,0.07178323,ok
237a79f8-a2c6-4f8f-8737-bf3e44f6f78e,EnhancedHybridDEPSO,True,bounds,0.31191716,0.0015008452,0.09449988,0.5349234,0.057158746,ok
844218e2-95df-4b09-babe-043136d54859,EnhancedHybridDEPSO,True,bounds,0.074875556,0.00020438037,0.027426893,0.8067325,0.090760686,ok
75f1751e-de64-407b-ba87-0d6b82a11b36,EnhancedHybridDEPSOAdaptive,True,bounds,0.45315376,0.0034740667,0.23600987,0.2663316,0.041030765,ok
d7242076-1d72-4d33-9eb8-5f5eb54d14ff,EnhancedHybridDEPSO,True,bounds,0.3918345,0.0010068251,0.15538128,0.4161598,0.03561767,ok
5d454166-0ab8-4915-9a29-61bbe6c568e9,EnhancedHybridDEPSO,True,bounds,0.13217522,3.80255e-05,0.10619342,0.727962,0.033631343,ok
7aaaf356-7a66-429f-905f-de4906fd84ab,EnhancedHybridDEPSO,True,bounds,0.4171559,0.0010239894,0.10292323,0.43006706,0.048829798,ok
d58d71bb-d77c-4f76-a042-aefdcc6a8e31,EnhancedHybridDEPSO,True,bounds,0.32116896,0.0015545852,0.09749673,0.522149,0.057630718,ok
d1f1b386-3cc5-43f6-aa74-29a7a5d8cf54,EnhancedHybridDEPSO,True,bounds,0.07516886,0.00022243685,0.023652801,0.85433835,0.04661756,ok
659c069b-e895-45a3-b419-63a7dcc5a36e,EnhancedHybridDEPSO,True,bounds,0.4338345,0.00050179765,0.18376282,0.31489667,0.0670042,ok
16bc2b6f-7c45-4588-be67-0a161643bd3c,EnhancedHybridDEPSO,True,bounds,0.38098606,0.00066862494,0.15424684,0.42194328,0.042155206,ok
6b7ae5e1-a4cb-43cf-9162-d7b5a92e93c2,EnhancedHybridDEPSO,True,bounds,0.38756266,0.0022905958,0.14924034,0.418701,0.04220544,ok
0100a9c6-8311-4c49-ade4-dc0025952c9e,EnhancedHybridDEPSO,True,bounds,0.282643,0.00021918098,0.12646796,0.4801321,0.11053777,ok
48862137-014f-4dd9-b657-bf781512ef0d,EnhancedHybridDEPSO,False,unif,0.6939603,0.023942625,0.19402006,0.024124667,0.06395226,ok
906d7949-dfa1-43c1-8104-3d0c2e7d0c79,EnhancedHybridDEPSO,True,bounds,0.07473345,0.00019987614,0.024966799,0.8088992,0.09120063,ok
a1c5eb21-8667-46be-bc58-5a14be058f0a,RefinedHybridDEPSO,False,unif,0.65128326,0.0015430726,0.18925366,0.10545485,0.05246517,ok
f8c99f97-f18f-4378-bbf6-0901cb7baf2a,EnhancedHybridDEPSO,True,bounds,0.4374631,0.0030535692,0.22595017,0.25820965,0.07532357,ok
5c01e1e8-7ebb-4adb-8c8b-cdc46f066722,AdaptiveEliteDEPSO,True,bounds,0.31516224,0.0015340673,0.1422399,0.50417376,0.03689005,ok
524c9a3d-8dd2-41a0-9d79-4e7e5ba009bb,RefinedHybridDEPSO,True,bounds,0.06801467,7.564369e-05,0.024432112,0.86131847,0.04615905,ok
32d04bea-9309-41d4-a748-1452ddccecbe,EnhancedHybridDEPSO,True,bounds,0.53636235,0.00901721,0.15058717,0.2518807,0.052152593,ok
ef459fa7-7eac-44a9-8a99-aef696872ca2,EnhancedHybridDEPSO,True,bounds,0.002896999,5.314064e-09,0.0017025005,0.98105395,0.014346562,ok
9ba0fab6-dbb9-4208-ab41-db4b5fe3da89,RefinedHybridDEPSO,True,bounds,0.07569568,0.00025924336,0.021567887,0.80999345,0.092483774,ok
323c3365-51d2-4d33-92ac-8f0e200d9e67,EnhancedHybridDEPSO,True,bounds,0.58461696,0.0106825875,0.09860818,0.24708505,0.05900727,ok
4610abef-5a94-4371-99b2-25f8eb355323,EnhancedHybridDEPSO,True,bounds,0.32116896,0.0015545852,0.09749673,0.522149,0.057630718,ok
0ba8f4fe-28f0-4123-b511-fc30342f2369,RefinedHybridDEPSO,True,bounds,0.062137347,5.9781114e-06,0.019975733,0.9068106,0.011070412,ok
1faeba01-1243-484a-9675-f872d3ab0658,EnhancedHybridDEPSO,True,bounds,0.045105778,1.8889323e-05,0.034167968,0.87553966,0.04516768,ok
b98b4e65-c5e1-477d-8f55-0199e5aa5fdd,EnhancedHybridDEPSO,True,bounds,0.36149043,0.00016652704,0.14210834,0.43530697,0.06092775,ok
360dc494-41ef-4ea5-a5a4-5f6494412ff5,EnhancedHybridDEPSO_V2,True,bounds,0.33885866,0.0008494067,0.13379362,0.4776598,0.048838455,ok
7c61272b-0cd0-4d9b-8cd6-37ccf3a9fa15,RefinedEnhancedHybridDEPSO,True,bounds,0.03237822,4.1085e-06,0.016147694,0.9082139,0.04325611,ok
8c36a6bf-9ce3-4b69-bb86-63cc92371092,EnhancedHybridDEPSO_v2,True,bounds,0.11279561,0.00010107797,0.07260239,0.801321,0.013179919,ok
f2a94102-187c-4363-a90b-ed805da8787f,EnhancedHybridDEPSO,True,bounds,0.45189732,0.0031483725,0.121020034,0.38131982,0.04261439,ok
c10a228d-5775-44eb-af2a-b081f1b53a3f,EnhancedHybridDEPSO,True,bounds,0.1121396,0.00042833685,0.08274488,0.7019354,0.10275181,ok
a58c1c8d-ee5f-402c-aecf-3c44e22ab647,EnhancedHybridDEPSO,True,bounds,0.35079455,0.0011462894,0.08963306,0.5038243,0.05460184,ok
cc5e4256-7c28-4780-b23f-19c651d835b1,RefinedHybridDEPSO,True,bounds,0.07311655,0.00022080095,0.02718952,0.8216364,0.0778368,ok
f2fdf326-33bc-40d4-995e-fa74afc4e1d5,EnhancedHybridDEPSO,True,bounds,0.31807876,0.0015472337,0.09898359,0.5246545,0.056735896,ok
a8bfd37c-df50-4e06-909a-f156d96fee3b,EnhancedHybridDEPSO,True,bounds,0.31807876,0.0015472337,0.09898359,0.5246545,0.056735896,ok
003bcd0a-c451-43a1-bd1e-77851ceeba0f,EnhancedHybridDEPSO,True,bounds,0.48723763,0.0066940524,0.19485308,0.26281536,0.04839985,ok
f32631c7-bd7f-4916-b11a-e077bdfa387c,EnhancedMemoryAdaptiveDEPSO,False,unif,0.70279735,0.0069658933,0.1734662,0.037885256,0.078885354,ok
420c2f1c-fbd4-4f9d-b103-c5ae47ca7d6e,OptimizedEliteDEPSO,True,disc,0.56121856,0.00044268146,0.21483767,0.17349188,0.050009213,ok
b7ed66a9-ef22-4407-90b9-4231b8c35455,EnhancedHybridDEPSO,True,bounds,0.31807876,0.0015472337,0.09898359,0.5246545,0.056735896,ok
0f322327-526f-42e1-ac30-e4e662e41765,EnhancedHybridDEPSO,True,bounds,0.41047072,0.0006144717,0.20161843,0.34564215,0.041654207,ok
c5aa0956-2e9f-44c2-a97c-57235f08b69e,EnhancedHybridDEPSO,False,unif,0.71540976,0.0049214284,0.13017109,0.087338224,0.06215947,ok
1ab81cd7-9804-462a-9f9b-4c0e0073eb7e,RefinedSwarmDifferentialEvolution,True,bounds,0.45811343,0.00033667072,0.17430894,0.3329162,0.03432479,ok
350583cf-6dcb-4879-960a-89a2b9224433,SwarmInspiredDifferentialEvolution,True,bounds,0.45827404,0.00032954762,0.17604229,0.33079618,0.034557983,ok
bc0f8e88-110c-41bc-b592-aef3db47bca1,EnhancedSwarmDifferentialEvolution,True,bounds,0.46149573,0.0004186545,0.17125261,0.33326545,0.033567555,ok
d15deb4b-8646-412f-b8d1-77c545156248,EnhancedSwarmInspiredDifferentialEvolution,True,bounds,0.4056477,0.0003631786,0.13603601,0.4181064,0.039846707,ok
f76e5f01-42b5-4f89-b5fd-dc216abf74bc,EnhancedSwarmInspiredDifferentialEvolution,True,bounds,0.2091594,2.7683616e-05,0.1532837,0.5979253,0.039603822,ok
86fbc8f0-fb82-4029-a3ff-376b97899cdf,EnhancedSwarmInspiredDifferentialEvolution,False,unif,0.7161053,0.015431041,0.1243004,0.0901637,0.05399964,ok
4f55b173-63a9-4b65-a906-332a86d9dff0,EnhancedHybridDEPSO,True,bounds,0.11401572,4.6932e-05,0.077398494,0.7713167,0.037222076,ok
2cafa20e-ca63-44cb-a943-02e61a157ac4,HybridDEPSO,True,bounds,0.23097539,5.839866e-05,0.102416895,0.6279391,0.038610194,ok
87b0399b-b2a8-4f91-bb25-775e45492bd9,EnhancedHybridDEPSO,True,bounds,0.27575442,0.00016145191,0.23234208,0.4505489,0.041193094,ok
adc99f97-5041-4708-81bc-c968096b93fa,QuantumChaosDEPSO,True,bounds,6.1910775e-11,2.632074e-16,1.089035e-13,0.9989978,0.0010022392,ok
e875b16b-0547-460f-8605-352d4081e02f,EnhancedHybridDEPSO,True,bounds,0.22756295,6.7240326e-05,0.18281278,0.5361966,0.053360544,ok
4d759b64-c4d8-45cd-8c7c-af188a7c17f3,EnhancedDEPSO,True,bounds,0.18049698,0.00012934915,0.17815243,0.573698,0.067523316,ok
b7071c2a-57c2-4638-8628-fcc33783ddc4,EnhancedMemoryAdaptiveDEPSO,True,bounds,0.2880398,8.557797e-05,0.14939055,0.50584066,0.056643475,ok
c0410baa-d71c-44e9-9872-f00389914558,AdaptiveHybridMetaheuristic,True,bounds,0.42805085,0.0011543354,0.23963383,0.27751046,0.053650565,ok
ca01390f-08e3-47b9-9837-f528c1983e99,EnhancedHybridMetaheuristic,True,disc,0.50377744,0.08391829,0.18928774,0.14257438,0.08044211,ok
9154bc01-e9f5-42d2-8154-953c03a3ad38,EnhancedHybridMetaheuristic,True,bounds,0.4241097,0.0013956025,0.1942775,0.34567165,0.034545563,ok
15eaa2bc-9065-4ddc-a31a-1d557d201fa3,EnhancedHybridMetaheuristic,True,disc,0.62789977,0.09152086,0.121853076,0.07707953,0.08164674,ok
6a4cc70f-aa3e-4c01-90cb-4a5ef109ac29,AdaptiveMultiPopulationMetaheuristic,True,bounds,0.026197487,7.1155728e-06,0.011988988,0.94039804,0.021408431,ok
03f2ca33-4c22-4a5f-8a28-31481fdff0f2,EnhancedHybridMetaheuristic,True,bounds,0.163102,5.886923e-05,0.10228326,0.7068778,0.027678058,ok
143156d5-2908-42fc-9a4b-d87f4be40bcc,EnhancedHybridMetaheuristic,True,bounds,0.58957213,0.031008855,0.12875399,0.13164333,0.119021595,ok
98f828d8-026a-4357-a7f0-a40f0f22ef07,AdaptiveMultiStrategyMetaheuristic,True,bounds,0.042044982,8.869081e-06,0.036443327,0.8910753,0.030427441,ok
d74a6449-9d83-4f02-9316-99119b731541,EnhancedHybridMetaheuristic,True,bounds,0.40012258,0.00544241,0.18178672,0.32347548,0.0891728,ok
9dacdd1b-c132-4ba9-ac5a-7f1b2057275c,AdaptivePSO,True,bounds,0.6040637,0.0050994074,0.15266955,0.17437416,0.06379314,ok
d63232b8-47c1-4b46-9602-98595aef0475,AdaptivePSO,False,unif,0.5770096,0.035616744,0.18793723,0.14276506,0.05667132,ok
3b995755-9b6a-4429-9b0b-49e46d084716,AdaptivePSO,True,bounds,0.6015846,0.0064398446,0.15518217,0.15793045,0.07886292,ok
a62833fe-9788-443f-bfae-eded91790236,AdaptivePSO,True,disc,0.64326704,0.0036260232,0.15265872,0.14308164,0.057366572,ok
c374da5f-33ad-4e17-9921-2fe7afb0a390,EnhancedAdaptivePSO,True,bounds,0.04060777,1.7783553e-06,0.024832986,0.9285492,0.0060083354,ok
039a6f04-638d-40d4-9c14-f6a1250b3666,HybridAdaptivePSO_DE,True,bounds,0.09846209,4.0527524e-05,0.048524104,0.8373574,0.015615845,ok
1e4f009c-7512-432b-9a30-57dd5448e47d,AdaptivePSO,True,bounds,0.6009381,0.002238178,0.13970146,0.19823179,0.058890514,ok
fcb6c00c-2d15-4f52-b2e1-3e7876ac44a1,SelfAdaptivePSO,True,bounds,0.028705496,1.4341474e-06,0.015516062,0.9472085,0.00856847,ok
2decc9e9-23a7-421d-8f1f-34bd17aae8d4,EnhancedAdaptivePSO,True,bounds,0.04060777,1.7783553e-06,0.024832986,0.9285492,0.0060083354,ok
1ed965ea-8c36-4031-9302-99daae59fc22,EnhancedAdaptivePSO,False,unif,0.7932489,0.026855225,0.09731352,0.03711315,0.045469157,ok
3b30c471-fad1-4710-a9e5-09c2e6db7bc1,EnhancedAdaptivePSO,True,bounds,0.037743263,2.69584e-06,0.01613342,0.9387272,0.0073933294,ok
11f9b11a-a374-4693-8b6e-904634741552,EnhancedAdaptivePSO,True,bounds,0.034947865,1.3162141e-06,0.017471733,0.93992174,0.007657363,ok
4b360fab-161c-4ff4-a55c-aa7984681010,DiversifiedAdaptivePSO,True,bounds,9.0251226e-05,1.42185985e-11,8.8173285e-05,0.9988081,0.001013462,ok
ade6b6ba-c4bf-4a8e-87ff-794f522b5ecc,EnhancedAdaptivePSO,True,bounds,0.014344128,1.739783e-07,0.012979552,0.96525824,0.007417855,ok
abf25c6f-9bf6-4c0a-9667-c0dd308d6fb2,RefinedAdaptivePSO,True,bounds,0.012110209,2.000879e-07,0.025513237,0.96048844,0.0018879315,ok
83b2ecdd-aaa8-4854-b47e-4cd73f9f9ffe,EnhancedAdaptivePSO,True,bounds,0.014344128,1.739783e-07,0.012979552,0.96525824,0.007417855,ok
8e98ae40-7828-4512-973d-b4d7eacf803f,APSO,True,bounds,0.0038293086,4.0133026e-09,0.006898489,0.9844448,0.0048274384,ok
027de75f-54af-4387-bda8-e1496ce4caa4,APSO,True,disc,0.4631692,0.007129026,0.4278738,0.020226873,0.08160109,ok
d6522e14-f0f8-4272-a00e-be7129941e9a,EnhancedAPSO,True,bounds,6.2609605e-17,6.632417e-34,1.6897453e-19,0.9999628,3.7287922e-05,ok
ec87c00a-9817-4bf1-8354-480ad194962e,HybridAPSOLevy,True,bounds,4.876795000000001e-17,2.154705e-34,7.164056999999999e-20,0.9999649,3.510373e-05,ok
4bf0d123-1e47-442e-acf4-6970c5c0b9bf,EnhancedAPSO,True,bounds,6.2609605e-17,6.632417e-34,1.6897453e-19,0.9999628,3.7287922e-05,ok
51546594-467e-4ae3-991a-c3722774d2f8,EnhancedAPSO,True,bounds,4.8619082e-17,2.2154907e-34,6.830218e-20,0.9999639,3.6195015e-05,ok
0fa951aa-d24d-4027-a75c-7f102de126c2,QuantumAPSO,True,bounds,2.836606e-16,2.3042206e-30,7.128556999999999e-19,0.99995965,4.0349805e-05,ok
f96f2d03-0aca-460c-a822-29de546e1a64,EnhancedAPSO,True,centre,0.30994022,0.54623765,0.020516932,2.8343833e-05,0.12327685,ok
dbbd74b2-47e4-4b8a-a8aa-7c4c29087564,EnhancedAPSO,True,bounds,1.751626e-18,1.7094427999999998e-36,2.6518841999999998e-20,0.9999563,4.379897e-05,ok
7e36c4ac-c1f9-479f-a60e-a62bdac545ee,AdaptiveEnhancedAPSO,True,bounds,1.4497497999999999e-18,1.5100233e-36,2.0595506e-20,0.99995697,4.3114e-05,ok
499092a4-b05c-49c4-955e-5dcb9d69bc75,AdaptiveEnhancedAPSO,True,bounds,7.608267699999999e-19,1.1111846e-36,8.492843e-21,0.9999601,3.9951396e-05,ok
79211657-5ba6-4062-909f-88460cca070d,EnhancedAPSORefined,False,unif,0.7551172,0.09939323,0.06174063,0.003322381,0.08042655,ok
7ee03d1e-c570-43eb-9cc5-c6689752ff40,AdaptiveEnhancedAPSO,True,bounds,1.05968196e-16,4.40933e-34,1.2740042e-19,0.99995995,4.002757e-05,ok
0202109d-58c4-4143-a876-16875c2c13cc,EnhancedAdaptiveAPSO,True,bounds,1.05968196e-16,4.40933e-34,1.2740042e-19,0.99995995,4.002757e-05,ok
d49c69a5-1f62-4a5f-aa2f-c63ce8d5ff63,AdaptiveEnhancedAPSO,True,bounds,7.685184e-21,4.2460008000000005e-38,2.4761710000000002e-23,0.9999712,2.8874918e-05,ok
3f8a94c1-e69a-4be4-b330-a15a19e7ee5c,EnhancedAdaptiveAPSO,True,bounds,7.5736306e-17,1.0164763000000001e-30,1.4539679999999998e-19,0.9999653,3.475758e-05,ok
92e45894-dfc4-4450-926f-e3080d990189,AdaptiveEnhancedAPSO,False,unif,0.75594133,0.070958614,0.08159608,0.011331276,0.08017272,ok
462c7709-4d71-475b-bc7c-ef7227f10e44,DynamicAdaptiveAPSO,False,unif,0.66557574,0.17378017,0.06791882,0.0035585307,0.089166686,ok
d7287622-b7a3-41ed-aa9d-6fddc19be3e8,EnhancedDynamicAPSO,True,bounds,1.9162624e-16,8.608833999999999e-34,2.418208e-19,0.99995136,4.8564143e-05,ok
ea82b84a-95ca-49ec-9327-4fcf7d8a25b2,QuantumInspiredAPSO,True,bounds,1.7407348e-10,1.4858548e-15,2.5510635e-13,0.9495381,0.050461806,ok
9724d839-ee4d-44f3-85fe-c381241ccb4d,SynergisticAdaptiveCooperativePSO,True,bounds,1.1598726e-10,3.5301921e-15,2.0336128e-13,0.9960052,0.0039949357,ok
92d15a5e-0e0f-4231-9a0e-5c976296792a,EnhancedSynergisticPSO,True,bounds,9.164241e-09,1.0846127e-09,3.87133e-10,0.97454864,0.025451388,ok
3d715410-8284-4699-9640-30eb05984b83,HybridDifferentialEvolutionPSO,True,bounds,0.3061194,0.00018037939,0.15401405,0.40957898,0.13010709,ok
880c24e5-2471-49a7-bd4e-960bbb5a592e,ImprovedHybridDifferentialEvolutionPSO,True,bounds,0.24944392,8.338672e-05,0.11928592,0.5978204,0.033366345,ok
7011c1c5-fec8-47f2-8522-0b48c4b34159,RefinedHybridDifferentialEvolutionPSO,True,bounds,0.3061194,0.00018037939,0.15401405,0.40957898,0.13010709,ok
d77a1f6a-11c8-41ec-b830-8bdc6195623b,EnhancedHybridDEPSO,True,bounds,0.39451322,0.0005859908,0.13092427,0.41375837,0.060218118,ok
ad217d3c-e606-47d9-af5f-59bae16ef25c,ImprovedHybridDifferentialEvolutionPSO,True,bounds,0.20854731,9.330475e-05,0.15480408,0.59581256,0.040742733,ok
65a2d032-b7a3-4f85-bd83-6da92b37f49f,ImprovedHybridDifferentialEvolutionPSO,True,bounds,0.26209646,0.00029220912,0.059318375,0.61563605,0.062656924,ok
357ae491-a0bd-4c12-83a1-d44ee7be5a31,EnhancedHybridDifferentialEvolutionPSO,True,bounds,0.2540386,0.00020300827,0.15399264,0.5366346,0.055131096,ok
39e2b765-399a-4d70-a1a7-48ba253b9465,EnhancedHybridDifferentialEvolutionPSO,True,disc,0.6389192,0.011005653,0.19609724,0.06454656,0.08943139,ok
1d09b879-1b75-498c-9b83-6126cef5dd67,EnhancedHybridDEPSO,True,bounds,0.20854731,9.330475e-05,0.15480408,0.59581256,0.040742733,ok
bdfa4aa7-20b5-42e2-82c7-ea5a50d28060,EnhancedHybridDEPSO,True,bounds,0.021344291,7.513323e-07,0.00907591,0.92416066,0.045418497,ok
569ef702-99fd-4b97-a4b2-cd154be785f9,EnhancedAdaptiveDEPSOPlus,True,bounds,0.021344291,7.513323e-07,0.00907591,0.92416066,0.045418497,ok
1b554501-4d3d-404a-9408-2ce4812d2ade,EnhancedHybridDEPSO,True,bounds,0.017049173,4.4760958e-07,0.009116961,0.9123405,0.06149292,ok
f6f5e533-8f46-41a5-8d96-945160ee0865,NAPSO,True,bounds,0.2892763,0.0035597738,0.25814542,0.39872926,0.05028922,ok
3b1f4fd9-a6a0-43b5-a5b2-4f1e712c4f40,NAPSO,True,bounds,0.11877477,2.9432471e-05,0.10549321,0.7332714,0.042431224,ok
d0f37ebf-de28-43af-8952-6ed0edda3c6a,NAPSO,True,bounds,0.2017661,0.00068038056,0.16854152,0.5843297,0.044682253,ok
99aa9c6b-d36a-4c4e-a4b2-cb2cf5d963c1,NAPSO,True,bounds,0.0016961386,1.2303312e-09,0.0015040666,0.99298793,0.003811819,ok
961ead95-764b-4159-b66e-455ad35d8b1a,NAPSO,True,bounds,0.1772531,0.00053818466,0.23460111,0.5460981,0.04150952,ok
1e2d88c7-c20d-4808-8d81-0d13df332838,NAPSO,True,disc,0.42214903,0.0011641491,0.31643686,0.22073498,0.03951498,ok
3b4adabe-a19e-4ff6-ac21-b86cde2a7ea1,NAPSO_Diversity,True,bounds,0.2017661,0.00068038056,0.16854152,0.5843297,0.044682253,ok
09850d93-b74f-412e-b968-908e070afac1,EnhancedNAPSO,True,bounds,0.009483078,2.2464906e-08,0.0062723244,0.97173053,0.0125139635,ok
255ae2b3-35c4-48b9-b43c-c00c992b92c5,RefinedEnhancedNAPSO,True,bounds,0.1115875,4.687491e-05,0.101348236,0.67874897,0.108268365,ok
a450e894-d6d4-4185-aeb4-7cbe72d28b56,EnhancedNAPSOv2,True,bounds,9.325815e-09,1.1158991e-19,2.2674382e-09,0.9998268,0.0001731444,ok
9d0befd6-06cc-4ccc-b069-291ba60dd2c0,AdvancedMultiSwarmPSO,True,bounds,0.10504772,6.955534e-05,0.09388396,0.78866565,0.01233313,ok
574c697d-2315-414f-abcb-943bbca75858,EnhancedNAPSOLevy,True,bounds,0.020299368,3.2946053e-07,0.015825137,0.9550678,0.008807462,ok
f37eba58-f846-4c74-b506-0f30152e420c,EnhancedNAPSO,True,bounds,0.006800602,3.3003666e-08,0.0036268875,0.90015984,0.08941269,ok
8caf7743-8502-4e6a-808b-ff27c7ad24bd,EnhancedNAPSO,True,bounds,0.013701993,3.7976747e-07,0.012264221,0.96819746,0.0058359834,ok
2b5f18a1-4943-4e5f-89fe-1f6267f92673,AdaptiveNAPSO,True,bounds,0.011265611,2.6632604e-06,0.01962787,0.95989925,0.009204638,ok
59e42fca-60f5-41a6-ad50-4269132442aa,EnhancedNAPSO,True,bounds,3.4369122999999998e-18,1.1602642e-33,6.394099e-20,0.9045555,0.095444486,ok
526d769e-4ab1-4741-a515-173feffa900f,EnhancedNAPSO,True,bounds,0.0008594743,6.150058e-08,0.0008695934,0.9963608,0.0019101053,ok
4a9dffea-54e3-4923-bb87-7cdb0470269a,EnhancedNAPSO,True,bounds,0.0025131893,5.127e-07,0.0005019784,0.9945617,0.0024226091,ok
b0ebc54f-b98a-4d10-bf91-d8658089e49d,RefinedEnhancedNAPSO,True,bounds,0.0040361364,2.9817584e-09,0.006336001,0.95155126,0.038076594,ok
46554d14-4dc4-4aea-b75a-3f559699b639,EnhancedNAPSO,True,bounds,0.0005414313,4.6421023e-10,0.0019967936,0.99562705,0.001834811,ok
92c20d27-7ea0-4ce0-9aed-59bff07147d6,EnhancedNAPSO,True,bounds,0.11483248,7.3956644e-06,0.11089043,0.73317635,0.04109335,ok
d8390d4c-8c95-4ac1-a5f3-60780aeea401,RefinedNAPSO,True,bounds,0.003232031,8.943445e-09,0.0020874827,0.9916326,0.0030479585,ok
19467543-690c-4dcd-9aee-088a3e0e49bb,RefinedNAPSO,True,bounds,0.007491669,4.2851656e-08,0.01409812,0.9708969,0.007513251,ok
1ec114cc-fa4a-4ce7-b036-15c3638f5df1,EnhancedNAPSO,True,bounds,0.11483248,7.3956644e-06,0.11089043,0.73317635,0.04109335,ok
98a1613f-24e8-4dc3-a1d2-948d6e0bdc7c,EnhancedNAPSO,True,disc,0.40157622,0.0005212588,0.28777486,0.23507142,0.07505626,ok
61cb54f6-bfa5-4cfc-92b8-aee215e9dd56,EnhancedNAPSO,True,bounds,0.17464152,1.3621546e-05,0.12553728,0.65236497,0.047442585,ok
b9b3191d-800c-481b-a046-c42250e5d7e3,RefinedNAPSO,True,bounds,9.585004e-05,7.0609074e-12,0.00033581338,0.99909085,0.00047749357,ok
f83fe2ad-bd6f-4135-a686-4ed82a9c5edd,EnhancedNAPSO,True,bounds,0.08572833,9.375583e-06,0.041431025,0.84862834,0.024202917,ok
514f88e9-c030-4c9d-a8a3-349fcef224aa,EnhancedNAPSO,True,bounds,0.05187587,8.495716e-07,0.039600033,0.8702818,0.038241453,ok
fefd9b4a-592f-406b-baf9-d5df1a8e5e89,EnhancedNAPSO,True,bounds,0.36104006,0.0014777585,0.2733562,0.3153568,0.04876917,ok
d1268dc2-ae53-4377-9e8f-588732677dea,EnhancedNAPSO,True,bounds,0.0075253076,5.7850322e-08,0.0123866955,0.966998,0.01308996,ok
79dd93c8-d66d-48f0-ab00-f9ce73fa58e6,AMPSO,True,bounds,0.011553754,3.3615532e-07,0.013778078,0.96001166,0.014656092,ok
02cdd8d8-650f-465b-8c38-4ade6ea4f69c,EnhancedNAPSO,True,bounds,0.00015723112,2.069385e-08,0.00014221661,0.9984819,0.0012185766,ok
9b9363ea-8ba6-43be-8fd8-e9025c6c7f15,EnhancedNAPSO,True,bounds,0.015437094,7.0725e-06,0.009899483,0.96913004,0.005526269,ok
ec342c20-7f1c-4c46-b4a7-608966d39b7e,EnhancedNAPSO,True,bounds,0.0008594743,6.150058e-08,0.0008695934,0.9963608,0.0019101053,ok
31f133af-f3cc-4dc4-9d97-cd2196149a00,EnhancedNAPSO,True,bounds,0.0015928965,9.167643e-08,0.00081013015,0.99208134,0.0055155084,ok
544486ce-57f2-47ca-ae6c-6548e5c1fec2,RefinedNAPSO,True,bounds,0.12374061,2.7877677e-05,0.1164165,0.67380875,0.08600624,ok
3a955152-bbe0-4ec8-86b1-63ff972974bd,EnhancedNAPSO,True,bounds,0.072145835,0.00013274192,0.1082899,0.75119644,0.06823508,ok
a2779569-1fb2-40f0-b9ca-6996085296e8,EnhancedNAPSO,True,bounds,0.122443244,2.2734122e-05,0.11958466,0.72278106,0.03516835,ok
5873c97b-b396-43f6-81b7-e8e0f63848b2,EnhancedNAPSO,True,bounds,0.0007048036,1.6931029e-08,0.000409956,0.99425584,0.004629272,ok
8ce17a0d-9564-42cb-b3f1-5938e2a368f6,EnhancedNAPSO,True,bounds,0.054185856,8.172125e-07,0.046940155,0.8553176,0.043555487,ok
00e48c1d-fdae-4bb3-bc0a-bad8b0fc33ac,ChaoticEnhancedNAPSO,True,bounds,0.12802449,0.0002400465,0.14644098,0.6856369,0.039657585,ok
9f2538ba-970b-4678-a8c2-c3d134263105,EnhancedNAPSO,True,bounds,0.0021516595,5.7936217e-07,0.0015254745,0.9923688,0.003953473,ok
722abc02-5057-46c6-8ddd-f37819dcc857,EnhancedNAPSOv2,True,bounds,0.0027812808,5.822644e-07,0.00057382433,0.9942005,0.0024438172,ok
17787db5-5a64-4d3d-b268-1823604e5207,EnhancedNAPSO,True,bounds,5.427101e-05,9.392425e-10,2.9600804e-05,0.9966682,0.0032479134,ok
68aebfc7-e709-4f98-a10f-24160c55ff6b,EnhancedNAPSO,True,bounds,0.34182364,0.0008118781,0.15132123,0.44586486,0.06017838,ok
11581ae0-881a-4805-a254-0342a3a4d782,EnhancedNAPSO,True,bounds,0.04540511,4.701292e-06,0.02795567,0.8750275,0.051607084,ok
80a87db7-db5c-4539-8d55-5ebe19d9767c,EnhancedNAPSO,True,bounds,0.121043004,7.2307716e-06,0.10431968,0.73333853,0.041291665,ok
d5bc453e-58f9-4b33-b12b-29f69a13e17c,EnhancedNAPSOPlus,True,bounds,0.10252468,1.8951509e-05,0.077562585,0.7850233,0.03487048,ok
94ff17d9-85bd-4b80-b8fa-9c6380f7283e,EnhancedNAPSO_v2,True,bounds,0.0070383684,3.70323e-07,0.021545924,0.9605886,0.010826769,ok
bd7b73ff-5107-494b-ae9b-5cbac302044a,EnhancedNAPSOv2,True,bounds,0.08119942,0.00011807273,0.0589718,0.8481485,0.011562129,ok
dfb6654e-b0ca-4432-b590-d7fd8e8878ad,EnhancedNAPSO,True,bounds,0.013650971,1.28701405e-08,0.048521362,0.9160679,0.021759817,ok
c984654a-4d76-4cab-baf0-9489648c9b57,EnhancedNAPSO,True,bounds,0.0030397456,1.8946796e-10,0.058557354,0.9289465,0.009456338,ok
e5a26fde-83a4-4e61-8f6e-7f786363a28c,EnhancedNAPSO,True,bounds,0.06492358,4.0957143e-06,0.05801312,0.79847383,0.07858539,ok
e6500d98-687a-4a02-82fc-3d35cf78c4c8,EnhancedNAPSO,True,bounds,0.008705055,5.1878704e-08,0.04820143,0.9369546,0.0061388155,ok
b7292cf8-fd3d-4972-a031-16d9ec480f61,EnhancedNAPSO,True,bounds,0.024589691,2.871755e-07,0.03660555,0.9200202,0.018784227,ok
2e24dc3b-a7cd-4799-a14a-d8810dfdb558,EnhancedNAPSO,True,bounds,0.014372232,3.371045e-08,0.014523834,0.9640462,0.007057744,ok
6acc7e7d-3588-428a-96c2-d752d6b79162,EnhancedNAPSO,True,bounds,5.087285e-16,4.8408269999999995e-30,6.530855e-18,0.9999789,2.120931e-05,ok
a5f38a65-ae7b-4355-ac40-6fa338e332be,EnhancedNAPSO,True,bounds,0.011709494,2.5462928e-08,0.05171296,0.9270695,0.009508075,ok
3840a352-1d2e-462f-b106-8b61a97bb958,EnhancedNAPSO,True,bounds,0.013650971,1.28701405e-08,0.048521362,0.9160679,0.021759817,ok
ce2ded23-083d-4ec9-a4cf-cee045cac20e,AdaptiveClusterNAPSO,True,bounds,0.37416694,0.000625413,0.23260489,0.3166862,0.0759165,ok
7b1edaf8-a543-4f4c-9580-a20cead790a1,EnhancedNAPSO,True,bounds,0.000121319244,9.657023e-11,0.00032340593,0.99707603,0.0024791968,ok
fce7d9f1-4dc6-4f67-921a-eb40d523d67e,EnhancedNAPSO,True,bounds,5.4114224e-09,7.1894486e-19,5.010298e-09,0.99983853,0.00016142579,ok
b7fe6854-f206-42de-80f0-8268376d2c95,EnhancedNAPSO,True,bounds,0.0011915901,7.7986656e-10,0.001293485,0.99594146,0.001573417,ok
156c3f22-c785-4779-90d3-1e6c23e0c0c2,EnhancedNAPSO,True,bounds,0.07948679,2.2653642e-06,0.08814672,0.78764826,0.044715963,ok
03f6b235-3f73-4ba1-986a-9606ababe0b8,DEPSO,True,bounds,0.053192228,3.2495576e-05,0.016199894,0.9172117,0.013363654,ok
08989368-5933-4c06-a33c-6bc649bc0779,RefinedEnhancedNAPSO,True,bounds,0.047373235,3.4880097e-06,0.08520892,0.84876174,0.018652655,ok
6656dd32-13f0-4ef4-9fd4-346f60909ada,EnhancedNAPSO,True,bounds,0.00012132159,1.175262e-11,8.8383196e-05,0.99821395,0.0015763588,ok
c322b380-f8f1-4154-a544-be54664e79fc,DNPSO,True,bounds,0.004069723,1.41837715e-08,0.0043880115,0.9886575,0.0028847714,ok
89bcea89-ada7-4d2d-9bd5-6f265d331bd6,EnhancedNAPSO,True,centre,0.127221,0.743214,0.0075301277,4.3004648e-06,0.122030556,ok
01292910-bba7-4c8f-817d-d1bc68f62ed6,DynamicNAPSO,True,bounds,0.073777154,3.6789183e-06,0.058478296,0.73749095,0.13024996,ok
3cbe9c51-9c83-4bac-a0e0-eec299e79f76,ImprovedEnhancedNAPSO,True,bounds,0.20151106,0.0001461257,0.2250038,0.50363463,0.06970438,ok
aa3e713d-c6a3-4de3-aadf-2a8e977e4cfc,EnhancedNAPSOv2,True,centre,0.12812671,0.7432908,0.012517112,1.9757383e-06,0.11606343,ok
a0f07a61-f93c-4a91-b29a-0af2e8747a42,EnhancedNAPSO,True,bounds,3.0549688e-12,5.1454196e-21,2.1622236e-13,0.99997777,2.2141481e-05,ok
3c3208a3-e805-4c72-9139-9e7e1622134d,EnhancedNAPSOPlus,True,bounds,0.20151106,0.0001461257,0.2250038,0.50363463,0.06970438,ok
da07cf83-6f21-441f-a5ac-4c31c3d88190,EnhancedNAPSO,True,bounds,0.25546652,0.00017665165,0.13383469,0.5008283,0.10969381,ok
8187e5ac-5e99-4adf-8bae-504ae39f983f,EnhancedNAPSOAdaptive,True,bounds,0.058277328,2.8923255e-06,0.064916454,0.813189,0.063614324,ok
baa4337e-4ebc-4f5b-9263-1efe35d2eafa,EnhancedNAPSOPlus,True,bounds,0.035633907,9.758055e-08,0.056342114,0.8876665,0.020357367,ok
b21d7d28-79cb-48cf-bfca-8b7e6a57fda0,EnhancedNAPSO,True,disc,0.5357338,0.0012418337,0.31542432,0.066620484,0.08097954,ok
a544b962-bfa3-44dc-88e9-dadfa70e0ba1,EnhancedNAPSO,True,bounds,0.009949184,3.6876262e-08,0.0723695,0.9090646,0.008616572,ok
12425bcf-a4ac-4c86-b414-229c9bbbabba,EnhancedNAPSO,True,bounds,0.032327127,2.331632e-06,0.021957997,0.9389002,0.0068125045,ok
bc426cfc-99a5-4116-9078-94d25e04bf3e,RefinedNAPSO,True,centre,0.44813976,0.3677922,0.058264364,7.628568e-05,0.12572744,ok
d447a3fc-d354-4262-89c7-e8015e52c5de,ImprovedEnhancedNAPSO,True,bounds,0.011752613,6.603886e-08,0.051707577,0.90370435,0.03283548,ok
8bd5dea7-6b4e-4766-9b87-4484839db2e9,ImprovedEnhancedNAPSO,True,bounds,0.04790195,9.523983e-06,0.105232574,0.82700634,0.019849552,ok
54f08531-982d-443e-863d-76a06469f652,EnhancedDynamicNeighborhoodAdaptivePSO,True,bounds,0.011752613,6.603886e-08,0.051707577,0.90370435,0.03283548,ok
4e8f7bd9-8aa1-4730-ae09-693c0b1cd7c6,EnhancedAdaptiveNeighborhoodPSO,True,bounds,0.34325,0.0004885701,0.17595401,0.4488514,0.03145602,ok
6573ce50-93e9-498e-a318-448475c7e2ce,ImprovedEnhancedNAPSO,True,bounds,0.011752613,6.603886e-08,0.051707577,0.90370435,0.03283548,ok
86546db0-b74d-4187-bb22-7f279278303e,ImprovedEnhancedNAPSO,True,bounds,0.00029223636,1.2047652e-09,0.0003569672,0.9957488,0.003601998,ok
5acd1e35-464e-4c68-a343-96ca4b8883fc,AdvancedNAPSO,True,bounds,8.334856e-09,1.4108731e-16,2.6510798e-09,0.99993545,6.455194e-05,ok
5b9cc349-241a-4913-8471-86947de4c6b7,EnhancedNAPSO,True,centre,0.2887356,0.50864553,0.056212556,4.7221416e-05,0.14635906,ok
a4bfa98a-520d-43e9-9f02-dd38d3055f2d,HybridPSODE,True,bounds,0.5528706,0.08271726,0.06761681,0.19278754,0.104007766,ok
f4945dee-e87a-400c-9f7e-58242b302a46,HybridPSODE,True,bounds,0.5442593,0.085127175,0.06764148,0.19477224,0.108199775,ok
43693ff6-6d6e-41b3-bb8e-9a7da5afae8e,EnhancedNAPSO,True,bounds,0.011752613,6.603886e-08,0.051707577,0.90370435,0.03283548,ok
781f263c-9300-4e57-ac1a-5717a2963950,ImprovedEnhancedNAPSO,True,bounds,4.340006e-05,1.3135261e-13,9.0312e-05,0.99661195,0.003254254,ok
a46be751-ca73-4b1b-864f-20fb39178a2f,EnhancedNAPSO,True,bounds,2.2759194e-05,8.2316626e-11,1.3430616e-05,0.9982578,0.0017060138,ok
4f82c326-ac87-485f-8596-da15a1dbca84,HybridQPSODE,True,centre,0.57733715,0.27806526,0.033964794,0.00029197038,0.11034085,ok
bf5790dc-8efb-4d7f-841c-abf3e19370f2,ImprovedEnhancedNAPSO,True,bounds,0.0011779667,6.3441974e-10,0.0012111851,0.9941325,0.0034783198,ok
f4480b94-3f79-4d01-a221-c14f61b67cc7,AdaptiveHybridPSODE,True,bounds,0.0013567072,5.440499e-07,0.0010306835,0.9847169,0.012895209,ok
21ee6d44-129e-4518-a387-79eb7b50bfc4,HybridPSODE,True,bounds,0.5442593,0.085127175,0.06764148,0.19477224,0.108199775,ok
aa44085d-2f06-4bb5-9781-4f8f34d06454,HybridPSODE,True,bounds,0.5605763,0.10146898,0.05756416,0.16997764,0.11041294,ok
5a87cc9c-c083-415a-b662-b1c6cb611d5a,HybridPSODE,True,bounds,0.5786894,0.102548435,0.049071986,0.15983632,0.10985388,ok
3e3f4580-0402-4f49-8207-7ad8e0bd189f,EnhancedHybridPSODE,True,bounds,0.2757666,0.0017037869,0.10250046,0.5666412,0.053387903,ok
44dd361f-864a-4d4b-a170-a5ef1f4f415b,HybridPSODE,True,bounds,0.5442593,0.085127175,0.06764148,0.19477224,0.108199775,ok
022a5fbb-3bb5-40b2-a4e5-9195e341cab3,EnhancedHybridPSODE,True,bounds,0.02444843,4.0520594e-05,0.0047793346,0.9072486,0.06348306,ok
e13d11cb-4ec7-4332-993b-66fe08399803,EnhancedHybridPSODE,True,bounds,0.08443668,0.00010616783,0.01650241,0.8652233,0.033731416,ok
f8266d15-c025-4c1f-9e50-7547c322c6f2,AdaptiveHybridPSODE,True,bounds,0.061370097,5.995525e-05,0.013993186,0.9081688,0.016408043,ok
2f200a7b-5554-48ca-9fd4-71bc4c97d010,HybridPSODE,True,bounds,0.5305539,0.011031543,0.06285856,0.34255728,0.05299867,ok
dd42be71-1b9f-4b16-93d9-5e456ac64038,RefinedHybridPSODE,True,bounds,0.04494641,0.00010343095,0.011638626,0.8954023,0.04790919,ok
b20bdff6-ef57-43b5-9d2f-3d7288c4bc05,EnhancedHybridPSODE,True,bounds,0.0013567072,5.440499e-07,0.0010306835,0.9847169,0.012895209,ok
6a0efa23-fb85-4721-8142-0a1f3252809a,EnhancedHybridPSODE,True,bounds,0.002610336,8.6598696e-08,0.002789348,0.9921959,0.0024043347,ok
dec3abf7-787b-4248-ba96-3d027d6c534d,HybridPSODE,True,bounds,0.00035229267,2.596618e-07,9.2514296e-05,0.99252415,0.007030805,ok
12260251-4da6-4c8a-8ce0-d7a38ee1f22d,DynamicHybridPSODE,True,bounds,0.002972186,8.2871065e-07,0.00086953474,0.990414,0.0057434607,ok
8ac30956-c6a6-4d69-b9e5-d09bfc4eb9fb,HybridPSODE_Improved,True,bounds,0.0015630492,1.1440586e-06,0.0008274682,0.90600425,0.09160419,ok
c6fbc103-8ae2-4718-9113-e5dae8be5f20,HybridPSODE,True,bounds,0.17699286,0.0020734998,0.02141222,0.6675911,0.13193037,ok
144eb6b0-2b9c-41c6-afa5-8ff016497492,HybridPSODE,True,bounds,0.5305539,0.011031543,0.06285856,0.34255728,0.05299867,ok
e7053dfe-685c-4d3f-9be6-4ee29259cc7c,EnhancedHybridPSODE,True,bounds,0.08728115,0.00019678645,0.0382952,0.83806694,0.036159955,ok
13b7ddfe-58ab-4cac-ae74-3ccd1cad3561,HybridPSODE,True,bounds,0.00035229267,2.596618e-07,9.2514296e-05,0.99252415,0.007030805,ok
e28ec6d7-a3a4-49a2-93b4-b6177b7dd085,HybridPSODE,True,bounds,0.00035229267,2.596618e-07,9.2514296e-05,0.99252415,0.007030805,ok
2f40750d-3e89-452b-8bf6-0b97ab50240f,HybridPSODE,True,bounds,0.00035229267,2.596618e-07,9.2514296e-05,0.99252415,0.007030805,ok
f0babb0f-9249-4ae0-9e15-cbbcdf81d58f,EnhancedHybridPSO,True,bounds,0.62692934,0.039985053,0.05576139,0.19722262,0.08010159,ok
aa340c2d-25a3-4d0c-9d54-52b358caba84,EnhancedHybridPSODE,True,bounds,0.06555417,4.0876977e-05,0.010253106,0.89567673,0.02847513,ok
782bf32a-1454-4815-a14c-6641e4635821,EnhancedHybridPSODE,True,bounds,0.13391252,0.0005811686,0.028897291,0.73892057,0.09768845,ok
f162bb31-e644-47b6-84a0-437f05874d4c,HybridPSODE,True,bounds,0.5305539,0.011031543,0.06285856,0.34255728,0.05299867,ok
640dac1c-b238-4561-93a0-03cda794a409,HybridPSODE,True,bounds,0.5305539,0.011031543,0.06285856,0.34255728,0.05299867,ok
8d2262b7-2286-4396-a1dc-06792a7fc632,EnhancedHybridPSODE,True,bounds,0.36599368,0.0039760033,0.103896596,0.46366796,0.062465735,ok
83cd9779-a092-49bf-8bb0-1ba535ca8ecd,ImprovedHybridPSODE,True,bounds,0.00091109646,3.804962e-06,8.897624e-05,0.98755515,0.011441076,ok
f29d637f-176b-48c8-8ea0-c4aa4d2dd526,QuantumInspiredPSO,True,bounds,0.06347773,0.00022188853,0.013100992,0.8847025,0.038496867,ok
4156f580-08ea-4f6e-9ece-bf248076a951,HybridPSODE,True,bounds,2.4356964e-07,3.250224e-13,8.782435e-08,0.9999067,9.291749e-05,ok
5b135b96-bfa5-42e9-b29f-06803956d407,HybridPSODEPlusPlus,True,bounds,0.12503353,0.001022945,0.017241247,0.8133335,0.043368794,ok
4e525902-9245-4dbe-995f-ee1e5fe74523,EnhancedHybridPSODE,True,bounds,0.04396766,0.0001050463,0.00642694,0.9282424,0.021258,ok
52222383-4d1d-40b6-8ba8-447381d62ee9,HybridPSODEAE,True,bounds,0.00034908316,4.649843e-07,0.0001536419,0.995118,0.004378723,ok
eb37005c-b73d-47c8-b3c9-086610589c1e,HybridPSODE,True,bounds,7.3128203e-06,1.1054965e-08,1.5341362e-06,0.9989766,0.0010145433,ok
dbb88311-c144-4a9d-8e20-2580d7c05a2f,EnhancedHybridPSODE,True,bounds,0.0013567072,5.440499e-07,0.0010306835,0.9847169,0.012895209,ok
74efd40b-008e-4a14-9afb-9942def4f1ca,HybridPSODE,True,bounds,0.00035229267,2.596618e-07,9.2514296e-05,0.99252415,0.007030805,ok
a09149c7-8a89-4cbe-94b4-16acf7d70c7d,EnhancedHybridPSODE,True,bounds,0.01871452,4.4296867e-06,0.007405502,0.9683501,0.0055254614,ok
96beacbc-3a3a-4351-886f-ce6bab78bf6b,HybridPSODE,True,bounds,0.0013567072,5.440499e-07,0.0010306835,0.9847169,0.012895209,ok
96bb63e5-9097-4c87-9512-6ae470acb65b,EnhancedHybridPSO,True,bounds,0.0697179,0.00035819126,0.009062308,0.89187163,0.02898993,ok
ad997a8f-a682-464b-987a-5129b6d7b481,HybridPSODE,True,bounds,0.0013567072,5.440499e-07,0.0010306835,0.9847169,0.012895209,ok
f60aabc5-318a-4bd1-a161-fb24dde5bbd1,HybridPSODE,True,bounds,0.0013567072,5.440499e-07,0.0010306835,0.9847169,0.012895209,ok
209dbacc-ace2-40cb-8b4e-1cfceb420923,HybridPSODEPlus,True,bounds,0.4343813,0.0020812023,0.12336894,0.38945454,0.050713968,ok
619f4669-5856-45e4-9d07-14219fccb1fa,HybridPSODE,True,bounds,0.0013567072,5.440499e-07,0.0010306835,0.9847169,0.012895209,ok
4163b7ac-1c78-418a-98bd-d171f4a34932,HybridPSODE,True,bounds,0.40231696,0.008245941,0.05819305,0.46338692,0.06785712,ok
d58ee51d-ba8c-4c96-9e31-d3f38a2ec2d8,HybridPSODE,True,bounds,0.00035229267,2.596618e-07,9.2514296e-05,0.99252415,0.007030805,ok
ad1deb01-cbc8-4003-9513-d31a1fbbaa0e,HybridPSODE,True,bounds,0.0039780387,2.8481412e-07,0.0021146066,0.9860938,0.007813228,ok
105ec029-ff00-47ee-a1fc-b35bf90470f2,HybridPSODE_Improved,True,bounds,0.09652449,0.00015648977,0.018817434,0.82786167,0.056639947,ok
2a411707-ce58-4b79-98af-9900e2d832fc,EnhancedHybridPSODE,True,bounds,0.0051467973,1.0353642e-05,0.0040033963,0.95395184,0.036887504,ok
69012d68-93c8-4929-ae7f-004d0ac1ddbf,HybridPSODE,True,bounds,0.00035229267,2.596618e-07,9.2514296e-05,0.99252415,0.007030805,ok
b2f04e74-640a-4589-92cc-cdb91b82aad0,HybridPSODE,True,bounds,0.00035229267,2.596618e-07,9.2514296e-05,0.99252415,0.007030805,ok
ec8c3171-d1e4-4dc2-9af1-294a2b8c93cf,HybridPSODE,True,bounds,0.00035229267,2.596618e-07,9.2514296e-05,0.99252415,0.007030805,ok
9a0ead0f-ca99-4a97-820f-ee277181303c,HybridPSODE,True,bounds,0.08462624,4.3034877e-05,0.015265847,0.88232577,0.01773915,ok
86f08397-6c25-4da7-87ca-479d6bd43eda,HybridPSODE,True,bounds,0.52978146,0.063184395,0.08958979,0.22046694,0.09697743,ok
81366e02-8f2a-4a8e-81a7-88b3be5f03b0,HybridPSODE,True,bounds,0.0013567072,5.440499e-07,0.0010306835,0.9847169,0.012895209,ok
af5039db-62db-47d4-a5d4-4ce6b86adc2a,HybridPSODE,True,bounds,0.36373457,0.020786507,0.050244547,0.51538026,0.049854178,ok
b6389381-9849-4738-93eb-4cb12933129c,HybridPSODE,True,bounds,0.53149897,0.020244833,0.08264475,0.30744997,0.05816145,ok
a465fbc6-23e1-43e1-b8a1-7608f89b3098,HybridPSODE,True,bounds,0.53209335,0.011622901,0.055520616,0.34364286,0.057120323,ok
722dbd43-b921-4532-a995-bc6501fac01a,HybridPSODE,True,bounds,0.0013567072,5.440499e-07,0.0010306835,0.9847169,0.012895209,ok
34b9bb57-59f9-4ee5-8926-068b192a7458,RefinedHybridPSO,True,disc,0.562891,0.0015759042,0.19887067,0.15410736,0.08255507,ok
8903a89f-ba20-4ab5-82fb-4ef2f0ecdd42,HybridPSODE,True,bounds,0.01816472,9.740064e-05,0.004367007,0.94328034,0.034090497,ok
241b7b11-d269-496e-860e-e5f15cca135e,HybridPSODE,True,bounds,0.4336756,0.007065259,0.085320406,0.38406837,0.08987038,ok
e8ef4264-4e5e-40a8-b06e-19d894c3fef6,HybridPSODE,True,bounds,0.00035229267,2.596618e-07,9.2514296e-05,0.99252415,0.007030805,ok
82116279-b520-4254-a549-c7d6de92ce0e,HybridPSODE,True,bounds,0.5547415,0.00979443,0.057415448,0.31887102,0.05917766,ok
595511eb-162d-4daf-b053-235360fa0c69,HybridPSODE,True,bounds,0.36905172,0.0033109956,0.07582226,0.4474052,0.10440983,ok
bba2b3ec-0a91-4172-bd95-7e59832c0b00,HybridPSODE,True,bounds,0.14930974,0.0014519852,0.04261869,0.681981,0.12463854,ok
fc67d9e1-702d-4beb-80b1-fd327064de75,EnhancedHybridPSODE,True,bounds,0.39359123,0.0037066806,0.14752156,0.3762803,0.07890022,ok
66e62081-7333-4d66-b781-3dbf046997ad,HybridPSODE,True,bounds,0.0013567072,5.440499e-07,0.0010306835,0.9847169,0.012895209,ok
443fcc6a-6dd2-42c7-93e9-573b6f7713ec,AdaptiveHybridPSODE,True,bounds,0.038411833,0.0004970744,0.013195889,0.9159112,0.03198406,ok
e05bad6d-f867-4053-b495-522553dbeb2a,EnhancedHybridPSODE,True,bounds,0.09959574,9.2627924e-05,0.040234383,0.8363861,0.023691077,ok
e4aea2c5-0133-488c-864d-94c340ee9e91,AdaptiveHybridPSODE,True,bounds,0.038411833,0.0004970744,0.013195889,0.9159112,0.03198406,ok
cc5623ed-a7e1-4293-8361-7dcde758cf55,EnhancedAdaptiveHybridPSODE,True,bounds,0.12580803,0.014779289,0.016477432,0.7526553,0.09027989,ok
06e8b149-6838-4a27-8516-4ac52e79b691,EnhancedAdaptiveHybridPSODE,True,bounds,0.04703299,0.0007073557,0.008643964,0.8500307,0.093584925,ok
78ac9366-8720-433c-a8a1-78f6db09f20b,AdaptiveHybridPSODE,True,bounds,0.03378445,0.00012490813,0.009049667,0.93592215,0.021118807,ok
7e00f548-c445-4be0-9e9d-ea8fa59d9998,EnhancedAdaptiveHybridPSODE,True,bounds,1.3725907e-05,3.7609765e-10,2.7378706e-05,0.9993844,0.0005745057,ok
e3eed76e-c64e-4243-9454-e30651fdf9ad,AdaptiveHybridPSODE,True,bounds,0.055749964,8.007532e-05,0.016088206,0.9092348,0.01884687,ok
5034723a-3e4f-4bcf-ad02-3a2d653a49b6,AdaptiveHybridPSODE,True,bounds,0.01086638,1.9673396e-06,0.008706907,0.971368,0.009056709,ok
73454cf5-6306-4e21-9e40-55019efd5d8c,AdaptiveHybridPSODE,True,bounds,0.070875935,0.001049844,0.012382704,0.8620024,0.053689145,ok
25efa2e1-435b-42e1-86d1-c4fc932d775b,AdaptiveHybridPSODE,True,bounds,0.023524443,1.0830412e-05,0.02300037,0.9419192,0.011545093,ok
984dc8fc-b474-42ad-ade8-7a72ba1347f3,AdaptiveHybridPSODE,True,bounds,0.07592927,0.00017076095,0.016792651,0.88351214,0.023595229,ok
9506fb83-2567-434d-bf24-963a177be05e,EnhancedAdaptiveHybridPSODE,False,unif,0.72142154,0.012725377,0.1293492,0.070065886,0.06643802,ok
3d6b1c93-3b71-4359-8926-ba0d9f8eba00,AdaptiveHybridPSODE,True,bounds,0.07106079,0.0018172299,0.008859797,0.8834535,0.034808703,ok
aed4e8ec-85e0-4abb-bcd6-6b93001c79fc,AdaptiveHybridPSODE,True,centre,0.1996998,0.6982943,0.014790038,4.489691e-05,0.08717111,ok
c5f3fe99-6e8e-4c63-9eed-c0b00caae3a2,SynergisticAdaptivePSODE,True,bounds,0.0002296367,3.7268357e-08,0.00010096912,0.9965769,0.0030924105,ok
ad993b3a-ee55-4b3f-907b-c9e62b57efd4,EnhancedAdaptiveHybridPSODE,True,bounds,0.08326803,8.8721594e-05,0.022736637,0.86857826,0.025328342,ok
854e4f13-8ad7-4ec5-b317-467286bf57d9,EnhancedAdaptiveHybridPSODE,True,bounds,0.046547413,0.0010528173,0.013698382,0.8941349,0.044566546,ok
a8cdcc14-bfdf-4513-96a3-101e0f69fb6b,MemoryAdaptivePSO,True,bounds,0.018508043,1.7246717e-05,0.011809526,0.95263034,0.017034931,ok
7d8d460a-2896-4f93-b02b-2b30ec44cab1,AdaptiveHybridPSODE,True,bounds,0.083476566,0.00025424507,0.013565557,0.7939731,0.10873052,ok
bb53a240-30ae-4218-a9c0-313113736f76,AdaptiveHybridPSODE,True,bounds,0.05191301,0.00012525657,0.012759904,0.9016283,0.03357342,ok
9b9a5909-b8b4-4fee-8e43-60b18481a999,AdaptiveHybridPSODE,True,bounds,0.028395291,6.239231e-05,0.008631914,0.9227215,0.040188897,ok
36b9ce64-89e4-47be-9843-ccf75782d929,EnhancedDifferentialPSOSA,True,bounds,0.4185702,0.0016993027,0.087038875,0.4421259,0.05056573,ok
02503fc4-8459-4371-9564-980bef782078,EnhancedMultiStrategyOptimizer,True,disc,0.5939282,0.0024407052,0.21766742,0.13713846,0.04882524,ok
e28d1144-cd3a-4eb9-a8fa-0497270ed00e,EnhancedMultiStrategyOptimizer,True,disc,0.5939282,0.0024407052,0.21766742,0.13713846,0.04882524,ok
8a95427e-23a6-4bf4-a3fc-a6323e52f5a5,EnhancedMultiStrategyOptimizer,True,disc,0.5939282,0.0024407052,0.21766742,0.13713846,0.04882524,ok
3f15aaa2-d785-4889-a1ca-ffee109f6b57,EnhancedMultiStrategyOptimizer,True,disc,0.5939282,0.0024407052,0.21766742,0.13713846,0.04882524,ok
552ea91e-5aaf-4e12-b456-2cf3aed6240b,EnhancedMultiStrategyOptimizer,False,unif,0.5536965,0.0014252481,0.20842226,0.1868721,0.049583875,ok
669f9782-39d9-48e8-80a8-e05952658790,EnhancedMultiStrategyOptimizer,False,unif,0.5872891,0.006037744,0.17270413,0.1671516,0.06681738,ok
10670a65-e06a-4e98-b7f2-bd33e0b92ff7,EnhancedMultiStrategyOptimizer,False,unif,0.5872891,0.006037744,0.17270413,0.1671516,0.06681738,ok
55f931cb-e431-4b29-a78c-845d059e544a,AdvancedMultiStrategyOptimizer,True,bounds,0.35824695,0.0003707309,0.27915955,0.33083287,0.03138993,ok
f0233196-c919-4460-9021-8c168e342c4b,AdvancedMultiStrategyOptimizer,True,bounds,0.35824695,0.0003707309,0.27915955,0.33083287,0.03138993,ok
045847c2-66be-41c5-aa9f-ce7791501404,AdvancedMultiStrategyOptimizer,True,bounds,0.35824695,0.0003707309,0.27915955,0.33083287,0.03138993,ok
4696bf73-a92c-4822-a9ba-9ab3ed171ff9,RefinedHybridPSO_DE,True,bounds,0.02729169,9.0613156e-07,0.032529317,0.91398174,0.026196271,ok
97027ae7-2941-410f-ad2d-b3d97b50d3ca,EnhancedHybridPSO_DE,True,bounds,0.02693208,3.9288743e-06,0.026141757,0.9363953,0.0105269905,ok
114caca8-ee0d-416f-a7f7-62f25977e462,RefinedHybridPSO_DE,True,bounds,0.066945314,1.0957373e-05,0.039572254,0.87506217,0.018409207,ok
1fa59511-b9a1-4a6e-80dd-573cb81d1faa,EnhancedHybridPSO_DE,True,bounds,0.07168905,7.084739e-05,0.036978167,0.8372973,0.053964652,ok
b5b25e6c-1c62-4cbd-9e65-dede3cc62ae8,HPSO_ADE,True,bounds,0.40537015,0.001253257,0.1725343,0.37954062,0.041301664,ok
946671df-bb5b-455c-ad42-1eecf9999af4,HPSO_ADE,True,bounds,0.42984542,0.0033866703,0.19357459,0.32989442,0.043298908,ok
26b8edef-4a34-4ccd-93f2-6c6c3d0daba7,Enhanced_HPSO_ADE_Levy,True,bounds,0.4173971,0.002602805,0.15547761,0.37432992,0.050192516,ok
2bb24980-ef54-4fc2-b8fa-75de68a93083,EnhancedHybridPSODE_v2,True,bounds,0.03919267,4.158691e-07,0.025315875,0.92707765,0.008413404,ok
daa5e8fe-b54e-4687-a4e5-28bbd7f5e19a,Enhanced_HPSO_ADE,True,bounds,0.034903683,2.2016911e-06,0.020183865,0.8890561,0.055854112,ok
cae39148-1cff-4c89-b4c9-4daaf5f1fcdf,HPSO_ADE,True,disc,0.6938329,0.006960618,0.22394595,0.030363526,0.044897046,ok
24b0b5ae-ed51-4cd8-a8d9-75229e7898a2,EnhancedHybridPSODE,True,bounds,0.090073556,0.00046560462,0.02419346,0.8710125,0.0142548205,ok
6cb2679d-12d8-4b74-bd3a-dd974b51fad1,HPSO_ADE_Enhanced,True,bounds,3.0392196e-06,9.842923e-12,1.3434609e-06,0.9987887,0.001206931,ok
f275becb-d319-4efb-af03-af5c57793fc0,HPSO_ADE,True,bounds,0.26490954,0.00084116944,0.096857704,0.5811025,0.056289107,ok
1842762b-faaa-477c-b32f-f0f17335558b,HPSO_ADE_Enhanced,True,bounds,0.3049131,0.00029332537,0.12439612,0.49809408,0.072303414,ok
6b11e415-56ce-47b1-bd9d-b4cafe64e13a,HPSO_ADE_Enhanced,True,bounds,0.3398229,0.00035845995,0.24740052,0.3516854,0.06073268,ok
b2e5e629-6714-49ba-b445-4a0e79687972,APSO_DE,True,bounds,0.26490954,0.00084116944,0.096857704,0.5811025,0.056289107,ok
499c43e9-f1f2-4b69-b2cc-b18420c82b1b,HPSO_ADE_Improved,True,bounds,0.17175043,8.0377e-05,0.19464001,0.609146,0.024383146,ok
3a30df09-ed04-4b52-93b2-a22053253dd9,HPSO_ADE_Improved,True,bounds,0.41578132,0.0009638127,0.14347911,0.38875216,0.05102365,ok
edccbe9b-a12e-4529-861a-ed26f25737a0,HPSO_ADE_Enhanced,True,bounds,0.04735341,3.1477043e-06,0.038229134,0.90035695,0.014057343,ok
f99fb4ac-9d41-4062-b029-85c126a01a3c,HPSO_ADE_Enhanced,True,bounds,0.20950556,0.0010218008,0.056482054,0.68532217,0.04766844,ok
58a50254-9ec8-4345-acc8-94657fe7746a,HPSO_ADE_Enhanced_Refined,True,bounds,0.4353746,0.00096977863,0.16217048,0.3605015,0.040983684,ok
33be8ffa-c8c0-43e0-a23e-27ebb07c0e3a,HPSO_ADE_Enhanced,True,bounds,0.17175043,8.0377e-05,0.19464001,0.609146,0.024383146,ok
ed416368-3d9e-4e3b-8b74-a016a6282974,AdvancedPSO_DE,True,bounds,0.2808528,0.00063394936,0.24898021,0.4084205,0.061112534,ok
00b41148-f1c3-4ba3-8331-6cc3ed9ed1e7,HPSO_ADE_Enhanced,False,unif,0.65719914,0.027547631,0.16110632,0.106478356,0.04766854,ok
93d9723b-8ca2-4e31-b25f-4966a96f7218,HPSO_ADE_Enhanced,True,bounds,0.3049131,0.00029332537,0.12439612,0.49809408,0.072303414,ok
6e204176-47a7-4b1c-8d22-2e6fa748acde,HPSO_ADE_Enhanced,True,bounds,0.28915536,0.00050895236,0.10334605,0.5484964,0.058493238,ok
fa2b7bbe-21d9-4042-98c2-f4120bb3c0be,HPSO_ADE_EliteBoost,True,disc,0.35907426,0.00014684533,0.27629048,0.2685904,0.09589802,ok
c03c0e49-824b-4c39-b7f9-2cec3935767b,HPSO_ADE_Enhanced,True,bounds,0.21001153,6.192837e-05,0.10483547,0.6450357,0.040055387,ok
defe3ba0-85d6-4f1f-a4f9-776e341cee96,HPSO_ADE_Enhanced_Quantum,True,bounds,0.30129087,2.0352905e-05,0.2203829,0.4141944,0.06411143,ok
93947c9b-4b39-428c-b798-d59f14b802b7,HPSO_ADE_Enhanced,True,disc,0.5331079,0.013539568,0.2124658,0.1794086,0.06147818,ok
d6decf6e-9591-4616-9bbd-d6de71c24631,HPSO_ADE_Enhanced,True,bounds,0.25721538,7.8428784e-05,0.16931085,0.5149828,0.05841256,ok
8e960925-f9f4-4dd8-9b9b-1352cd9490be,HPSO_ADE_Levy,True,bounds,0.550706,0.0009496007,0.108369514,0.22672458,0.11325024,ok
5ec51c11-b482-4df7-aefe-648b382cebda,HPSO_ADE_Enhanced,True,bounds,0.3049131,0.00029332537,0.12439612,0.49809408,0.072303414,ok
7f01f0d7-d3df-433c-8f91-c5bb05b98cb3,HPSO_ADE_Enhanced,True,bounds,0.2623846,0.00022122133,0.18651229,0.5185734,0.03230846,ok
97e717a9-b939-4e9f-b369-c8db5b32de8c,HPSO_ADE_Enhanced,True,bounds,0.001071491,7.049893e-10,0.00088357215,0.9953569,0.002687963,ok
298bbfd5-4499-4695-9958-47e8dd8823eb,HPSO_ADE_Enhanced,True,bounds,0.4353746,0.00096977863,0.16217048,0.3605015,0.040983684,ok
ad51ff23-0992-45d3-98a6-a11db9ca377c,HPSO_ADE_Enhanced,True,bounds,0.05959612,4.023958e-06,0.09309645,0.8283247,0.018978748,ok
71206063-f8c2-4769-9d15-c271c5da0946,HPSO_ADE_Enhanced,True,bounds,0.05959612,4.023958e-06,0.09309645,0.8283247,0.018978748,ok
93a838b0-b406-4dc1-870d-da89e7734d58,HPSO_ADE_Enhanced,True,bounds,0.041810594,4.0112254e-06,0.015848657,0.8994581,0.04287863,ok
ebad4e3f-b4ef-4dba-9ea0-462067fb5a5f,HPSO_ADE_Enhanced,True,bounds,0.045354713,3.7157442e-06,0.020492373,0.9149402,0.019209035,ok
b65e9cb9-9ff1-4d82-a0e8-002b55b3789d,HPSO_ADE_Enhanced,True,bounds,0.00016333009,2.0460734e-12,9.942455e-05,0.998701,0.001036261,ok
119b2c53-7178-4634-8938-426d777231bf,HPSO_ADE_Enhanced,True,bounds,0.001071491,7.049893e-10,0.00088357215,0.9953569,0.002687963,ok
749f47eb-e337-462f-834c-f2e054f56e85,HPSO_ADE_Enhanced,True,bounds,2.3583757e-06,1.1859421e-14,3.1080358e-06,0.9998518,0.00014283022,ok
22c028e5-66a0-4196-8842-c30bccc8704f,HPSO_ADE_Enhanced,True,bounds,3.189235e-05,8.573001e-12,6.681191e-05,0.9990941,0.000807149,ok
a5501879-ad34-4f34-aaee-8306dab51582,HPSO_ADE_Enhanced,True,bounds,5.576713e-05,1.2221871e-11,6.263423e-05,0.9974016,0.0024799353,ok
1fa7e61f-4e69-4052-8286-ee1e5c12b77c,HPSO_ADE_Enhanced,True,bounds,5.576713e-05,1.2221871e-11,6.263423e-05,0.9974016,0.0024799353,ok
a80e45ad-a64c-454f-8ccb-cb3e552799f0,HPSO_ADE_Enhanced,True,bounds,0.000119937016,2.733423e-09,0.00010988256,0.99613637,0.0036337927,ok
547e3852-6428-45e5-8805-2e5201ac8c0c,HPSO_ADE_Enhanced,True,bounds,8.5498745e-05,2.0003301e-11,0.00013698818,0.99762267,0.002154891,ok
e7efcba5-d6f9-460b-82a4-69e9abc96e09,HPSO_ADE_Enhanced_V2,True,bounds,2.6500584e-09,5.7152034e-16,1.2226984e-09,0.9997659,0.00023412696,ok
b7a1d013-c6a5-49ad-bdc1-1a94c4038511,Enhanced_HPSO_ADE,True,bounds,4.5730762e-06,2.0326314e-11,2.980288e-06,0.99816287,0.0018295522,ok
40aa176c-3d26-4bc4-b1dd-b2a7400e0e95,HPSO_ADE_Enhanced,True,bounds,0.00023634944,6.6138435e-11,0.00022010037,0.99691266,0.002630785,ok
88e4bb8e-2ed8-4cf4-8b9c-7813815aa9c9,HPSO_ADE_Enhanced_V2,True,bounds,1.2482342e-06,6.171996e-15,8.323768e-07,0.99865496,0.0013429808,ok
d02b3079-bab5-4570-9070-38144c5af122,HPSO_ADE_Enhanced,True,bounds,0.002254501,1.3738928e-09,0.003410178,0.98928136,0.005053946,ok
702b054e-d8bb-4abc-9854-b06f5f26858e,Enhanced_HPSO_ADE,True,bounds,0.00012736159,5.2530653e-12,8.046431e-05,0.9989315,0.0008605387,ok
63b917b4-bb8a-4122-94fc-607fe7396285,HPSO_ADE_Enhanced_v2,True,bounds,1.0880686e-05,2.6117151e-14,2.4538401e-06,0.98920536,0.010781354,ok
6b9eea36-185d-40b1-970c-540120dbf1d6,HPSO_ADE_Enhanced,True,bounds,0.00014467408,5.1261544e-08,0.00010043976,0.9985617,0.0011931842,ok
ba601f43-5b3a-4198-816f-c54d6b5e1047,HPSO_ADE_T_C_Enhanced,True,bounds,5.576713e-05,1.2221871e-11,6.263423e-05,0.9974016,0.0024799353,ok
e4d0d2ec-2248-4028-8d70-42ce921e7be8,HPSO_ADE_Enhanced,True,bounds,5.576713e-05,1.2221871e-11,6.263423e-05,0.9974016,0.0024799353,ok
01d7cdb7-2368-41e2-b3a9-2b9bbdc8179d,HPSO_ADE_MemoryEnhanced,True,disc,0.41368827,0.0004775583,0.30970418,0.19571462,0.08041537,ok
887def86-e3b3-4fe4-b2d7-f09fb54a6ffc,HPSO_ADE_Enhanced,True,bounds,6.129092e-05,8.286821e-12,4.681799e-05,0.99802226,0.0018696543,ok
bbc10aa8-023a-477a-a9f2-a1d4ceb76dc5,HPSO_ADE_SelfAdaptive,True,bounds,0.12735866,1.7560818e-05,0.111147486,0.7209547,0.04052158,ok
cbb9df87-8b0c-4c2e-b762-ec9c0c12d918,HPSO_ADE_Enhanced,True,bounds,0.003552127,2.8664067e-09,0.0019951786,0.9858219,0.008630738,ok
07829a51-e421-4174-82b0-e837306b32ed,HPSO_ADE_Enhanced_V2,True,bounds,0.0034265958,2.4990396e-10,0.0052986136,0.9786428,0.012631921,ok
dbc8596e-91aa-4c54-8b90-36a190cde957,HPSO_ADE_Enhanced,True,bounds,0.015480612,4.779896e-08,0.01324123,0.9651822,0.006095906,ok
409fa2bf-ebd5-443b-9fad-c9ad743be5af,HPSO_ADE_LF_Chaos,True,bounds,4.1730797e-05,2.1714173e-09,2.5582596e-05,0.9977439,0.0021888288,ok
881bb9b6-ac91-4235-a8e8-4f9384c2e9ff,HPSO_ADE_Enhanced,True,bounds,0.0025256174,3.3005477e-08,0.005952029,0.98789847,0.003623909,ok
26926b8d-671a-4cf9-b013-f0ff67c27606,HPSO_ADE_Enhanced,True,bounds,1.1511107e-05,5.194884e-13,6.4280066e-06,0.99917954,0.0008025005,ok
67bff410-a9b1-44bd-bf73-c4d19bcb5b22,HPSO_ADE_AdaptiveNeighborhood,True,bounds,0.004620114,3.4056175e-06,0.0024030467,0.98953617,0.0034372932,ok
71de0aff-85d7-47c4-9e6f-f88b59bac193,HPSO_ADE_AdaptiveNeighborhood,True,bounds,0.004620114,3.4056175e-06,0.0024030467,0.98953617,0.0034372932,ok
085de988-d2fd-4f3b-988f-b3f0504f4ead,HPSO_ADE_AdaptiveNeighborhood,True,bounds,0.004463696,4.481295e-08,0.005759288,0.9882765,0.0015004922,ok
fec8f500-2d2b-427e-9187-c84b49a5fb02,Improved_HPSO_ADE_AdaptiveNeighborhood,True,bounds,0.043013327,7.330233e-07,0.031612974,0.90731585,0.018057141,ok
007ee63e-71a6-4163-957f-da9b72754654,HPSO_ADE_SelfAdaptive,True,bounds,0.00854874,4.630627e-07,0.005974607,0.97951335,0.0059626787,ok
a8131566-c483-42bb-9318-13d7c673440b,HPSO_ADE_AdaptiveNeighborhood,True,bounds,0.022075936,8.845551e-06,0.0056328014,0.96743965,0.0048427964,ok
1973615e-4b91-480b-a918-e490249bf2db,HPSO_ADE_AdaptiveNeighborhood,True,bounds,2.8467193e-05,7.2057166e-13,1.1841015e-05,0.9993226,0.0006371291,ok
cec86453-cb10-4065-851e-3e7bcff6d6b3,EnhancedHPSO_ADE,True,bounds,0.5860107,0.0018056094,0.10375583,0.25333816,0.055089712,ok
c8f457cf-89d3-4c81-a0c7-cebfdc5d5a3f,HPSO_ADE_AdaptiveNeighborhood,True,bounds,1.2067728e-08,1.16089855e-11,7.326083e-10,0.99577665,0.0042233462,ok
85dd3acf-d51d-4d7f-9b54-124266a2ecf6,HPSO_ADE_AdaptiveNeighborhood,True,bounds,0.00010446218,9.371807e-09,0.0002128242,0.9984406,0.0012420896,ok
78f6daea-524a-4736-988d-525511e420de,HPSO_ADE_AdaptiveNeighborhood,True,bounds,0.026486967,3.457867e-05,0.0039532324,0.96547043,0.004054892,ok
44efa99f-488b-434d-a732-789428692a41,HPSO_ADE_AdaptiveNeighborhood,True,bounds,0.023402719,1.7508297e-05,0.009696631,0.96227664,0.004606433,ok
3d78ec84-7253-4522-8cd0-fdff592baec3,HPSO_ADE_AdaptiveNeighborhood,True,bounds,0.0006076957,1.1248373e-08,0.00046659246,0.99140376,0.0075219744,ok
377bc695-fd13-4928-acad-40fb30ea59cf,QuantumWavePSO,True,bounds,0.0009944926,9.610012e-08,0.0009486151,0.9917296,0.0063271695,ok
8ce3bbbe-f14c-49dd-a45b-60086f74d45d,HPSO_ADE_MultiPhaseChaos,True,bounds,0.0017087825,4.410081e-08,0.001403021,0.9912051,0.005683081,ok
1710012b-f69b-459d-a112-c081b78cdc46,HPSO_ADE_AdaptiveNeighborhood,True,bounds,0.5274517,0.003991396,0.13195857,0.28615916,0.0504392,ok
3caf4749-967e-465e-8493-69a71b3b711f,HybridPSO_GA,True,bounds,0.28337738,0.000260014,0.17821795,0.48462433,0.05352025,ok
7c3fab69-9b3b-4fdf-9f81-64c1b563a9d1,HPSO_ADE_AdaptiveNeighborhood,True,bounds,0.013456337,7.5035377e-06,0.0063453102,0.97649133,0.0036995797,ok
485d0850-492d-4bdc-93e7-b466cd6bd479,EnhancedHybridPSO_GA,True,bounds,0.00019494937,8.9750304e-11,0.00013612035,0.997496,0.0021729472,ok
c4233621-3eca-4eb4-970e-e1122733cbdd,AdaptiveHybridPSO_GA,True,bounds,0.19719715,0.00014301745,0.16755356,0.5557466,0.07935968,ok
813a2d30-4f7a-4ede-8e6f-6c077e474f3b,AdaptiveHybridPSO_GA,True,bounds,0.41831,0.0016551226,0.23692898,0.29841068,0.044695273,ok
b815157c-bfb5-4055-9229-3cfd51d8526f,HybridPSO_GA_Adaptive,True,bounds,0.012617452,1.1057311e-07,0.010539971,0.973759,0.0030834596,ok
f906e67e-0785-4ce4-b4ba-57310fe53065,ImprovedHybridPSO_GA,True,bounds,0.04763919,5.150227e-06,0.02280485,0.92126065,0.008290128,ok
6edcdca5-b2e2-4fc1-98f8-4a392a2cd549,EnhancedHybridPSO_GA,True,bounds,0.010446796,5.46063e-08,0.005555126,0.98127395,0.0027240196,ok
63ef10fe-c33f-49d8-8c52-e6ceb3645c56,EnhancedHybridPSO_GA,True,bounds,0.07532628,1.994598e-06,0.10576843,0.7790412,0.039862115,ok
2ec66a7c-8aa0-45f6-a14f-2a45f905bbb1,EnhancedHybridPSO_GA,True,bounds,0.013585979,1.2240838e-07,0.014183087,0.96382177,0.008408975,ok
225b7f01-3225-4952-84b6-b2d8e9e4de5e,EnhancedHybridPSO_GA,True,bounds,0.00647107,1.8658566e-08,0.00791725,0.9799655,0.005646267,ok
ad5f4e5a-4eb6-4390-95f6-db0f8913505c,AdaptiveHybridPSO_GA,True,bounds,0.00018351663,9.859112e-10,0.00012138367,0.9978989,0.0017961368,ok
8debbc14-835a-40fd-b47b-f08e5cca4ec5,HybridPSO_GA,True,bounds,0.002382628,1.6855648e-08,0.0014857899,0.9918574,0.0042740433,ok
346981e8-973b-4aa5-919d-e5f696029e62,ImprovedHybridPSO_GA,True,bounds,0.023956243,2.4685386e-08,0.028031439,0.9224535,0.025558826,ok
65bb201b-0aa1-4e78-840c-3e8d74aa1664,HybridPSO_GA,True,bounds,0.002382628,1.6855648e-08,0.0014857899,0.9918574,0.0042740433,ok
8869c997-3d2e-4417-96f2-bd37e81b8879,HybridPSO_GA,True,bounds,0.39012462,0.00019406543,0.16818652,0.38103357,0.060461223,ok
dd7fbb37-c125-464e-9981-c6acb0cbe6cf,ImprovedHybridPSO_GA,True,bounds,0.002382628,1.6855648e-08,0.0014857899,0.9918574,0.0042740433,ok
151e2fbe-4076-4bdf-9089-63cfb7c94fd6,HybridPSO_GA,True,bounds,0.002382628,1.6855648e-08,0.0014857899,0.9918574,0.0042740433,ok
ef4dc621-c4c8-464d-8765-0865b812caa7,AdaptiveHybridPSO_GA,True,bounds,0.00029695223,1.237436e-11,0.00022984049,0.9959566,0.0035166251,ok
dd6b7f34-c71e-49b5-b492-d06d4508b8c5,EnhancedDynamicPSO_GA,True,bounds,4.260549e-06,4.7796146e-11,5.592744e-06,0.99972236,0.00026781682,ok
87bdd88e-9cdf-4943-9de3-2f4b450efa88,EnhancedAdaptiveHybridPSO_GA,True,bounds,0.000482568,8.656217e-09,0.00018199802,0.99761903,0.0017163133,ok
9ecd4a86-5992-4aec-8722-ed17d786d402,AdaptiveHybridPSO_GA,True,bounds,0.0045755194,8.730048e-08,0.0049967216,0.97766006,0.012767607,ok
7d98dbf0-4fa3-4f5c-b330-fdaeb025081c,AdaptiveHybridPSO_GA,True,bounds,1.0895123e-05,5.4765404e-13,5.578135e-06,0.99921787,0.00076555635,ok
f66536b9-20b7-4ba6-a8c2-16f0e2954e70,EnhancedAdaptiveHybridPSO_GA,True,bounds,0.09112846,0.00031235334,0.061542936,0.82941115,0.017605219,ok
a81a907f-3142-4c99-929e-2a599bc2d867,EnhancedAdaptiveHybridPSO_GA,False,unif,0.7106217,0.087182894,0.11081576,0.0026333074,0.088746294,ok
c2d8ea35-5b27-4da2-8ae9-93c23ac20616,RefinedAdaptiveHybridPSO_GA,True,bounds,0.31198114,0.009752729,0.17351408,0.45248967,0.052262403,ok
8e78d7b8-a961-4ff5-bec1-57e58cfa1e43,AdaptiveHybridPSO_GA_Elitism,True,bounds,0.00077473454,2.2998678e-11,0.0005481796,0.98905814,0.009619006,ok
51f62d74-3bea-4304-92bf-190021aadb3b,AdaptiveHybridPSO_GA,True,bounds,0.017432597,3.4684754e-07,0.02661407,0.95004845,0.0059045227,ok
5ee9d58d-7af2-4a36-8aac-d17c2e041be4,AdaptiveHybridPSO_GA,True,bounds,0.033774126,6.5933034e-07,0.028924614,0.920719,0.016581569,ok
6bae0430-0699-4347-81f4-3c0d5ba04859,EnhancedAdaptiveHybridPSO_GA,True,bounds,0.04908265,5.192756e-07,0.03236026,0.89220893,0.026347693,ok
ef7be8e6-5fab-482f-8aa7-c16efe658186,AdaptiveHybridPSO_GA,True,bounds,0.0021355064,3.1916297e-10,0.0019343421,0.98776615,0.0081639895,ok
9b15515e-82bc-4b38-a7bb-afaf4437e30e,EnhancedAdaptiveHybridPSO_GA,True,bounds,0.011792534,4.475466e-08,0.00638467,0.9757191,0.0061036935,ok
65f55ede-afda-49ef-a238-48b5dcdf9795,AdaptiveHybridPSO_GA,True,bounds,0.00082485273,5.6420744e-09,0.00081957225,0.99635917,0.001996431,ok
d042c4a3-7169-4ee2-bb63-42506adb0f3a,AdaptiveHybridPSO_GA,True,bounds,0.022286791,1.919085e-06,0.040490888,0.9339382,0.0032821845,ok
2b3d2f72-43dc-4558-a5f4-6cc0756704bd,EnhancedAdaptiveHybridPSO_GA,True,bounds,0.0013857435,2.0835333e-07,0.0009183242,0.9948225,0.0028731942,ok
b26526e6-96d9-40a3-bf5b-36f373f60d8e,AdaptiveHybridPSO_GA,True,bounds,9.78152e-06,1.4845175e-13,5.7769585e-06,0.9993144,0.0006699639,ok
4b55d5b0-b0de-45db-842b-72071cd48273,AdaptiveDynamicPSO_GA,True,bounds,0.023557227,3.0010017e-07,0.012571417,0.9562731,0.007597997,ok
a5a40f3a-1132-48b2-809d-e2798e9025d4,AdaptiveHybridPSO_GA,True,bounds,0.004983428,1.4363548e-07,0.0033006177,0.98679084,0.004924969,ok
f7ac590f-05e7-4d26-a392-649781b2c2ec,EnhancedAdaptiveHybridPSO_GA,True,bounds,0.0024393005,2.299867e-07,0.0016468354,0.9931105,0.0028031308,ok
2e871d07-335a-47c1-9e4a-19eb56d4db68,AdaptiveHybridPSO_GA,True,bounds,1.0351194e-05,1.9225294e-12,9.339014e-06,0.9991089,0.0008714417,ok
424c022f-f244-4218-8312-a60560bfddc5,EnhancedAdaptiveHybridPSO_GA,True,bounds,0.017432597,3.4684754e-07,0.02661407,0.95004845,0.0059045227,ok
ac3ea82f-eeb6-4d75-9c62-461ded20d59d,AdaptiveHybridPSO_GA,True,bounds,0.022286791,1.919085e-06,0.040490888,0.9339382,0.0032821845,ok
eaf21e86-a586-403b-94ff-ec81bfcfa2b8,AdaptiveHybridPSO_GA,True,bounds,0.022286791,1.919085e-06,0.040490888,0.9339382,0.0032821845,ok
7c7d697e-8664-4ac8-a9cf-c3103c82c943,RefinedHybridPSO_GA,True,bounds,0.092054114,0.00015878543,0.029264415,0.8686625,0.0098602455,ok
b923ae6e-fda2-4d1d-8b16-52209d293ab9,ChaoticallyAugmentedPSO_GA,True,bounds,0.040586814,4.8879116e-07,0.026524732,0.90547353,0.027414422,ok
8e349e7c-e43a-4f81-9ff2-f3bbb93777ac,AdaptiveHybridPSO_GA,True,bounds,0.04241705,1.2317263e-06,0.042037107,0.9051533,0.010391306,ok
83c41302-4bd6-410a-9505-fca01747b05a,AdaptiveHybridPSO_GA,True,bounds,0.0040149484,3.8947093e-07,0.0018750805,0.989419,0.0046905996,ok
d49504d6-d744-42f4-b255-b654773c545e,AdaptiveHybridPSO_GA,True,bounds,0.006576923,9.2046264e-08,0.0071761296,0.9787489,0.0074978834,ok
9b52a676-04cd-45f9-b3b5-b127018d2270,AdaptiveHybridPSO_GA,True,bounds,0.017432597,3.4684754e-07,0.02661407,0.95004845,0.0059045227,ok
3f3e6710-26db-4cc3-9798-90a9d1b8cab3,AdaptiveHybridPSO_GA,True,bounds,1.4361477e-06,2.2236518e-13,8.6977053e-07,0.99960977,0.00038800627,ok
2138b330-38c9-48fa-ac05-fc0b5547858c,EnhancedHybridPSO_GA,True,bounds,0.011741347,4.1336907e-08,0.006661471,0.9744345,0.007162689,ok
28fa3e93-1d4e-44c3-afea-212cbab12af5,AdaptiveHybridPSO_GA,True,bounds,0.013359281,1.0483835e-07,0.009481476,0.97155654,0.0056026215,ok
1119e5bb-8f19-4c1b-8404-f9cbd17b25f1,AdaptiveHybridPSO_GA,True,bounds,0.017432597,3.4684754e-07,0.02661407,0.95004845,0.0059045227,ok
bb464493-161e-446c-9c0e-41e52fad28b4,EnhancedAdaptiveHybridPSO_GA,True,bounds,0.008994205,5.656701e-07,0.010236011,0.97680837,0.003960929,ok
523164b1-b470-450b-9713-e3d69f5cd175,EnhancedAdaptiveHybridPSO_GA,True,bounds,0.06577936,3.4851728e-05,0.035167463,0.8535377,0.045480676,ok
7b4f42bd-4b73-4ff8-bf58-090e36f87b6d,AdaptiveHybridPSO_GA,True,bounds,0.043515198,3.3494332e-05,0.054062076,0.8923173,0.010071902,ok
32e18fc6-d0ec-49e2-868c-e8c218aff62a,AdaptiveHybridPSO_GA2,True,bounds,0.0032275175,2.3395186e-08,0.003794487,0.98271334,0.010264644,ok
34e5144b-1382-4574-af3a-7c39c9231251,AdaptiveHybridPSO_GA,True,bounds,0.00090241805,2.5534602e-11,0.0005961137,0.99396074,0.004540747,ok
05f23cf8-fbb8-415d-8fae-0a039b40fcbe,EnhancedAdaptivePSO_GA,True,bounds,0.004913614,3.771205e-08,0.004816287,0.98352116,0.006748891,ok
d62d30aa-d0f8-4e86-8d01-036f3513c636,RefinedAdaptiveHybridPSO_GA,True,bounds,0.017432597,3.4684754e-07,0.02661407,0.95004845,0.0059045227,ok
6de07348-2110-417e-9e7a-a33abc103da9,AdaptiveHybridPSO_GA,True,bounds,0.017432597,3.4684754e-07,0.02661407,0.95004845,0.0059045227,ok
53c4585d-9e3c-49af-aeef-80ea432e6f43,RefinedAdaptiveHybridPSO_GA,True,bounds,0.093940094,1.34249085e-05,0.077607594,0.8024014,0.02603747,ok
a1cc2508-c330-4703-8670-471f4ccc7684,EnhancedAdaptiveHybridPSO_GA,True,bounds,0.094808176,5.5332282e-05,0.0978701,0.7982074,0.0090589905,ok
a4a2feff-9287-4db1-8e51-0814f1741d44,AdaptiveHybridPSO_GA,True,bounds,0.022286791,1.919085e-06,0.040490888,0.9339382,0.0032821845,ok
dee00de7-7540-4e5b-a760-fb1f64849917,AdaptiveHybridPSO_GA,True,bounds,0.017432597,3.4684754e-07,0.02661407,0.95004845,0.0059045227,ok
b0307543-025c-451c-8f7a-cf1a7e0ccd80,EntropyBasedHybridPSO_GA,True,bounds,0.003961949,4.3290456e-06,0.0017190424,0.9806306,0.013684067,ok
ff96fd76-8a84-4b5f-8a40-b4e665a34d22,AdaptiveHybridPSO_GA,True,bounds,0.0033811275,9.254505e-09,0.0021484536,0.9922016,0.002268767,ok
b826f111-9dbd-4090-9b80-b86046695e2f,EnhancedHybridPSO_GA,True,bounds,0.01795866,1.439936e-06,0.020323953,0.95989764,0.0018183182,ok
732390c9-2cfc-4e0a-849b-10131bcbbe0b,EnhancedAdaptiveHybridPSO_GA,True,bounds,0.00085728924,4.4355488e-11,0.00037010483,0.9965558,0.002216754,ok
443821b3-e4d4-4c67-b14c-a19f0b3a5a20,AdaptiveHybridPSO_GA,True,bounds,0.043515198,3.3494332e-05,0.054062076,0.8923173,0.010071902,ok
771b6184-a9e5-435e-8c3f-b4413fec0e9e,AdaptiveHybridPSO_GA,True,bounds,0.043515198,3.3494332e-05,0.054062076,0.8923173,0.010071902,ok
8a7fd4e0-22f8-4f65-9671-d497258dc223,AdaptiveHybridPSO_GA,True,bounds,0.00026023877,1.1015623e-11,0.00017779368,0.9968866,0.0026753915,ok
d0937430-6a53-42bf-b14f-99c4b80943ff,AdaptiveHybridPSO_GA,True,bounds,0.00077473454,2.2998678e-11,0.0005481796,0.98905814,0.009619006,ok
b96c3a66-e2aa-495e-ad95-451a750f3688,AdaptiveElitePSO_GA,True,bounds,2.7417167e-05,1.094593e-13,1.6719609e-05,0.9994667,0.00048903865,ok
ee52d3ca-e21c-4a1e-9188-32ebfba8428e,RefinedAdaptiveHybridPSO_GA,True,bounds,0.024790293,1.1041463e-07,0.017232114,0.9330349,0.024942605,ok
1acfe0e4-5cb5-42ec-a21f-eeb11a3fa27d,EnhancedAdaptiveHybridPSO_GA,True,bounds,0.0001692271,7.6643095e-11,0.00018837705,0.99797803,0.0016643169,ok
003f69ff-e5ee-49f3-95d6-a6f7a0cb0b97,AdaptiveHybridPSO_GA,True,bounds,0.00029695223,1.237436e-11,0.00022984049,0.9959566,0.0035166251,ok
69bc926d-6d21-40a3-85ad-45ef0dbfbcbe,AdaptiveHybridPSO_GA,True,bounds,0.022846248,9.734528e-08,0.009069867,0.9533089,0.014774862,ok
ca93a135-5a8f-403a-ac78-d9f03cbbbdbf,RefinedAdaptiveHybridPSO_GA,True,bounds,0.004970518,5.652971e-08,0.0019331839,0.98934793,0.0037483666,ok
f45cb9a6-ef4e-4e92-8d99-4f0742e5f1bc,ImprovedAdaptiveHybridPSO_GA,True,bounds,0.0023624524,3.2347596e-09,0.005120837,0.9834865,0.0090302825,ok
6ad6b3bf-5b8e-41d8-a7e4-a754f8636801,EnhancedHybridPSO_GA,True,bounds,0.048558924,3.6809456e-06,0.021630649,0.9226621,0.0071446137,ok
0986e5ca-d021-4acb-88bb-cb81c11b444b,EnhancedAdaptiveHybridPSO_GA,True,bounds,0.01296102,3.4672905e-07,0.07079585,0.91238374,0.0038590063,ok
6c28e9f4-bb51-4a79-bdc2-8388832a320e,AdaptiveHybridPSO_GA,True,bounds,6.954099e-05,1.097545e-12,3.485341e-05,0.9984913,0.0014042953,ok
ca9e741b-2548-4114-86d0-c3d3af3858f3,EnhancedAdaptiveHybridPSO_GA,True,bounds,0.0004076614,4.104935e-11,0.0002730093,0.9953872,0.0039321384,ok
be4356f1-d783-4e2c-9509-563ba5e4fa40,AdaptiveSwarmPerturbation,True,disc,0.44534177,0.00037327653,0.2520067,0.21903388,0.083244294,ok
40c82831-6354-4350-9941-3a29dcf1e3a7,EnhancedAdaptiveSwarmPerturbation,False,unif,0.7975975,0.0134252785,0.089893304,0.040348448,0.05873536,ok
79868bb8-dd6c-46c3-9eda-03ceed5202c8,EnhancedAdaptiveHybridPSO_GA,True,bounds,0.00034847014,1.1754496e-08,0.00020334411,0.99612826,0.0033198923,ok
fd74cb39-cee2-4700-ba94-f14c1fef1a93,QuantumInspiredSwarmOptimization,True,bounds,6.276945e-07,1.9217711e-12,8.3763064e-07,0.99953824,0.0004602485,ok
89dd54d5-bff8-4ff8-974b-d57bb8a66e11,QuantumInspiredAdaptiveSwarmPerturbation,False,unif,0.74930453,0.011369511,0.1164335,0.0057734856,0.11711898,ok
22088a21-a690-4610-93c4-4b1a03570e5b,EnhancedAdaptiveHybridPSO_GA,True,bounds,1.5891706e-05,6.0645884e-13,5.3235917e-06,0.99925554,0.00072321354,ok
a2778cce-f601-446f-ab0d-37af487ab51d,ImprovedAdaptiveSwarmPerturbation,True,disc,0.5348663,0.0016419211,0.2500276,0.1419513,0.07151286,ok
b7918432-5210-4638-a8d9-93149f2cdace,AdaptiveDifferentialSwarmOptimizer,True,bounds,0.45157924,0.0004659269,0.16581059,0.30554622,0.07659797,ok
d3460622-fa3b-4220-aad0-904d394b1684,QuantumInspiredSwarmPerturbation,False,unif,0.71089745,0.06679065,0.106048964,0.010378333,0.10588451,ok
647ae4dc-0d80-4982-b7ad-ca7902deb218,AdaptiveQuantumSwarmPerturbation,True,disc,0.50854146,0.00086339924,0.25431845,0.18470743,0.051569223,ok
153a1c2c-349a-4958-a8eb-83ab03c2c551,AdaptivePSOWithDiversity,True,centre,0.4492538,0.39384168,0.036246844,0.00046853177,0.120189145,ok
0699631d-d699-42fb-a907-a90d264c8c7b,EnhancedSwarmPerturbationWithClustering,False,unif,0.7544943,0.053598374,0.10982623,0.0071086185,0.07497248,ok
a9b4e495-4dcd-43ce-9800-67e257c2cf3a,QuantumInspiredAdaptiveSwarm,True,bounds,7.490663e-12,7.178186499999999e-18,1.9659293e-14,0.9997721,0.0002279133,ok
eb210d59-4968-4c9d-9b85-0afea09d762f,EnhancedHybridPSO_DE,True,disc,0.6576561,0.0050360495,0.2275494,0.061178613,0.048579864,ok
b0b6299a-83ef-4dee-b362-21360eaf8a84,EnhancedHybridPSO_DE,True,bounds,0.20482793,4.9683185e-05,0.11493248,0.61570084,0.06448903,ok
fdbb4390-1d44-439c-8d1f-a19ca11e6538,EnhancedHybridPSO_DE,True,bounds,0.27809513,0.00035525605,0.1322863,0.5458602,0.043403227,ok
e7f8f4ca-f8fa-4e0c-9c2f-c678e721e6ee,EnhancedHybridPSO_DE_SA,True,bounds,0.23925419,0.0025803288,0.09947478,0.5572333,0.101457395,ok
f1ef3df9-ee48-4206-a011-29266a0c96fa,EnhancedHybridPSO_DE,True,bounds,0.2079705,0.00036613565,0.15827093,0.5893865,0.04400591,ok
817f2570-aeaf-4581-b7fe-d8c6cc78ccf8,HybridPSO_DE,True,bounds,0.16619003,1.4056367e-05,0.1554351,0.61572444,0.062636346,ok
e2517ade-28d2-4963-9112-c470b2538783,EnhancedHybridPSODE,True,bounds,0.0023119347,7.3032236e-10,0.0007072612,0.98549765,0.011483214,ok
0c7832dd-db0d-4bcb-bc0f-14081fd2392b,HybridPSODE,True,bounds,0.43465567,0.0010213975,0.14600973,0.37854072,0.0397725,ok
3e60e71d-b3c6-459d-9d22-ac8e13387136,HybridPSODE,True,bounds,0.3272536,0.0004271063,0.13633451,0.46618897,0.06979584,ok
1564d0d1-2096-473a-9dab-0b4b07c4cfe0,HybridPSODE,True,bounds,0.66170454,0.0074047893,0.12637961,0.14921108,0.055299975,ok
51bc34ab-be82-4965-b8cc-1f8c7d1b8a41,HybridPSODE,True,bounds,0.17895864,0.0002594827,0.10481747,0.69141185,0.024552522,ok
1b50a2c0-7765-4fdf-aac9-afae58606a16,HybridPSODE,True,bounds,0.17895864,0.0002594827,0.10481747,0.69141185,0.024552522,ok
8334d21e-e09e-47f0-bc41-dac196f84a27,RefinedHybridPSODE,True,bounds,0.08719659,0.0001478756,0.07864986,0.8091508,0.02485491,ok
f4259380-d8d7-41fd-baf5-a038b201c097,RefinedHybridPSODE,True,bounds,0.05622797,7.6208074e-05,0.01684788,0.8586028,0.0682451,ok
8e77b84c-9aab-4228-9fa1-99bfce511178,RefinedHybridPSODE,True,bounds,0.099312924,0.00019648462,0.04638638,0.83018494,0.02391928,ok
d4ceb08c-52cf-496e-a322-6b904e8b8629,EnhancedAdaptiveHybridPSODE,True,bounds,0.10171038,3.4133147e-06,0.07702677,0.74675924,0.0745002,ok
4e0a7c2a-a9ff-4d14-8015-c0a25fff351a,RefinedHybridPSODE,True,bounds,0.047879413,7.17055e-05,0.02995216,0.89737463,0.024722137,ok
34a0a9ed-fe92-4373-9793-a92b98d938c1,RefinedHybridPSODE,True,bounds,0.099312924,0.00019648462,0.04638638,0.83018494,0.02391928,ok
aebae6c6-ecff-4579-963c-6ae4c3b46988,RefinedHybridPSODE,True,bounds,0.099312924,0.00019648462,0.04638638,0.83018494,0.02391928,ok
87eb73fb-44cb-4740-890f-282738e56def,RefinedHybridPSODE,True,bounds,0.099312924,0.00019648462,0.04638638,0.83018494,0.02391928,ok
d5d363ef-dd31-46ec-a3dc-81b26478a730,RefinedHybridPSODE,True,bounds,0.22563164,0.0005621115,0.16011599,0.5749983,0.038691945,ok
488b29d1-84bf-4ed7-9316-c257990b37f6,EnhancedHybridPSODE,True,bounds,0.37806958,0.000437919,0.15858053,0.42871016,0.03420176,ok
0230427a-9ff7-4f9e-a2c4-bd846e838801,EnhancedHybridPSODE,True,bounds,0.3768065,0.0004987407,0.1510314,0.43356586,0.03809753,ok
23db54f3-04f2-4e6c-8fc5-0589ad4cf788,EnhancedHybridPSODE,True,bounds,0.47333255,0.0016599388,0.21631101,0.26285422,0.04584235,ok
0aaa85e2-f6ed-469f-a1c9-bb8fe050e569,EnhancedHybridPSODE,True,bounds,0.4165619,0.00078583806,0.20534837,0.33411932,0.043184567,ok
267fb132-174c-421c-a6ce-0924165b1885,EnhancedHybridPSODE,False,unif,0.6841619,0.013577606,0.19787356,0.037252773,0.06713415,ok
4a424217-924c-42e1-8d27-4711d472a907,EnhancedHybridPSODE,True,bounds,0.29770237,0.00029510935,0.15798517,0.48907414,0.05494321,ok
a6c5bc6e-db38-4351-99cd-e9b357a73a00,EnhancedHybridPSODE,True,bounds,0.4752931,0.002038091,0.1218966,0.2101084,0.19066384,ok
3da34ee8-ea79-4a97-b419-b8689b677802,RefinedHybridPSODE,True,bounds,0.49976993,0.0020798293,0.18530175,0.24541633,0.067432135,ok
fe7f22b7-fc78-4736-aa50-c64c3d5c4b50,RefinedHybridPSODE,False,unif,0.6224228,0.0062713088,0.1344327,0.1622136,0.07465963,ok
2e4c9d47-93f1-4075-b270-6d02b65b12d1,RefinedHybridPSODEV2,True,bounds,0.41050062,0.005826418,0.18495262,0.35727727,0.0414431,ok
5c49fc1b-2497-4ce3-8c5e-96bddb871fea,EnhancedHybridPSODE,True,bounds,0.15510571,0.00045996025,0.073419616,0.73964024,0.031374477,ok
6b1e00fc-4cb0-4ae7-9ac9-6ab597a3b8e9,RefinedHybridPSODE,False,unif,0.6116766,0.0045817955,0.22248654,0.104467586,0.05678753,ok
e3ff7158-8ed5-45ba-afef-7a91fa614679,RefinedHybridPSODE,False,unif,0.6224228,0.0062713088,0.1344327,0.1622136,0.07465963,ok
95c6af95-60d5-4191-a23b-15797ee9bb29,RefinedHybridPSODE,False,unif,0.63519347,0.0051848087,0.142597,0.1449845,0.07204032,ok
9472e38e-0d10-4eae-837d-2f6ac610c306,RefinedHybridPSODE,True,bounds,0.5775736,0.0020986763,0.1332711,0.20621116,0.080845445,ok
b6eec9ad-5c90-4380-a684-977b51bdd355,RefinedHybridPSODE,True,bounds,0.5969143,0.0024124791,0.122304365,0.1956221,0.08274675,ok
b0da071f-b1ae-478f-bef7-b6b160c1c49b,RefinedHybridPSODE,False,unif,0.60589415,0.002449434,0.13914874,0.17525582,0.077251874,ok
d285dcb2-5602-4fb2-a60a-2f8295bee379,RefinedHybridPSODE,False,unif,0.6065673,0.0024386882,0.1371344,0.17637448,0.07748513,ok
68567a6d-cdba-4cd3-840f-0086f27d5c80,RefinedDynamicChaosPSODE,False,unif,0.60150206,0.0022783086,0.13999417,0.15871087,0.097514644,ok
81f58657-f881-491a-b9b3-e1b7d451654b,RefinedDynamicLearningPSODE,False,unif,0.71186656,0.12365045,0.08476739,0.0023347284,0.07738084,ok
e7031d1a-fb96-4a1f-9a9c-92fab57a310f,RefinedDynamicLearningPSODE,False,unif,0.75145304,0.082520306,0.0778931,0.0012386382,0.08689489,ok
cba1feef-765a-4be4-8fc5-e2aca4f1cc0c,RefinedDynamicLearningPSODE,False,unif,0.71186656,0.12365045,0.08476739,0.0023347284,0.07738084,ok
cb819679-5c92-4071-a167-c9825153b641,AdaptiveAttractionMultiSwarmPSO,True,bounds,0.08800544,0.0019280178,0.026178926,0.7966676,0.08722006,ok
8a25717d-42a3-4060-8da3-6d68aeeac666,AHSO,True,bounds,0.01598818,5.8322094e-08,0.015759,0.9207886,0.047464132,ok
f4efc9a3-204d-4671-a8d6-ca25140fa7f3,AHSO,True,bounds,0.0072808103,9.796418e-09,0.0100614,0.97942287,0.00323487,ok
a444b778-055c-4e55-b8ef-96c20a1d667e,E_AHSO,True,bounds,0.00021129174,1.8426292e-11,9.346849e-05,0.9986227,0.001072537,ok
fe41e453-48c7-416c-a230-22f89fae4d90,AHSO_Adaptive_MultiSwarm,True,disc,0.6601049,0.025473654,0.23524427,0.0102920355,0.068885244,ok
1e9aa045-2980-47df-af03-2af3983d8ef3,AHSO_Enhanced,True,centre,0.5293102,0.2466832,0.041676905,0.0001508194,0.18217885,ok
e5944ce4-1b8b-4995-8bab-d981a9acf18d,EnhancedAHSO,True,centre,0.5968361,0.22864513,0.06390728,0.000120224024,0.11049126,ok
6217651d-d382-409c-bb87-ca2965c2e188,AHSO_ChaoticAdaptive,True,centre,0.2945756,0.5116928,0.020845827,0.0128219025,0.16006392,ok
fcaa62a6-b79b-4fac-a1d6-3d69349d8e53,AdaptiveSwarmMutation,True,disc,0.5242959,0.0028030444,0.21783099,0.20553425,0.0495358,ok
f75ac4c4-822e-48a1-a4a7-8769791b0602,DynamicVelocitySwarmMutation,True,gaps/clusters,0.58547914,0.17565313,0.058728255,0.0015437675,0.17859563,ok
ae8bfd8b-5958-4245-b714-6596badb5a8d,EnhancedDynamicVelocitySwarmMutation,True,centre,0.49684286,0.2648524,0.07039167,0.00032552955,0.16758746,ok
f98b6fd4-2bc4-4d2a-beb2-0be2e5607064,EnhancedParticleSwarmDCM,False,unif,0.62756133,0.18377586,0.0839773,0.0011509348,0.10353462,ok
826ccc6e-34f4-441a-85ff-9164a0e03017,AdaptiveQuantumParticleSwarm,False,unif,0.687395,0.005275055,0.17361285,0.086094484,0.04762266,ok
005c1b57-c39a-4eef-b89f-706597f2c83c,EnhancedVelocitySwarmMutation,False,unif,0.7404016,0.091898635,0.062059175,0.004647514,0.10099306,ok
1bfb1766-cd68-49a4-86cd-5f16cadd61a1,AdaptiveParticleSwarmSCM,True,disc,0.60888636,0.0117889,0.18409058,0.13205726,0.063176885,ok
aec0a76b-bfd9-4df5-a873-cda54747c659,EnhancedParticleSwarmDCM,False,unif,0.77721137,0.03641267,0.10437627,0.007827284,0.07417237,ok
4e1be8bc-ff42-4b8e-87da-ffd96591853b,AdaptiveParticleSwarmDL,False,unif,0.7388131,0.08729296,0.089931734,0.016162494,0.06779977,ok
9e830327-44c5-4341-8cd2-fe5ad1af5385,AdaptiveParticleSwarmCGE,False,unif,0.67311275,0.012631163,0.17130372,0.07017358,0.07277872,ok
c102d69a-d0e7-47f6-81f5-9d7968fa5c3e,EnhancedParticleSwarmDCM,False,unif,0.675349,0.12843677,0.07635084,0.00077494665,0.11908847,ok
425537b7-8227-4ae9-8410-9b86f0aa95fb,EnhancedParticleSwarmDCM,False,unif,0.5966339,0.18576744,0.084680125,0.00048136798,0.13243723,ok
ba15b10a-f5c1-4e69-bd6d-727b52852442,EnhancedParticleSwarmDCM,False,unif,0.66362685,0.1492858,0.07554931,0.0005396201,0.11099845,ok
29aa660d-bfcc-42f6-a960-f0a6a44ab16b,EnhancedParticleSwarmDCM,True,centre,0.57389164,0.23276536,0.072218135,0.00061381253,0.12051101,ok
dabc560d-3b74-487c-8280-65c49eeca736,EnhancedParticleSwarmDCMAIW,False,unif,0.6866694,0.119666874,0.093689635,0.019243075,0.08073101,ok
6bdfe294-4cdb-4b69-a8b1-d0a1b9032005,AdaptiveParticleSwarmCovarianceMutation,False,unif,0.7004552,0.11449623,0.081810534,0.0014337993,0.10180426,ok
2dc54304-1df3-483a-a5e0-220bb6173fbb,EnhancedParticleSwarmDEEB,True,disc,0.6371342,0.011226495,0.19437222,0.07232366,0.08494347,ok
d6a084b3-5794-4615-bb63-4a0244544b7d,EnhancedAdaptiveParticleSwarmDRLS,False,unif,0.5966339,0.18576744,0.084680125,0.00048136798,0.13243723,ok
fce3b875-8adb-49fa-b2c5-d89c9cee3b91,HybridPSODE,True,bounds,0.4116593,0.0010130445,0.25441587,0.28109878,0.051812984,ok
59de2180-49d4-4633-a8d6-3975dc027204,HybridPSODE,True,bounds,0.53461933,0.0021500203,0.18375406,0.22571206,0.053764522,ok
d77c2fec-bc01-47f4-8c64-41e126a17ca9,EnhancedHybridPSODE,True,bounds,0.19211936,0.00043182835,0.07460108,0.69284546,0.040002298,ok
dd5f8f56-0f3c-471e-b24c-f7bef776baa0,HybridPSODE,True,bounds,0.3415535,0.0052193394,0.28556103,0.3203354,0.047330774,ok
a91021fa-da94-4174-9488-d3a740d2c0ed,HybridPSODE,True,disc,0.29135248,0.0029841894,0.33161688,0.29503095,0.07901548,ok
278f048e-283a-4f29-917f-a1e0d436b005,AdaptiveHybridPSODE,True,bounds,0.17760864,2.863713e-05,0.10885652,0.669121,0.04438513,ok
793b518f-b336-435f-b679-fc38638779d0,HybridPSODE,True,bounds,0.23855528,3.8381855e-05,0.08748473,0.37623742,0.29768413,ok
8fbc20c9-9237-434a-b4b6-7c361fdf6f8a,HybridPSODEPlus,True,bounds,0.49547195,0.00197807,0.111696795,0.3377741,0.05307908,ok
f5cd939f-8bad-46de-b4f0-a70bcf673780,HybridPSODE,True,disc,0.5006932,0.0033596815,0.2558176,0.19855134,0.041578107,ok
d5c7fc60-0a12-404d-bffe-910601063e87,EnhancedHybridPSODE,True,bounds,0.44141206,0.0014659575,0.23800044,0.2723862,0.0467354,ok
74942b89-0b0f-458e-a418-f87a3459b921,HybridMetaOpt,True,bounds,0.3225041,0.0025840828,0.27448243,0.31696957,0.083459735,ok
a707730a-5b7b-4b84-b339-11777694ed17,EnhancedHybridPSODE,True,bounds,0.10092203,1.8484941e-05,0.06080838,0.8123258,0.025925303,ok
1efc074a-869f-46a1-ad7e-cf35f5671d4e,HybridPSODE,True,bounds,0.35995728,0.003344637,0.25069922,0.317222,0.06877689,ok
dcd186d2-0011-4ba5-aa5f-90ecf6236178,HybridPSODE,True,bounds,0.34087002,0.0028786664,0.24543555,0.32155672,0.08925896,ok
ffdee526-c185-4e97-a7c0-c6e8381f32d7,EnhancedHybridPSODE,True,bounds,0.4034644,0.0009168953,0.25598335,0.28312236,0.056513023,ok
75dbf803-a6a6-423b-a186-a5c76ca43024,HybridPSODE,True,bounds,0.3648486,0.0004447326,0.14510506,0.44127363,0.048327938,ok
f3c1d293-d770-43c9-b2f5-2980582f3451,EnhancedHybridPSODE,True,bounds,0.13752183,2.7252547e-05,0.13518977,0.7044017,0.022859465,ok
f0ba28d7-2d8a-4b8b-b639-0c88f86b77a4,EnhancedHybridPSODE,True,bounds,0.45295066,0.0011504523,0.24440292,0.25492653,0.04656943,ok
fc57e886-75e7-4989-8ae7-3467d4207bb8,AdaptiveHybridPSODE,True,bounds,0.22755651,0.00041526248,0.12658563,0.59478164,0.05066093,ok
4ce372f1-3f1d-45b3-ac11-1c8241f36796,EnhancedHybridPSODE,True,bounds,0.39546472,0.0012554029,0.25168878,0.30740243,0.044188652,ok
8af9745f-6a07-4e3a-be69-932fbe03443d,ImprovedHybridPSODE,True,bounds,0.33707038,0.0010922794,0.07290971,0.542789,0.04613861,ok
2d7e84fc-bc50-455d-95a1-bf40401ea17f,AdvancedHybridPSODE,True,bounds,0.2794054,0.000353051,0.18333657,0.50461566,0.03228944,ok
bca64a77-064e-4abf-8e0b-89cb3798c1eb,HybridPSODERefined,True,bounds,0.2523346,6.6296096e-05,0.12704656,0.5627503,0.05780225,ok
3f22c8a3-ab39-4837-9113-a4ace6f98f20,ImprovedHybridPSODE,True,bounds,0.31437463,0.0003669203,0.2210834,0.41849256,0.045682453,ok
b7012338-c7fa-411e-a18d-b6f773b95d06,EnhancedAdaptivePSODE,True,bounds,0.036812495,1.9777242e-06,0.047253385,0.9017517,0.014180419,ok
8187e81c-1fb9-4587-b097-841a20b5dd27,AdaptiveHybridPSODE,True,bounds,0.33468908,0.0007432443,0.16652746,0.46509296,0.03294727,ok
2e9f955f-c32e-484c-8a08-00063431f7ae,FusionPSODE,True,bounds,0.38300458,0.0020004907,0.17111202,0.41915783,0.024725134,ok
f55ff026-de4d-4106-a174-b054328ed1dc,AdaptiveHybridPSODE,True,bounds,0.40599307,0.002039973,0.14605261,0.40286216,0.04305216,ok
f76a8151-2527-4c08-bbf7-638bb3437031,HybridPSODE,True,bounds,0.4144414,0.000405929,0.20152052,0.32388562,0.059746493,ok
9b544c7e-4cf4-48ad-ba7e-3d79fb0afb4c,AdaptiveHybridPSODE,True,bounds,0.27323303,0.00030019385,0.13383678,0.5394348,0.053195257,ok
95f8f30f-e133-4d18-99f3-94c619925aeb,EnhancedHybridPSODE,True,bounds,0.20921262,7.674987e-05,0.14622046,0.57124776,0.0732424,ok
35ab1302-7ea5-463c-8c94-b2bf040a8f48,HybridPSODE,True,bounds,0.32399493,0.00034805905,0.15930282,0.4684257,0.047928482,ok
a4c7eaad-77e3-406e-a95b-08103c0df6d9,EnhancedHybridPSODE,True,bounds,0.4443354,0.00073552976,0.21755295,0.2966366,0.040739514,ok
8e9a49d3-9040-4498-ab6e-ac39aac67af7,HybridPSODE,True,bounds,0.23167245,5.479795e-05,0.19646391,0.5397097,0.032099098,ok
982cb819-9510-42b0-b168-e950ffe2a392,HybridPSODE,True,bounds,0.31064588,0.00017378778,0.15270372,0.4837226,0.052754063,ok
c3ad670d-6a6d-4b74-bac8-6111dffd5a95,RefinedHybridPSODE,True,bounds,0.32625288,0.0003787068,0.12708212,0.50902015,0.037266154,ok
61fc7e2f-47ca-4e45-b4fe-2276e02d8bfe,HybridPSODE,True,bounds,0.37991163,0.00068574405,0.19606778,0.3734066,0.049928255,ok
0c88bc75-2f2d-44c8-b1b2-ae80eed866d3,HybridPSODE,True,bounds,0.32060912,0.00034679772,0.17802742,0.4590222,0.041994423,ok
583b0e05-49c1-4c25-aace-5eac121de289,HybridPSODE,True,bounds,0.44118738,0.0004019131,0.23908234,0.2674595,0.051868808,ok
3560b152-c759-495e-91c7-5c7cba82ef51,HybridPSODE,True,bounds,0.31437463,0.0003669203,0.2210834,0.41849256,0.045682453,ok
af76c642-5bca-4f75-bf59-4112ff4a86fa,HybridPSODE,True,bounds,0.26331395,0.00017167107,0.22581239,0.4497009,0.061001033,ok
ad7224e8-fd87-4bd5-a20c-1cc464b5de6c,HybridPSODE,True,bounds,0.22734854,0.0003468713,0.13345718,0.6091402,0.029707214,ok
46a46c83-82c4-423a-8996-c04cb25310cd,HybridPSODE,True,bounds,0.37814015,0.00075517374,0.21438105,0.36699528,0.039728317,ok
d5abd30f-40c0-41a5-955f-6c373ab62a7b,HybridPSODE,True,bounds,0.3163656,0.00069985667,0.12941849,0.5029305,0.05058561,ok
6e50b840-d9fe-4ed5-b83c-7c43e6ae18ef,AdaptiveHybridPSODE,True,bounds,0.35285315,0.00044122263,0.14017591,0.45934415,0.04718552,ok
30a7c3e2-22f2-480e-8dcb-b2243efdcc5f,HybridPSODEAdvanced,True,bounds,0.43462318,0.001336795,0.18092844,0.32581896,0.05729259,ok
430eb646-bdbf-42cf-b3a2-325e3b309353,EnhancedHybridPSODE_SA,True,bounds,0.02731635,2.3037346e-06,0.031122956,0.8935998,0.04795856,ok
18c3d309-a430-4f88-ae12-ec5d1138575c,RefinedHybridPSODE,True,bounds,0.3033052,0.0009806481,0.21724346,0.42769513,0.050775547,ok
0ff78ade-28db-4bea-af0c-cf98e3ad2519,HybridPSODE,True,disc,0.4224561,0.0011142439,0.21555348,0.1809999,0.1798763,ok
e6b27379-b230-4edd-a928-438dddf599ca,HybridPSODE,True,bounds,0.31437463,0.0003669203,0.2210834,0.41849256,0.045682453,ok
8123cb7e-cf59-4808-b03d-ced1ad10b629,HybridPSODE,True,bounds,0.4404908,0.0014192619,0.19217634,0.318584,0.047329597,ok
f8168feb-2e1f-47a1-9007-92294e3bcc0b,HybridPSODE,True,bounds,0.37991163,0.00068574405,0.19606778,0.3734066,0.049928255,ok
3459eb38-acfa-4a0d-b9e8-706022c1f87a,AdaptiveNeighborhoodPSODE,True,disc,0.38834277,0.00030156798,0.29107863,0.26194328,0.058333796,ok
22e342f4-aab5-4405-9760-fdf6084ccc65,HybridPSODE,True,bounds,0.35724878,0.0005019754,0.25527996,0.3503365,0.03663277,ok
2f9e2d8d-3996-44a6-a9fa-aac0e3ccef99,HybridPSODE,True,bounds,0.27196652,0.0007539409,0.20913723,0.45631728,0.061825037,ok
0ce58e39-2f06-4c73-b706-a52412df41f0,AdvancedHybridPSODE,True,bounds,0.2606099,0.00020364327,0.17227073,0.50945437,0.057461433,ok
5fce222b-2281-4b98-bed3-39602ce876a5,RefinedHybridPSODE,True,bounds,0.3502537,0.0009918015,0.17032821,0.43202406,0.046402257,ok
c890bc24-8293-4358-b7b5-e7efe57c4d71,EnhancedHybridPSODE,True,bounds,0.23818493,0.00023133094,0.16923691,0.54623514,0.046111684,ok
fd9ea191-6832-4b1f-9972-6d2b1c883c12,HybridPSODE,True,bounds,0.25522637,0.00021292138,0.14835206,0.54383516,0.05237351,ok
f916bb24-0b8b-4c8c-abcd-8dd58367f7fa,HybridPSODE,True,bounds,0.3241128,0.00023704192,0.18664137,0.41700488,0.072003916,ok
c1b423c5-f1b3-4602-b7c8-30e07317642e,HybridPSODE,True,bounds,0.40710568,0.00044572758,0.18947664,0.35732496,0.045647044,ok
f95017da-b6b8-4180-b0a0-5ee868f458b7,HybridPSODE,True,bounds,0.3648486,0.0004447326,0.14510506,0.44127363,0.048327938,ok
8afd19fa-0a53-460d-a284-a595a202ffad,HybridPSODE,False,unif,0.7661694,0.02738663,0.09206705,0.027768087,0.086608775,ok
ff6d4418-0192-4b41-a7e1-dd32541c93d6,HybridPSODE,True,bounds,0.49291497,0.00056059234,0.18132196,0.27198273,0.053219784,ok
6af8ae07-81c8-44e7-b9d9-6b9a91186b24,DynamicHybridPSODE,True,bounds,0.39613977,0.000655196,0.17426562,0.38049722,0.048442185,ok
78029011-8f10-46f0-b6df-7a4f697a0609,HybridPSODE,True,bounds,0.361728,0.0007418816,0.18175496,0.41635633,0.03941881,ok
f8a33cb0-2f49-4230-8ea6-b8b13fcaf6ad,HybridPSODE,True,bounds,0.34783235,0.0017110894,0.15380344,0.43690437,0.059748776,ok
356179d2-4a01-40db-88a3-5786bb12ad38,HybridPSODE,True,bounds,0.32875437,0.00041983175,0.20655811,0.40281448,0.06145323,ok
9034231f-adbd-460c-915e-35e75854859b,RefinedHybridPSODE,True,bounds,0.35464025,0.00061264716,0.1625646,0.41003075,0.072151735,ok
86f4d179-f48e-42d9-bd4a-8b9036ae0255,RefinedHybridPSODE,True,bounds,0.4907527,0.0010081003,0.17787392,0.28659594,0.043769334,ok
0a6dd243-1e92-41d0-ba2c-7421f18f4ad9,EAPSDE,True,bounds,0.477269,0.0027365722,0.2242182,0.24091482,0.054861445,ok
248abe02-0210-4f7a-a439-2c9f577cfd4b,AdvancedHybridPSODE,True,bounds,0.48218876,0.00085874787,0.18250652,0.275863,0.058583,ok
b1032668-90b9-4389-a2f0-1810287c379d,HybridPSODE,True,bounds,0.39909023,0.00045414298,0.1766849,0.37473378,0.049036942,ok
5e214ff2-dae3-458b-9dde-4adfc97e5a0c,HybridPSODE,True,bounds,0.37207478,0.00022466667,0.13121986,0.44199044,0.05449021,ok
5fb4a302-5051-46da-84ea-99b2e5f5aded,EnhancedHybridPSODE,True,bounds,0.5228242,0.005789994,0.16172811,0.24813524,0.061522473,ok
6e9d9af0-1a25-4ad4-ba22-811fb086f89b,EnhancedHybridPSODE,True,bounds,0.5484893,0.006139018,0.1330826,0.24715021,0.065138906,ok
dcb86a3e-7322-4c25-998b-368983931bf1,EnhancedHybridPSOAnnealing,True,bounds,0.014429828,2.2903603e-08,0.019162446,0.95545185,0.010955976,ok
5eb1cadf-20bd-462f-b978-ac80915c8b5a,EnhancedHybridPSODE,True,bounds,0.2461646,0.00026915636,0.21009529,0.5075706,0.035900265,ok
17595855-b7bb-4b6f-988d-2d39c2af9766,AdaptiveLearningHybridPSO,True,disc,0.6129911,0.008556795,0.20555632,0.104096256,0.06879954,ok
59d782c7-e789-4562-bed7-e6c94ee4defc,AdaptiveHybridPSODE,True,bounds,0.55269665,0.0032622688,0.1769547,0.20309773,0.06398867,ok
27a1c04b-3da0-4b50-ba4a-0a86b3f4f03a,EnhancedHybridPSODE,True,bounds,0.57986563,0.0030754264,0.13254493,0.17302524,0.111488715,ok
a85450a8-bf5c-4509-8f35-7084a794ec08,EnhancedHybridPSODE_AdaptiveSocialLearning,True,bounds,0.53510666,0.006231511,0.14950569,0.2450938,0.0640623,ok
a88f51e1-6927-4acc-94ec-1c558f03e785,EnhancedHybridPSODE_DynamicAdaptive,True,bounds,0.54987293,0.017728865,0.1364685,0.20256321,0.09336657,ok
59d48f82-05e2-4b6d-bc77-2dc3ab5b259c,EnhancedHybridPSODE_AdaptiveInertiaMutation,True,bounds,0.45642227,0.021947116,0.19706225,0.24832138,0.07624693,ok
d4b76c7c-19f2-4186-bbff-f24b5b04a92d,OptimizedHybridPSODE_StochasticGradientInertia,True,bounds,0.4395894,0.0034334306,0.17810835,0.33100826,0.047860567,ok
4e1ea2a9-cb65-4aba-8a73-7a666179fab3,EnhancedHybridPSODE_AdaptiveSocialLearning_RandomizedLocalSearch,True,bounds,0.41818953,0.0009110401,0.21893807,0.31503937,0.046922006,ok
d2850db5-66c3-45dd-bb24-c97daed3072c,EnhancedHybridPSODE_AdaptiveSocialLearning,True,bounds,0.5253394,0.0061531337,0.15763143,0.24713492,0.06374107,ok
306c9baa-f118-48da-9cda-b4a0f4053fc3,AdaptiveHybridPSODE_EnhancedMutation,True,bounds,0.5540953,0.0049971873,0.12097722,0.24132541,0.078604855,ok
cb5cef20-573f-45e1-a08c-b76661c2f359,EnhancedHybridPSODE_AdaptiveSocialLearning_RandomizedNeighborhood,True,disc,0.50689656,0.0019603588,0.20517235,0.17548478,0.110485956,ok
42d6117e-0fdc-4971-9948-7849a079c32e,AdaptiveHybridPSODE_EnhancedMutation,True,bounds,0.4967056,0.0015648825,0.15794115,0.271015,0.07277341,ok
811e34b4-5275-4cd3-a40b-1f74d3849b62,AdaptiveHybridPSODE_EnhancedMutation,True,bounds,0.53449374,0.0047461926,0.1458899,0.2306672,0.08420297,ok
28e72545-05f5-4518-aecc-c0d814c09b0b,AdaptiveHybridPSODE_DynamicLearningLocalSearch,True,disc,0.5230712,0.0010354148,0.22485788,0.21503618,0.035999298,ok
8baebb69-bea6-46b2-a166-904a082af80e,IntegrativeAdaptiveHybridSwarm,False,unif,0.6365339,0.03315594,0.13032985,0.10593668,0.09404363,ok
d7360c83-9a3a-4313-9fd6-f1016bbf03af,IntegrativeAdaptiveHybridSwarm,True,bounds,0.03694981,5.118077e-06,0.020230789,0.87323475,0.06957957,ok
24db0f79-6108-4b92-ba77-83b826db894a,EnhancedAdaptiveHybridSwarm,False,unif,0.70661455,0.13722454,0.08271147,0.0036694203,0.06978004,ok
c12bcced-d390-4205-85dc-20fa8d092a98,EnhancedAdaptiveHybridSwarm,False,unif,0.6830946,0.1604358,0.06964526,0.0016640254,0.08516025,ok
b8f403cf-f57b-48b3-806e-38ca50eb4124,RefinedHybridSwarm,True,bounds,0.20444222,3.412108e-05,0.14749427,0.6147602,0.033269186,ok
9cc8a90a-0f00-409e-a178-b212eefb0986,ChaosEnhancedAdaptiveHybridSwarm,True,bounds,7.234972e-08,1.5008157e-09,4.1403445e-09,0.9854476,0.014552271,ok
ccddaa55-6c56-4e32-af91-15a75a70137b,EnhancedAdaptiveHybridSwarmPlus,True,bounds,0.27862376,0.00016845019,0.152595,0.53195345,0.036659393,ok
5f96b0cd-8eef-4495-be14-16b319d488cc,ChaosEnhancedAdaptiveHybridSwarm,True,bounds,2.2838716e-08,2.1655149e-10,2.7942088e-10,0.9876871,0.01231293,ok
13aa7662-74c4-47ea-9c0b-64e32f79a08e,ChaosEnhancedAdaptiveHybridSwarm,True,bounds,4.0716e-09,5.9628517e-12,4.3159292e-11,0.9898723,0.0101277465,ok
ed20d4af-1e6d-428b-a43c-2ee54a60d195,EnhancedChaosAdaptiveSwarm,True,bounds,3.8925495e-11,1.8122537e-15,1.4370463e-13,0.9991144,0.0008855681,ok
f2bbf5eb-bbf3-4db6-958e-992cd3cf98cd,AdvancedChaosAdaptiveSwarm,True,bounds,3.210458e-10,3.3359424e-13,1.4458289e-12,0.99616164,0.0038383729,ok
f5050f7f-8631-4d4d-a155-6281e0da03ad,MultiChaosHybridSwarm,True,bounds,3.5492248e-11,1.8196178000000003e-16,8.061232e-14,0.99920005,0.0007999746,ok
b9eabd08-7d00-454f-ac22-25a33b8668b6,AdaptiveChaoticMultiScaleSwarm,True,bounds,3.093686e-09,3.2208032e-12,4.837387e-11,0.9991538,0.000846132,ok
6a38dec0-b86c-4c34-b06d-854bd7fd3980,ChaosEnhancedAdaptiveHybridSwarm,True,bounds,2.048402e-09,2.7648333e-12,1.643562e-11,0.9809138,0.019086134,ok
149d54f5-67b0-4aca-8774-31fb66313d2c,MultiScaleChaosEnhancedHybridSwarm,True,bounds,1.1226662e-12,3.9876996e-28,3.4191148e-13,0.99981576,0.00018430207,ok
df004f66-9fc1-45c8-980c-17e275207605,ChaosEnhancedAdaptiveHybridSwarm,True,bounds,4.0716e-09,5.9628517e-12,4.3159292e-11,0.9898723,0.0101277465,ok
c14af95e-3492-4d9f-8eee-bb63b25b50a1,AdaptiveChaosEnhancedHybridSwarm,True,bounds,8.3241744e-08,3.7070886e-09,1.3896875e-09,0.9780347,0.021965284,ok
580cf826-3ec5-4687-8449-5213f539fb6b,ChaosEnhancedAdaptiveHybridSwarm,True,bounds,1.4801962e-09,1.5854491e-12,9.526961e-12,0.9935427,0.0064573674,ok
ec096782-83f1-4ac9-b14e-3049900e3b67,EnhancedChaosAdaptiveSwarm,True,bounds,4.210712e-07,2.634579e-16,2.4292194e-07,0.99977034,0.00022905674,ok
c9bd561e-c747-4a92-94da-20728aa40d64,MultiPhaseChaosAdaptiveSwarm,True,bounds,3.3621866e-10,2.0020091e-14,1.4199417e-12,0.9976882,0.0023118556,ok
62ebdf84-cb19-44c3-9d8b-0eda3dad5c8f,MultiScaleChaosEnhancedSwarm,True,bounds,1.3570604e-19,1.6532547e-36,7.314948e-21,0.98242825,0.017571688,ok
f725720a-222c-4dd7-9bf1-821870a33de8,ChaosEnhancedAdaptiveHybridSwarm,True,bounds,8.960614e-09,2.607874e-11,1.1383776e-10,0.98755646,0.012443559,ok
6b270c6f-cfec-4419-b6de-555d9b49ea5a,ChaosEnhancedAdaptiveHybridSwarm,True,bounds,0.27863687,0.015014815,0.029962251,0.41425508,0.26213098,ok
4f2ef60b-301c-4309-8ed1-00347aa30292,ChaosLevyAdaptiveSwarm,True,bounds,0.0026812477,9.931471e-05,0.0029003022,0.91005576,0.084263444,ok
bcf92388-78a1-41a8-80f9-b0b2969be08e,ChaosEnhancedAdaptiveHybridSwarm,True,bounds,1.6127004e-09,1.2924118e-12,1.1965294e-11,0.99134,0.008659999,ok
1206492c-f682-480b-9ad0-272649da66d0,MultiChaosAdaptiveHybridSwarm,True,bounds,3.211924e-10,3.2899597e-14,1.6465062e-12,0.99806273,0.0019372184,ok
7b7651c8-772d-450e-aec4-a41e49054a42,ChaosEnhancedAdaptiveHybridSwarm,True,bounds,2.3054207e-09,2.8870847e-12,1.9812003e-11,0.98476934,0.015230687,ok
9fa41c79-5218-4bc2-b8dc-922ec2fa5fc0,ChaosEnhancedAdaptiveHybridSwarm,True,bounds,3.732164e-11,1.1710712000000002e-16,9.706188e-14,0.99901664,0.0009832608,ok
a3456fd6-70f3-4384-af4e-dd5ad574c119,ChaosEnhancedAdaptiveHybridSwarm,True,bounds,2.9885472e-10,2.0562421e-14,1.9929449e-12,0.9963745,0.0036254856,ok
ad8c70e0-2a1a-4e30-9e38-d257d4f13c12,ChaosEnhancedAdaptiveHybridSwarm,True,bounds,0.27863687,0.015014815,0.029962251,0.41425508,0.26213098,ok
8e6a22b1-f633-4c13-9df5-daedec6e824d,MultiAgentChaoticSwarm,True,bounds,2.1318629e-08,8.616416e-11,1.8356518e-10,0.9908066,0.009193425,ok
ec3aa765-3961-4738-bac8-eb8352279a07,ChaosEnhancedLevyHybridSwarm,True,bounds,3.7102424e-07,2.4910434e-09,5.462877e-09,0.98688316,0.013116486,ok
34269da5-fdba-4958-903c-07c015f1c7a8,ChaosEnhancedAdaptiveHybridSwarm,True,bounds,1.6127004e-09,1.2924118e-12,1.1965294e-11,0.99134,0.008659999,ok
ba7c0e24-245b-46b2-a101-26a61f8e3933,ChaosEnhancedAdaptiveHybridSwarm,True,bounds,8.698921e-11,8.863042e-16,3.2611256e-13,0.9991065,0.0008935039,ok
fb2f355c-5f26-4944-90fe-d8d9c2dc25bc,EnhancedChaosAdaptiveSwarm,True,bounds,4.73648e-11,5.928222e-16,1.6260246e-13,0.9993237,0.0006762769,ok
b0a4c06f-01b3-49fb-a9e7-7806a5fac4f7,ChaosEnhancedAdaptiveHybridSwarm,True,bounds,0.27863687,0.015014815,0.029962251,0.41425508,0.26213098,ok
c7189d43-8903-4a40-ab4a-89da7a4a834b,EnhancedAdaptiveChaosSwarm,True,bounds,1.7594906e-09,4.39226e-13,1.342781e-11,0.9958474,0.004152449,ok
59841d94-c5ac-47c6-92cf-594ecf1e8f59,ChaosEnhancedAdaptiveHybridSwarm,True,bounds,3.8028878e-07,8.158514399999999e-19,2.7454174e-08,0.9214792,0.07852036,ok
b2f3edee-6e3f-41e5-9acc-4d5e477e72f1,FractionalOrderChaosEnhancedSwarm,True,bounds,2.0446205e-06,3.04472e-14,1.8754215e-06,0.99961585,0.00038020214,ok
bb5e47d3-e08d-4597-ae39-93eb0470816d,ChaosEnhancedAdaptiveHybridSwarm,True,bounds,6.647517e-09,1.6954164e-11,8.3084324e-11,0.9888449,0.011155165,ok
ac3601e9-ef60-4a2e-a4b2-8f46baeedacb,ChaosEnhancedAdaptiveHybridSwarm,True,bounds,2.3054207e-09,2.8870847e-12,1.9812003e-11,0.98476934,0.015230687,ok
48dd065b-43d1-4d54-b92c-995c09160771,ChaosEnhancedAdaptiveHybridSwarm,True,bounds,2.048402e-09,2.7648333e-12,1.643562e-11,0.9809138,0.019086134,ok
d4fa4846-6fca-4dad-b038-0c85ec15d6dc,ChaosEnhancedAdaptiveHybridSwarm,True,bounds,5.6363724e-12,2.4142189000000002e-27,1.0371143e-12,0.9995781,0.00042196605,ok
392d227c-259d-4830-8476-441ab50bda43,ChaosEnhancedAdaptiveParabolicSwarm,True,bounds,7.6002726e-10,6.325705e-13,8.159885e-12,0.9976123,0.0023877434,ok
d200f972-7230-4e8b-9449-843ee5f62443,DualChaosEnhancedAdaptiveHybridSwarm,True,bounds,7.894248e-10,1.7399885e-13,6.946108e-12,0.99457633,0.0054236487,ok
9069bec7-d013-4286-96ac-d887aedf42f8,ChaosEnhancedAdaptiveHybridSwarm,True,bounds,1.022031e-07,3.7001364e-09,1.4187488e-09,0.9792298,0.020770073,ok
10bdf4c3-1fdb-47eb-8e0e-6fb5f22ac2aa,MultiPhaseChaoticSwarm,True,bounds,3.1914024e-11,4.930267e-15,9.5420904e-14,0.9990698,0.00093020016,ok
031c3ac3-3add-4fa5-a384-24c8d4672830,ChaosEnhancedAdaptiveHybridSwarm,True,bounds,2.1571078e-09,3.0710694e-12,1.7982591e-11,0.9903709,0.009629105,ok
d7d861f3-54a1-4d68-bd32-5175b058dd62,ChaosEnhancedAdaptiveHybridSwarm,True,bounds,8.960614e-09,2.607874e-11,1.1383776e-10,0.98755646,0.012443559,ok
93f2c0a5-d237-4985-a7f1-769e20f84432,ChaosEnhancedAdaptiveHybridSwarm,True,gaps/clusters,0.12430064,0.30593225,0.0075264694,0.031221688,0.531019,ok
33bb91a5-225d-4080-be55-8bf96ff271f8,AdaptiveNeighborhoodChaoticSwarm,True,bounds,5.368834e-11,1.5901846e-15,1.6445383e-13,0.99908245,0.00091751677,ok
5cf7c3df-0d04-4005-b1bf-80f95c8f1130,ChaosEnhancedAdaptiveHybridSwarm,True,bounds,4.0896184e-06,8.530713e-08,1.8189027e-07,0.9731782,0.026817467,ok
6536e600-be3c-479d-99fe-fa898aa5e8a7,EnhancedChaosAdaptiveHybridSwarm,True,bounds,1.6814046e-09,2.2725443e-12,1.6400447e-11,0.9949463,0.00505371,ok
12ce9cd4-1b69-4801-b061-ccdbd9bb70ee,ChaosEnhancedAdaptiveHybridSwarm,True,bounds,1.3552425e-08,4.464718e-11,1.8762514e-10,0.9836806,0.016319249,ok
6eb6ba27-5095-4044-a5f6-8a2345f1b7ce,ChaosEnhancedAdaptiveHybridSwarm,True,bounds,2.1734097e-09,3.0637875e-12,1.7870956e-11,0.9796405,0.020359475,ok
e2639687-5dba-4243-92cd-3e6560fbff11,ChaosEnhancedAdaptiveHybridSwarm,True,bounds,1.6127004e-09,1.2924118e-12,1.1965294e-11,0.99134,0.008659999,ok
5a4b3d93-3f17-45b9-a2c0-928f7ab839c9,ChaosEnhancedAdaptiveHybridSwarm,True,bounds,2.3054207e-09,2.8870847e-12,1.9812003e-11,0.98476934,0.015230687,ok
f3e6b9a0-a4ca-41fe-a08a-c7ba70e679a0,ChaosEnhancedAdaptiveHybridSwarm,True,bounds,2.048402e-09,2.7648333e-12,1.643562e-11,0.9809138,0.019086134,ok
8cc939bd-ee92-453a-bfca-09f9760207b9,ChaosDrivenAdaptiveSwarmOptimizer,True,bounds,2.3456782e-11,1.4915033e-16,1.2732046e-13,0.99947995,0.0005201398,ok
8411eae4-9554-40fc-91e2-af55a8c9d568,ChaosEnhancedAdaptiveHybridSwarm,True,bounds,2.1734097e-09,3.0637875e-12,1.7870956e-11,0.9796405,0.020359475,ok
4395fb80-e89c-407d-93dd-17aca5574413,LevyChaosEnhancedAdaptiveHybridSwarm,True,bounds,1.099142e-05,2.6969986e-09,8.576686e-06,0.99874276,0.001237733,ok
2566f153-f4a3-4b99-9360-0078142d899f,ChaosEnhancedAdaptiveHybridSwarm,True,bounds,6.444075e-08,7.8010644e-19,5.6122975e-08,0.9996643,0.00033550302,ok
94cb205c-db5a-446f-a07f-5c79cc02da4c,ChaosEnhancedAdaptiveHybridSwarm,True,bounds,4.0896184e-06,8.530713e-08,1.8189027e-07,0.9731782,0.026817467,ok
9bf5daca-a0b3-4f49-8524-b1d41ab0aef9,ChaosLevyHybridSwarm,True,bounds,0.0009297027,5.8367725e-05,0.0003683618,0.9401859,0.058457613,ok
3096a16a-6e70-41ee-b623-c0f664e01ee9,ChaosEnhancedAdaptiveHybridSwarm,True,bounds,4.0716e-09,5.9628517e-12,4.3159292e-11,0.9898723,0.0101277465,ok
69f9863e-ea44-4f8d-94f0-029fa1e943d3,ChaosEnhancedAdaptiveHybridSwarm,True,bounds,2.3054207e-09,2.8870847e-12,1.9812003e-11,0.98476934,0.015230687,ok
7c0b5fd8-f70a-4771-b18a-16cf250ff905,ChaosEnhancedAdaptiveHybridSwarm,True,bounds,8.433543e-09,8.594486e-12,8.566103e-11,0.99121714,0.008782883,ok
443def73-778c-4b8d-b19b-a5885f7bc8f9,DualChaosEnhancedAdaptiveHybridSwarm,True,bounds,1.3726012e-11,3.2212124e-17,2.7259806e-14,0.9994586,0.000541398,ok
afdef775-ba2c-44d5-87f2-7c7f1b86244e,ChaosEnhancedAdaptiveHybridSwarm,True,bounds,5.9064087e-10,1.12617476e-13,3.4428374e-12,0.99796087,0.0020390614,ok
f4b77277-0df9-4bd1-afdf-8265d537f55e,ChaosEnhancedAdaptiveHybridSwarm,True,bounds,3.4934514e-11,2.9215222e-16,9.7204003e-14,0.99918205,0.00081796537,ok
672539aa-97c8-4358-b388-ab1d2612a423,ChaosEnhancedAdaptiveHybridSwarm,True,bounds,1.4627234e-09,1.3090259e-12,9.124231e-12,0.9941193,0.005880739,ok
cfb1aa68-7bcd-4e9e-855b-a34a95621f7f,ChaosEnhancedLevyHybridSwarm,True,bounds,1.099142e-05,2.6969986e-09,8.576686e-06,0.99874276,0.001237733,ok
8550b292-7044-4f13-8d50-ff9d70d08288,ChaosEnhancedAdaptiveHybridSwarm,True,bounds,1.6127004e-09,1.2924118e-12,1.1965294e-11,0.99134,0.008659999,ok
15d0a526-ca76-4443-a526-4e7939de5768,StochasticNeighborhoodChaosSwarm,True,bounds,1.4350708e-07,1.950072e-09,2.8911207e-09,0.98124295,0.01875687,ok
22c47307-702c-412d-a713-af3c0c7d6dd0,MultiLevelChaosHybridSwarm,True,bounds,6.6529206e-11,8.637969e-16,2.2616623e-13,0.9990629,0.00093707524,ok
3ea4e751-98b4-440b-b9a3-26523987854e,DynamicInertiaAdaptiveHybridSwarm,True,bounds,5.561232e-11,2.9372521e-15,1.3264793e-13,0.99866045,0.001339574,ok
8cc34615-2f62-4202-9608-1390bfa20556,ChaosEnhancedAdaptiveHybridSwarm,True,bounds,0.27863687,0.015014815,0.029962251,0.41425508,0.26213098,ok
5c11cfe5-0e0e-427a-b37d-cf99551ac960,ChaosEnhancedAdaptiveHybridSwarm,True,bounds,2.048402e-09,2.7648333e-12,1.643562e-11,0.9809138,0.019086134,ok
573056c2-998e-4962-84d4-0332924e0385,ChaosEnhancedAdaptiveHybridSwarm,True,bounds,2.3054207e-09,2.8870847e-12,1.9812003e-11,0.98476934,0.015230687,ok
bfa68ec7-1781-40b8-bb94-182b32ae5f76,ChaosEnhancedAdaptiveHybridSwarm,True,bounds,5.6363724e-12,2.4142189000000002e-27,1.0371143e-12,0.9995781,0.00042196605,ok
10b5f45e-89c7-4fb1-a0b8-dd5424a90f51,EnhancedHybridSwarmWithAdaptiveChaos,True,bounds,1.2681751e-07,7.6081044e-11,2.592309e-09,0.99724543,0.0027544696,ok
549833b2-8312-4885-92f9-77ccd85c8e8e,RefinedChaosAdaptiveHybridSwarm,False,unif,0.7180947,0.084565915,0.11112213,0.015201887,0.07101544,ok
0b81f179-033d-43a5-992d-e0eb9c934f36,MultiChaoticAdaptiveHybridSwarm,True,bounds,4.0716e-09,5.9628517e-12,4.3159292e-11,0.9898723,0.0101277465,ok
2414cad2-1297-49c2-a812-9bf00e857202,ChaosEnhancedAdaptiveHybridSwarm,True,bounds,2.9885472e-10,2.0562421e-14,1.9929449e-12,0.9963745,0.0036254856,ok
a7babcd2-04b1-48cb-80a8-75f44a914c0f,ImprovedChaosEnhancedAdaptiveHybridSwarm,True,bounds,4.0716e-09,5.9628517e-12,4.3159292e-11,0.9898723,0.0101277465,ok
15993d4c-dd7e-4584-9a36-2b04e8876f30,ChaosEnhancedAdaptiveHybridSwarm,True,bounds,0.059724666,1.7535356e-05,0.025843447,0.8887533,0.025660982,ok
dea12451-4673-4cab-826f-10862c6a77e9,ChaosEnhancedAdaptiveHybridSwarm,True,bounds,5.780131e-08,1.7410204e-09,7.187045e-10,0.9824622,0.017537756,ok
c813c2b1-f9dd-493e-b0e8-ceef526a737c,DualChaosHybridSwarm,True,bounds,2.1721085e-10,7.450215e-15,7.302807e-13,0.9984562,0.0015438567,ok
28f842bd-1b33-488d-9a80-62fa9b70d234,EnhancedHybridSwarmOptimizer,False,unif,0.6158101,0.005098975,0.24962798,0.04646834,0.08299464,ok
36194286-77b3-499f-bcf4-0d52f9e3a81b,EnhancedHybridSwarmOptimizer,False,unif,0.6819764,0.003929431,0.17602436,0.04251478,0.09555504,ok
3e595eca-0ad9-4438-86dc-6ee99814318d,EnhancedHybridSwarmOptimizer,False,unif,0.69900703,0.015452964,0.15971582,0.029292608,0.096531644,ok
bcccba65-9580-4507-b28f-5483c555e922,AdaptiveCulturalSwarmOptimizer,True,bounds,0.00044459556,4.1170164e-11,0.0003969193,0.9978507,0.0013077364,ok
7cbb479b-3288-4216-ab54-b94658be3c8e,EnhancedAdaptiveCulturalSwarmOptimizer,True,bounds,0.007163682,7.481993e-08,0.008792969,0.98053205,0.0035112903,ok
10d24141-662c-498d-a059-9da3218fa49a,EnhancedAdaptiveCulturalSwarmOptimizer,True,bounds,0.00059819396,1.2189325e-09,0.00047485507,0.9942802,0.0046467036,ok
8398857b-dbf4-4a65-9ed5-af998dbd766f,EnhancedAdaptiveCulturalSwarmOptimizer,True,bounds,0.0026515059,2.001892e-08,0.0020878247,0.98963785,0.005622797,ok
5988fcd5-f171-458a-8c6f-45d1b2d0d8cc,EnhancedAdaptiveCulturalSwarmOptimizer,True,bounds,0.08993113,3.7502745e-05,0.044950042,0.8290675,0.03601387,ok
6c9ac486-e782-43ea-8793-d24938408916,EnhancedAdaptiveCulturalSwarmOptimizer,True,bounds,0.0005828609,8.581315e-10,0.00023415699,0.99585927,0.0033237021,ok
e408bbcc-d826-4112-a199-b6b707362143,MultiPhaseAdaptiveCulturalSwarmOptimizer,True,bounds,1.04640384e-13,1.6035986e-26,1.0309331e-15,0.79926056,0.20073943,ok
6ce637e7-33ea-4888-89bc-fbd432ea4b02,EnhancedAdaptiveCulturalSwarmOptimizer,True,bounds,0.00026274304,1.6772718e-10,0.0002360907,0.99867356,0.00082766934,ok
7e8424b0-ba19-495d-953f-401223ec4e2b,EnhancedAdaptiveCulturalSwarmOptimizer,True,bounds,0.004877403,7.646268e-08,0.0044485675,0.9836591,0.007014881,ok
d208e3dc-7d48-47c1-95aa-ab362c67513f,RefinedCulturalSwarmOptimizer,True,bounds,0.00059819396,1.2189325e-09,0.00047485507,0.9942802,0.0046467036,ok
6abaf91c-ee12-4fe8-89eb-eec385585efa,RefinedAdaptiveCulturalSwarmOptimizer,True,bounds,0.0010733419,1.0717557e-09,0.0024511977,0.99151975,0.004955652,ok
256feb9c-7d8d-46f4-ab62-908c70d26f7b,EnhancedAdaptiveCulturalDEOptimizer,True,bounds,0.043656927,5.379163e-06,0.047221195,0.8838886,0.025227893,ok
ff106d2d-59d9-414b-b39e-53b12cbd7a14,AdaptiveSwarmCulturalDifferentialOptimizer,True,bounds,0.0071316934,6.1659385e-08,0.0018703982,0.9834202,0.0075776326,ok
4b828a22-4ce9-4659-a9ca-f123d27f1341,EnhancedDAPSO,True,bounds,0.17173418,4.0070612e-05,0.09082319,0.71789455,0.019508036,ok
088e9041-90b3-40c0-8e02-75ce70bc261d,EnhancedDAPSO,True,bounds,0.22099097,0.00020696796,0.10054247,0.5628612,0.115398385,ok
0b58708d-914e-485a-b2c5-00e700ff532a,EnhancedDAPSO_Quantum,True,disc,0.56952584,0.001693977,0.19673458,0.12155557,0.11049004,ok
b3db6074-9c9c-4065-bc80-db907233e43e,MPDEPSO,True,bounds,0.06849292,2.5519348e-06,0.047998086,0.86803436,0.015472127,ok
15fdd2a7-4c1b-4b68-8079-3521855fc4be,EnhancedDAPSO,True,bounds,0.13780005,4.1255007e-05,0.09455755,0.7475473,0.0200538,ok
ab25869c-2c18-442e-b8c6-e55208d66c48,EnhancedDAPSO,True,bounds,0.20331597,6.172257e-05,0.0865071,0.69307554,0.017039603,ok
7fc53f63-0c42-4432-99f6-f2d019ede9a7,EnhancedDAPSO,True,bounds,0.17493644,5.3577056e-05,0.09181097,0.7055937,0.02760534,ok
41fcfc40-5562-4304-be2e-0b418cf1c842,RefinedEnhancedDAPSO,False,unif,0.72544175,0.006167587,0.10140084,0.11348222,0.053507637,ok
ec570545-6b37-4577-855b-4ecf99350a22,EnhancedDAPSO,True,bounds,0.35629922,0.00020610905,0.13350858,0.46546564,0.04452044,ok
8a06483e-f23f-4061-bb7f-01fc35ee5b65,EnhancedDAPSO,True,bounds,0.20331597,6.172257e-05,0.0865071,0.69307554,0.017039603,ok
ae3dc198-d644-4bc9-bdfd-cdadea2c6be8,EnhancedDAPSO,True,bounds,0.20152421,8.464564e-05,0.109182715,0.6702546,0.018953893,ok
1945e5e7-d85b-4b28-9f62-9477f2c700fc,EnhancedDAPSO,True,bounds,0.19598213,0.00012116115,0.11425825,0.6728407,0.016797747,ok
bf66b64e-28fc-4eef-81db-4b885e027cea,EnhancedDAPSO,True,bounds,0.45279127,0.00090534624,0.16667508,0.33660764,0.043020703,ok
ef4074ad-ca7d-4e5b-9209-2c6956cb4639,EnhancedDAPSO,True,bounds,0.11526728,5.6433037e-05,0.09013696,0.7789974,0.015541993,ok
99d3bc92-fedf-49d9-8595-34192ea17953,AdaptiveSubgroupDAPSO,True,bounds,0.1903703,7.049907e-05,0.10947541,0.680865,0.019218795,ok
c812eead-f678-455b-a1df-c2fe436d833e,EnhancedDAPSO,True,bounds,0.0010889462,3.9079073e-10,0.001158524,0.99535817,0.0023942424,ok
374eedf9-5a5e-406e-a149-73f7986cb7b8,EnhancedDAPSO,True,bounds,0.09884676,5.0661307e-05,0.120853856,0.75112,0.029128794,ok
ce507164-18f4-49a0-a70a-d3a4cb2428e8,AdaptiveDAPSO,True,bounds,0.1528276,1.7100208e-05,0.045939125,0.78552186,0.015694298,ok
8d5f4304-3b98-4c6d-b9f8-f4df1df77ecd,EnhancedDAPSO,True,bounds,0.24896514,0.0002008209,0.15411566,0.57609093,0.020627465,ok
a80e41e3-53b4-41dc-84bf-fc7a61f68ece,EnhancedDAPSO,True,bounds,0.09895988,6.000403e-06,0.084906526,0.77434975,0.041777924,ok
55b7e3ff-e0b2-4615-8fd0-b07e5041fa31,EntropyDAPSO,True,bounds,0.060030915,5.0068493e-06,0.03159707,0.88531905,0.023047946,ok
ca2472a2-c5ee-491a-a278-9d0461e1d3b0,AdaptiveChaosPSO,True,bounds,0.19571647,8.1479586e-05,0.14311615,0.64200556,0.019080328,ok
e6962654-f35f-43c2-995b-bafc9b14ce15,EnhancedDAPSO,True,bounds,0.048657976,2.302569e-06,0.040103965,0.8915636,0.019672181,ok
bd8f7054-6f09-4631-9835-d0e03acf1111,EnhancedDAPSO,True,bounds,0.1292369,0.00036211152,0.078444555,0.7738019,0.01815452,ok
2d9054a9-8e81-481e-855d-31678c923eec,EnhancedDAPSO_V2,True,bounds,0.21734849,9.689368e-05,0.09910619,0.6625346,0.020913748,ok
f77c5e98-6b7c-4490-9ef5-7acf21e44eb0,EnhancedDAPSO,True,bounds,0.12622496,5.056593e-06,0.044575922,0.7853241,0.043869987,ok
3169c9e7-80ac-4e0f-aa15-3da03bce626f,EnhancedDAPSO,True,bounds,0.20152421,8.464564e-05,0.109182715,0.6702546,0.018953893,ok
53a6f1e6-c55f-4b0a-87fb-a6a391925df2,EnhancedDAPSO,True,bounds,0.17928216,7.1172566e-05,0.1498707,0.6502365,0.020539451,ok
da5baefc-26f9-439b-92f3-58ad0059d255,EnhancedDAPSO,True,bounds,0.23551294,0.0004379906,0.08580578,0.64374673,0.034496564,ok
cd08c58c-5625-446e-ad97-af7bca70b49c,EnhancedDAPSO,True,bounds,0.4612443,0.0001865855,0.16659889,0.3166784,0.055291824,ok
7806c9ea-458b-47f6-888d-7a224649ff46,EnhancedDAPSO,True,bounds,0.1903703,7.049907e-05,0.10947541,0.680865,0.019218795,ok
5ad954a6-9380-46a2-806c-3752daab8c34,EnhancedDAPSO,True,bounds,0.094980486,1.3233419e-05,0.05419768,0.8220226,0.028785994,ok
585524e0-ad1f-4331-bc70-f20e3df62756,EnhancedDAPSO_v2,True,bounds,0.33112028,0.0001882702,0.13948932,0.46575108,0.06345104,ok
691219e3-148e-41a7-8dc4-dbc1a1f241ba,EnhancedDAPSO,True,bounds,4.212314e-05,1.1019437e-12,1.1236063e-05,0.99810964,0.0018369884,ok
0e566e56-2db2-4fbf-b4fd-a604516c0b43,EnhancedDAPSOPlus,True,bounds,0.009069641,4.075809e-08,0.0074156197,0.9739426,0.00957223,ok
125b3775-b37a-46d0-a2e4-a1da18d06346,EnhancedDAPSO,True,bounds,0.12350949,3.709422e-05,0.070825584,0.7673524,0.038275458,ok
25674420-fcc2-44b8-be16-a74c3f29e5e1,RefinedDAPSO,True,bounds,0.22365475,9.597167e-05,0.08986707,0.6651047,0.021277625,ok
78464335-0aaa-41b3-86af-d86ba9f47f13,EnhancedDAPSO,True,bounds,0.25939772,0.00014100954,0.16298537,0.5420779,0.035398018,ok
007e554c-ae89-4c89-a30b-cff0b3434ffd,EnhancedDAPSO,True,bounds,0.33039483,0.0011520674,0.14094098,0.48459548,0.042916693,ok
5f0fbe29-1409-4e1a-b605-16c21eb49628,EnhancedDAPSO,True,bounds,0.04550687,1.3693694e-06,0.03485907,0.89017236,0.029460276,ok
42c50784-1bb4-4cf5-b43a-c7083aa2ec01,RefinedDAPSO,True,bounds,0.11246599,6.3229716e-05,0.07520563,0.7725796,0.039685484,ok
787a23be-8c5b-459c-b960-2b90d69de65a,EnhancedDAPSO,True,bounds,0.19558665,2.9362156e-05,0.13222438,0.6374651,0.03469454,ok
7366a003-63da-4133-b3b4-194ac12906f7,EnhancedDAPSO,True,bounds,0.09762082,1.3672152e-05,0.044680275,0.8304332,0.027252084,ok
70f69224-f2ef-49fb-b8cd-9dc60682d231,EnhancedDAPSO_Refined,True,bounds,0.14039215,3.7467278e-05,0.051682822,0.7651943,0.042693257,ok
faa07338-fbfd-41ef-82c5-bb99d08bf8a5,EnhancedDAPSO,True,bounds,0.076642245,6.5479717e-06,0.07004084,0.8254595,0.027850851,ok
7bf989c1-e4ee-492b-ac53-2efbd8be2de9,EnhancedDAPSO,True,bounds,0.06892345,1.3675529e-05,0.063157424,0.8373829,0.030522576,ok
0d332f45-b067-474e-97d8-4033707bd93a,EnhancedDAPSO,True,bounds,0.42542118,0.0008194347,0.1859848,0.3429754,0.044799197,ok
c8cb83ae-6d04-4e94-96d8-585b165e12b8,EnhancedDAPSO,True,bounds,0.052636303,1.529339e-05,0.030210758,0.88993394,0.027203748,ok
75c425b6-0b3f-4412-b03f-6d6c779f0969,AdaptiveChaosDAPSO,True,bounds,0.3685784,0.00021860492,0.11593886,0.46747494,0.047789138,ok
2b181627-a03d-48d2-9273-6f17ba51ead6,EnhancedDAPSO,True,bounds,0.03795206,9.775842e-07,0.030454,0.9116727,0.019920219,ok
612e590b-5eff-4701-aae1-3653d48886bd,AdaptiveSwarmOptimizer,True,bounds,0.10180403,3.2977125e-05,0.07529855,0.78254247,0.040321954,ok
14fef709-3104-41c3-9343-950bbbb0c4d0,EnhancedDAPSO,True,bounds,0.08473505,1.5907142e-05,0.060096048,0.8120953,0.043057762,ok
14dd28ef-1f73-4eb4-9e53-41113301831a,EnhancedDAPSO,True,disc,0.57272094,0.0021698608,0.19294502,0.15079387,0.081370324,ok
702e3130-4c2b-441e-8363-b752c52476f5,EnhancedDAPSO,True,bounds,0.07957536,1.3085667e-05,0.029596161,0.86937296,0.021442536,ok
326ffc75-6ccc-4f4c-9d1e-ceb7afe238ba,EnhancedDAPSO,True,bounds,0.012775744,1.5823412e-07,0.009373785,0.9727991,0.005051215,ok
a4e91e2b-2211-4162-9c3f-760239bbf1c1,EnhancedDAPSO,True,bounds,0.2683832,0.0001656574,0.10167837,0.60014164,0.029631183,ok
e27bed6a-0aca-4cec-abbc-6234fef7dd8e,EnhancedDAPSO,True,bounds,0.25939772,0.00014100954,0.16298537,0.5420779,0.035398018,ok
5f29b94f-afc8-453a-85e6-6a7f550b733f,EnhancedDAPSO,True,bounds,0.10180403,3.2977125e-05,0.07529855,0.78254247,0.040321954,ok
e7934daa-32a7-4f1a-95eb-ad0738cedf86,RefinedDAPSO,True,bounds,0.26849896,0.00027498888,0.07421388,0.6194266,0.03758561,ok
52e8fca3-deb6-431a-964c-28f690f33052,EnhancedDAPSO,True,bounds,0.14419112,9.5911655e-06,0.09511067,0.6921672,0.06852139,ok
a11ca40e-90db-4dc4-a9db-d527bb28fd59,EnhancedDAPSO,True,bounds,0.094980486,1.3233419e-05,0.05419768,0.8220226,0.028785994,ok
a534973d-9a18-43f9-88cb-7829bba8d902,RefinedDAPSO,True,bounds,0.094980486,1.3233419e-05,0.05419768,0.8220226,0.028785994,ok
23bb7d56-e933-4dcb-be19-9585bd9b16b4,HybridPSODE,True,bounds,0.009958156,8.975599e-09,0.00505702,0.9551734,0.02981146,ok
edc5e0dd-e388-414f-924d-fe15f37e9013,HybridPSODE,True,bounds,0.016170783,1.4820341e-08,0.0114910975,0.965757,0.0065810746,ok
f5d4b248-a4ac-40c6-8676-ab345815a31b,EnhancedDAPSO,True,bounds,0.08578311,1.0554209e-05,0.06892803,0.81271297,0.03256538,ok
e1d952f4-9375-41db-a4ec-0bba05364a75,EnhancedDAPSO,True,bounds,0.07820405,7.4742056e-06,0.057994634,0.84177935,0.02201446,ok
e6e08f6a-2c7d-43df-917b-cd5db597b892,EnhancedHybridPSODE,True,bounds,0.009977594,6.1400186e-08,0.0182743,0.9084321,0.06331588,ok
8e1750cd-473d-4bd4-9134-0733d2b9c6f0,EnhancedHybridPSODE,True,bounds,0.0118319485,2.1234356e-08,0.008002186,0.95741767,0.022748176,ok
b1b4efcf-605c-4278-b7e1-5a3b9a288434,EnhancedHybridPSODE,True,bounds,0.017048242,8.301903e-08,0.015820632,0.94009495,0.02703616,ok
1a2501e2-ee7b-44c8-9a2c-cba2bceae956,HybridEvolutionarySwarmDifferentialEvolution,True,disc,0.5372486,0.0016131103,0.21232113,0.20804885,0.040768303,ok
34b2021f-7ffc-4196-bcb8-1dca28c4b3c6,EnhancedHybridPSODE,True,bounds,0.029765347,6.2514965e-07,0.018757707,0.9410825,0.010393935,ok
1881ccdf-6046-4be2-af03-6940adb6d8b7,EnhancedHybridPSODE,True,bounds,0.07165575,7.1160166e-06,0.038480993,0.8590509,0.030805204,ok
15ce16d0-c9ba-49a1-a7d4-a92e9a93ce0f,EnhancedHybridPSODE,True,bounds,0.014216823,1.0952696e-07,0.020128815,0.94755346,0.018100852,ok
91a9e09d-513f-4d75-acc3-241260f75661,EnhancedHybridPSODE,True,bounds,0.0059114103,3.7238466e-09,0.004261148,0.95714056,0.032686867,ok
50f62098-2ee1-426d-b8b6-8bec3f94a0b7,RefinedEnhancedHybridPSODE,True,bounds,0.0072015077,2.7908092e-08,0.012511487,0.9234371,0.056849826,ok
df791b94-5949-4b30-95d0-4a78b9108312,AdvancedAdaptivePSODE,True,bounds,0.19890156,7.41514e-05,0.091554835,0.6038137,0.10565569,ok
7fb364c6-47b1-4320-bb93-40e1b83f5658,EnhancedHybridPSODE,True,bounds,0.009977594,6.1400186e-08,0.0182743,0.9084321,0.06331588,ok
3e099a9d-b6f5-4f77-b9db-de36811614de,EnhancedHybridPSODE,True,bounds,0.0059114103,3.7238466e-09,0.004261148,0.95714056,0.032686867,ok
acb75e69-8106-4803-a1cb-c6657ed90afc,EnhancedHybridPSODE,True,bounds,0.014795886,2.018166e-08,0.0057406123,0.96683675,0.012626705,ok
1e2ecc41-b7de-42ea-a3a5-e06f300e3840,EnhancedHybridPSODE,True,bounds,0.005269032,1.7424744e-08,0.003447779,0.94914496,0.042138215,ok
b1f5715a-7a38-4866-b7a3-3b45b890dd3d,EnhancedHybridPSODE,True,bounds,0.007884523,3.3931116e-08,0.005552602,0.9667057,0.01985708,ok
243f1214-601a-4418-992b-5d0c1cfd83fd,EnhancedHybridPSODE,True,bounds,0.0118319485,2.1234356e-08,0.008002186,0.95741767,0.022748176,ok
bc3ceee2-e89d-42cd-8a5f-08cc41bffe1c,EnhancedHybridPSODE,True,bounds,0.007947585,4.2867022e-08,0.05537932,0.9224722,0.014200868,ok
79b77ae8-4733-49e3-b3b1-f2e69b2e7304,EnhancedHybridPSODE,True,bounds,0.0059114103,3.7238466e-09,0.004261148,0.95714056,0.032686867,ok
602241d4-ea2c-448c-9670-a382fcbe7b23,ImprovedHybridSwarm,True,bounds,0.009977594,6.1400186e-08,0.0182743,0.9084321,0.06331588,ok
ab6449b1-a88c-4894-b91e-0b638513ad02,EnhancedHybridPSODE,True,bounds,0.010278752,4.1982037e-08,0.009957151,0.9462323,0.033531718,ok
920fb7c4-0475-44ec-a0a3-7868b50fb40a,EnhancedHybridPSODE,True,bounds,0.015150441,1.1308201e-08,0.008273333,0.9615797,0.014996452,ok
5aa98255-4fa1-43a8-b64a-892ed471d03b,AdvancedMultiStrategyPSODE,True,bounds,7.682811e-05,1.17503975e-11,6.157476e-05,0.9991034,0.00075810874,ok
5639ccff-bbf4-46b1-b57d-5bfd7c1c2024,HybridPSODE,True,bounds,0.44949064,0.0032295585,0.19172525,0.31628934,0.039265245,ok
a4bcea56-dd2a-4461-a101-b59c786367d4,HybridPSODE,True,bounds,0.5211853,0.0034587071,0.12881239,0.28892332,0.057620227,ok
0c845d4e-2537-4c26-959d-09dae3b97518,HybridPSODE,True,bounds,0.47701588,0.00567167,0.12551005,0.3270741,0.06472836,ok
4247de11-fc4e-4e0c-bb04-6ff803b2aa12,HybridPSODE,True,bounds,0.48840895,0.0024650248,0.18668601,0.26170522,0.06073482,ok
5d3dde4d-c322-403d-9a03-48d6dfa2caf0,HybridPSODE,True,bounds,0.5211853,0.0034587071,0.12881239,0.28892332,0.057620227,ok
12741f96-35a0-47aa-a498-f093c237601b,AdaptiveHybridPSODE,True,bounds,0.45991477,0.0037622186,0.14659996,0.31965402,0.070069,ok
42239f48-0c8b-4403-8ea7-e03b56d7f30a,AdaptiveHybridPSODE,True,bounds,0.50686395,0.007991332,0.17744733,0.26420623,0.04349111,ok
9b586c5d-113d-435b-8671-0d589d6b8caa,EnhancedHybridPSODE,True,bounds,0.34610924,0.0011385772,0.17804922,0.43060717,0.044095773,ok
35f08d6b-fcd9-4cd1-8037-7cdd24a8ddc7,EnhancedHybridPSODE,True,bounds,0.16079102,2.2397038e-05,0.15107867,0.6622722,0.025835669,ok
89b85701-b34e-4220-8e91-fdb26ec37a47,HybridPSODE,True,disc,0.44412452,0.0008758287,0.27142543,0.23025513,0.053319108,ok
304e6064-bb20-4430-9231-2360c078f8a4,HybridPSODE,True,bounds,0.5256635,0.0059381328,0.17157266,0.25172988,0.045095894,ok
29d25cf5-923f-4eb9-8a04-5c993419fc6b,AdaptiveHybridPSODE,True,bounds,0.53107744,0.0075863963,0.17153299,0.21503739,0.07476578,ok
9ffa8db6-e3d5-43fd-8f11-71714c24c2d8,HybridPSODE,True,bounds,0.48840895,0.0024650248,0.18668601,0.26170522,0.06073482,ok
9082d75b-8745-42ac-b01c-b60cf84a4308,HybridPSODE,True,bounds,0.49113566,0.0010513461,0.21856776,0.24137083,0.04787443,ok
0f9d2777-f5b7-48d5-b483-434df7998b07,RefinedHybridPSODE,True,bounds,0.27667123,0.0006205571,0.121100724,0.5732243,0.028383216,ok
90343bc3-2c0e-45e3-b56c-504f7f648407,HybridPSODE,True,bounds,0.44336033,0.0008209244,0.15256405,0.36948633,0.03376835,ok
3fa254c7-bc22-460e-befa-a0a075314326,ImprovedHybridPSODE,True,disc,0.5562506,0.009341169,0.22113982,0.14214638,0.071122065,ok
26c2962f-b1da-4c40-b06a-49cf19020219,ImprovedHybridPSODE,False,unif,0.6622387,0.024535963,0.20372859,0.048589736,0.060907006,ok
796b2fc8-04e7-44f8-95bd-0a8476b259e4,ImprovedHybridPSODE,False,unif,0.66127354,0.0359367,0.20824122,0.04400119,0.050547313,ok
a7c17cf6-d82e-4bfc-8e6b-f6e583e78ff4,EnhancedImprovedHybridPSODE,True,centre,0.65972996,0.16811246,0.052361805,0.004887296,0.1149085,ok
05557d2f-2c25-46ce-b115-35b700e465ed,EnhancedImprovedHybridPSODE,False,unif,0.6199971,0.04325577,0.15909936,0.043683905,0.13396399,ok
b59c2d5d-4ff8-4492-964a-23054ce1ef9b,EnhancedImprovedHybridPSODE,False,unif,0.64457196,0.02310117,0.13885798,0.13035837,0.063110575,ok
cd2b7500-190e-408c-843d-0629040c0705,EnhancedImprovedHybridPSODE,True,disc,0.5967156,0.13036948,0.14882417,0.003418019,0.1206727,ok
265df595-d0a9-444e-9f16-d857ffea2c2c,AdaptiveMultiPopulationPSODE,True,disc,0.5850759,0.0012153706,0.22527573,0.14675234,0.04168061,ok
dbddfd82-657b-4c8a-9722-d001723e66bd,EnhancedImprovedHybridPSODE,True,centre,0.65641683,0.16743127,0.05612296,0.005157767,0.11487119,ok
2cb49343-ad69-4516-a0a7-cc5d4ce4d76c,EnhancedImprovedHybridPSODE,False,unif,0.6784917,0.060031526,0.14816941,0.008849813,0.1044575,ok
342ddce9-cc69-46cc-a3f4-0618493165fe,EnhancedImprovedHybridPSODE,True,centre,0.65547734,0.16778615,0.055826105,0.005335043,0.11557539,ok
bca16cfb-2d9f-4bc5-b66b-d16495d20ff0,EnhancedImprovedHybridPSODE,True,bounds,0.386183,0.0009026459,0.16365477,0.39924455,0.05001508,ok
c0f5bb90-c14e-4098-9028-c07b1ca00137,EnhancedImprovedHybridPSODE,True,disc,0.6267914,0.12264564,0.16709115,0.0034113456,0.080060415,ok
b93a4c75-fdb5-48c4-ae4e-773f2d86bd10,EnhancedDynamicInertiaPSODE,False,unif,0.72829354,0.030234927,0.1243965,0.0071383854,0.109936595,ok
406973b3-82b4-4c08-aa2e-e73fee142b3e,EnhancedImprovedHybridPSODE,False,unif,0.64652246,0.13711326,0.13418476,0.0026923912,0.07948704,ok
4558eafd-5cbb-4be6-925f-56728d7f611e,AdaptiveDiversityDrivenPSO_DE,False,unif,0.7108301,0.03840717,0.13287622,0.048888218,0.068998255,ok
5d134a9f-92b2-4bb3-8e99-1c90c7b30d6a,AdaptiveMultiPhasePSODE,True,centre,0.5286184,0.20869954,0.17097938,0.0003942145,0.0913085,ok
b3875e4e-9269-4a74-9b83-1e5e2ea989ef,EnhancedImprovedHybridPSODE,False,unif,0.68897426,0.09323221,0.12466246,0.019010117,0.07412094,ok
c5a168fc-129f-49ea-a5a6-282fb5f0e353,EnhancedImprovedHybridPSODEv2,False,unif,0.76070154,0.069154926,0.090039775,0.0041927323,0.07591103,ok
ec4103a8-1ed9-4706-8134-86042a77f81a,EnhancedImprovedHybridPSODE,False,unif,0.64652246,0.13711326,0.13418476,0.0026923912,0.07948704,ok
f185d3f3-bfd7-4d69-8f4a-5435a5e3251c,EnhancedImprovedHybridPSODEv2,False,unif,0.7435827,0.09854973,0.07381401,0.0069944127,0.07705916,ok
e94b5c8c-770e-4880-b0ff-078b6e001729,EnhancedImprovedHybridPSODE,False,unif,0.6773203,0.13342413,0.09601515,0.0017918104,0.091448635,ok
9301b01d-4f40-4893-9224-9b567b431cbc,ChaoticEnhancedHybridPSODE,False,unif,0.66012496,0.15447113,0.08937143,0.003992427,0.09204007,ok
797f7064-e526-4e95-916b-62bfeea4ec6e,RefinedEnhancedHybridPSODE,False,unif,0.7588575,0.08117571,0.08682198,0.00850792,0.06463694,ok
a85a7325-1171-4ac5-a3d8-5df347968aac,RefinedAntInspiredPSODE,True,disc,0.58451545,0.14385721,0.16704702,0.0105991755,0.093981095,ok
a542be04-3c35-4dad-bcf2-52394ba86508,HybridPSOSA,True,bounds,0.00033199706,1.4446255e-10,0.000103342834,0.99530256,0.004262092,ok
aa521839-c803-44f6-b305-b0c967d53561,HybridPSOSA,True,bounds,0.00063114904,1.8944597e-10,0.00057017646,0.9962866,0.002512081,ok
35e80deb-ced8-4cf0-b716-94e83c0d4809,HybridPSOSA,True,bounds,0.00010995321,1.4711464e-10,9.144256e-05,0.997826,0.0019725515,ok
c68bc87c-3351-4104-93cc-573b07972216,HybridPSOSA,True,bounds,0.09432829,6.769622e-05,0.026176011,0.83684397,0.042583995,ok
7f65eff1-4c07-489d-b91b-31352f7f1654,EnhancedHybridPSOSA,True,bounds,0.000135584,1.0318506e-09,0.00013263406,0.99897575,0.000755955,ok
26b5456f-ae2c-45ce-8d74-b7e3b78356aa,EnhancedHybridPSOSA,True,bounds,0.00013148779,2.1440516e-11,8.230875e-05,0.9993745,0.00041163992,ok
10642da7-15ae-4abe-8023-c163682f70ed,EnhancedHybridPSOSA,True,bounds,0.00015059164,1.1639243e-09,8.952951e-05,0.9989918,0.0007681627,ok
d8f1a811-4aba-4d79-a04e-5ba955cdee63,EnhancedHybridAntInspiredPSODE,True,centre,0.56729895,0.22403303,0.08329745,0.0031493115,0.122221254,ok
7f05ad1a-aa8d-496a-b277-9b7a29a63c32,RefinedHybridPSOSA,True,bounds,3.7143373e-08,7.2710096e-17,1.1523149e-08,0.9999329,6.7094385e-05,ok
50763132-1545-414e-955d-a9528e17a26b,EnhancedHybridPSOSA,True,bounds,1.7176113e-11,2.5435364e-24,3.9314632e-12,0.9999758,2.4264304e-05,ok
1a739c43-7b5e-439e-a608-38a8c8b297ac,SwarmAdaptiveDifferentialEvolution,True,gaps/clusters,0.0022993754,4.0159015e-10,0.00030889138,0.31435752,0.68303424,ok
c3b5a1c1-b624-4cc4-816a-212f90dc5f53,GeneticHybridPSOSA,True,bounds,1.5402497e-08,9.849379e-14,4.3270547e-09,0.9998921,0.000107845735,ok
cd7a1185-d2c6-4142-86f5-68ad396ddd8d,GeneticHybridPSOSA,True,bounds,0.08163273,1.1890659e-05,0.07279873,0.83236074,0.013195994,ok
6490abaa-4c3e-4260-8c55-efee8a192a0a,NovelMetaheuristicOptimizer,False,unif,0.6888643,0.0068110027,0.14056396,0.09716618,0.066594616,ok
02a7256b-ae94-4ed4-b4f3-88f5146ea169,SynergisticSwarmOptimizer,True,disc,0.51397616,0.0518663,0.24917778,0.11816536,0.066814385,ok
68c1f9b6-50ec-43d3-883d-adb8504090c7,EnhancedHybridPSODE,True,bounds,0.007818272,9.736896e-09,0.006468194,0.97749406,0.008219424,ok
e832c244-67af-4c49-a0ae-429e6cb0b520,AdaptiveSwarmOptimizer,True,centre,0.12121228,0.7330307,0.020738455,2.0060146e-05,0.124998495,ok
ecd111a1-aa4a-451e-ad4f-06372595284f,AdaptiveSwarmOptimizer,True,centre,0.15832253,0.7460275,0.00865895,2.2742268e-05,0.08696823,ok
bc412960-a4cd-43e1-9327-595159609887,AdaptiveSwarmOptimizer,True,centre,0.006985878,0.8351161,0.0002576285,3.3320902e-09,0.15764038,ok
ffc1aef5-6adf-44df-aa98-34f1f3fe9fdb,AdaptiveSwarmOptimizer,True,centre,0.15832253,0.7460275,0.00865895,2.2742268e-05,0.08696823,ok
5ceceee8-34d0-4e81-b156-c472fe7371db,AdaptiveSwarmOptimizer,True,centre,0.17298967,0.7101187,0.01367314,2.464652e-05,0.103193864,ok
c94d1cf7-5ea5-42b4-866f-5167e0dc71c7,EnhancedSwarmOptimizer,True,centre,0.16045085,0.7220168,0.027612254,3.17185e-05,0.08988835,ok
12ff99ab-ef97-4ed7-a587-344248193321,AdaptiveNeighborhoodSwarmOptimizer,True,centre,0.011830577,0.83819276,0.0007700683,2.7261668e-08,0.14920656,ok
f2616d07-9b1e-46df-aa72-f26d1c2fe1d7,AdaptiveSwarmOptimizer,True,centre,0.14155641,0.737611,0.011573596,1.4371071e-05,0.109244585,ok
c9822882-1025-4cc9-8f00-05e6cf73821a,EnhancedSwarmOptimizer,True,centre,0.005965995,0.85569227,0.000608565,8.929481e-09,0.13773309,ok
298f466d-435b-45fe-ba87-8d35f66b096f,PSO_DE_Optimized,True,bounds,0.14029822,7.857319e-05,0.061936717,0.77807605,0.019610342,ok
3ce8ca7a-fc83-4810-85af-406783872972,PSO_DE_Optimizer,True,bounds,0.2881053,0.030027747,0.027126705,0.42165726,0.23308304,ok
0c7b3f61-14d2-4ac7-aa68-1c6dc0dc560f,PSO_DE_Optimized,True,bounds,0.13913968,8.370009e-05,0.08628421,0.7553494,0.01914302,ok
14ccc5f3-52b8-405c-b683-151cc26d496a,PSO_DE_Adaptive,True,bounds,0.25315186,0.00047698733,0.13742568,0.58273464,0.026210863,ok
78be1d00-306d-45ad-b689-0c932e986a28,AdaptivePSO_DE,True,bounds,0.28838763,0.00020855381,0.11668823,0.56512517,0.029590433,ok
523d15e4-ae81-4c04-a8f7-ad7429fbfd3e,HybridAdaptivePSO_DE,True,bounds,0.20660412,2.884309e-05,0.14750767,0.60586935,0.039989993,ok
9455939e-3114-4a29-a413-8aab5191bfad,AdaptivePSO_DE,False,unif,0.73076737,0.04241773,0.15403508,0.021019673,0.051760107,ok
25712e8d-6a39-4d5a-91a2-aee5f01e5673,PSO_DE_Optimized,True,bounds,0.13913968,8.370009e-05,0.08628421,0.7553494,0.01914302,ok
b7d165fa-00ca-4a9c-9223-83ec097d7a6c,PSO_DE_Optimized,True,bounds,0.13913968,8.370009e-05,0.08628421,0.7553494,0.01914302,ok
94f6ba91-b169-4216-93b6-07938facecc0,PSO_DE_Optimized,True,bounds,0.13913968,8.370009e-05,0.08628421,0.7553494,0.01914302,ok
b3a7f2dd-dad2-467f-9a16-aa97c5ffade1,PSO_DE_Optimized,True,bounds,0.3050508,0.0008936705,0.124068186,0.5260654,0.04392195,ok
8de6179d-1648-4d45-a4a3-b6627c4a46d6,PSO_DE_Adaptive,True,bounds,0.039229028,1.0172148e-06,0.04889987,0.8901621,0.021707991,ok
8bd77f55-f0fa-43f3-9f30-c242825d19a9,Adaptive_Hybrid_PSO_DE,True,bounds,0.15032533,8.341287e-05,0.088534206,0.7427992,0.018257895,ok
27bbeb45-7bd6-4d1b-ad2b-b0f878c0337b,Enhanced_Adaptive_Hybrid_PSO_DE,True,bounds,0.14098682,8.1472885e-05,0.06747427,0.77223134,0.019226132,ok
e022e4e3-9fa2-4187-9167-2635fef9ff9f,Adaptive_Hybrid_PSO_DE,True,bounds,0.15032533,8.341287e-05,0.088534206,0.7427992,0.018257895,ok
17f1e43b-bfb5-406e-be0d-a7290024c11c,Enhanced_Hybrid_PSO_DE,True,bounds,0.15032533,8.341287e-05,0.088534206,0.7427992,0.018257895,ok
869cd657-d612-462e-8a59-28099552bcdd,Adaptive_Hybrid_PSO_DE,True,bounds,0.23718372,4.7997768e-05,0.19592169,0.5410047,0.025841948,ok
ae0032fc-de1e-4954-ba24-6081fa137ca9,Adaptive_Hybrid_PSO_DE,True,bounds,0.08779544,0.0007076868,0.06064734,0.80350554,0.04734398,ok
4de72628-8744-4383-bd4d-895a92928c01,Adaptive_Hybrid_PSO_DE,True,bounds,0.24000005,4.896473e-05,0.19445834,0.53968704,0.025805652,ok
9572106a-e316-4c5d-b077-43105f0a1e72,Enhanced_Env_Adaptive_Hybrid_PSO_DE,True,bounds,0.21192887,3.358455e-05,0.16644709,0.54833686,0.07325359,ok
0035e1fc-6216-46b8-a937-64749e5e1491,Enhanced_Hybrid_PSO_DE,True,bounds,0.22471361,3.2004e-05,0.11770654,0.62967926,0.027868602,ok
452306d7-2dd7-489a-a61e-7c55e2b38bb5,Adaptive_Hybrid_PSO_DE,False,unif,0.6154319,0.012940286,0.17415813,0.13921633,0.058253378,ok
4168e0fd-5a78-4fe1-80ce-f3bc25586980,Enhanced_Adaptive_Hybrid_PSO_DE,False,unif,0.69142455,0.0077228593,0.15593016,0.093928166,0.050994284,ok
e6139d7c-00f7-4cab-b10f-386fb0d52311,Adaptive_Hybrid_PSO_DE,True,bounds,0.1798987,0.00010922701,0.17173967,0.61977386,0.0284785,ok
b385a910-bdc3-40c1-955c-c65594bf6965,Enhanced_Adaptive_PSO_DE,True,bounds,0.1798987,0.00010922701,0.17173967,0.61977386,0.0284785,ok
97f1022e-bd89-4bc1-9b72-05832b2712c4,Adaptive_Hybrid_PSO_DE,True,bounds,0.24000005,4.896473e-05,0.19445834,0.53968704,0.025805652,ok
2652ff79-e868-4d90-bbab-f0be14e4748a,Enhanced_Adaptive_Hybrid_PSO_DE,True,bounds,0.18088402,1.7755976e-05,0.11564223,0.6742411,0.0292149,ok
2b7dd128-69ae-4a6b-b530-d877835ca712,Enhanced_Hybrid_PSO_DE,True,bounds,0.21472904,4.2912534e-06,0.16541311,0.5268881,0.09296547,ok
1232b1ac-5d1b-411f-b0bc-59975a0e5042,Adaptive_Hybrid_PSO_DE,True,bounds,0.123548724,5.1313546e-05,0.044730514,0.7814392,0.050230265,ok
764d4ab4-8f32-4c1a-a443-95eb2902da92,Enhanced_Adaptive_Hybrid_PSO_DE,True,bounds,0.053978343,1.5561336e-05,0.050909854,0.8293878,0.06570844,ok
0d0654ef-8e91-48d8-8b1e-33eda5258ba7,Refined_Adaptive_Hybrid_PSO_DE,True,bounds,0.31285802,0.005916522,0.10437226,0.5331552,0.043698,ok
7da1a616-549c-413f-918b-e281d3470e2c,Enhanced_Adaptive_Hybrid_PSO_DE,True,bounds,0.2504758,0.0019451638,0.096506044,0.5898937,0.06117929,ok
32a24663-c5b6-4a74-a047-891c1d808541,Adaptive_Hybrid_PSO_DE,True,bounds,0.0055530807,3.0190662e-08,0.0036340498,0.9731981,0.017614702,ok
05e93f87-8ff8-4144-af6b-1b0bb0a82d2b,Enhanced_Adaptive_Hybrid_PSO_DE,True,bounds,0.09992806,2.9148307e-06,0.053541034,0.8276838,0.01884429,ok
541a210a-ea3a-472e-a029-02cc690b458f,Adaptive_Hybrid_PSO_DE,True,bounds,0.093006,6.402571e-06,0.13663918,0.7496153,0.020733139,ok
ce3f5c9b-5ea5-4a93-9dff-9eea7b76f2c4,EnhancedHybridOptimizer,True,bounds,0.46599236,0.005227873,0.17872593,0.29665092,0.053402968,ok
20237a39-675c-4d7a-9c65-99cbfa4842a3,MultiSwarmCooperativeOptimizer,True,disc,0.5476588,0.002236483,0.21652158,0.17226034,0.06132283,ok
e65f3f83-4d3f-44ee-a06d-a0eb7ec3a2c1,HybridPSO_DE,True,bounds,0.23565297,0.00026378717,0.29863185,0.43858075,0.026870657,ok
c6c2fb28-30cf-4e9a-95f9-de845108ce84,HybridPSO_DE,True,centre,0.560933,0.21746933,0.06428703,0.00053862797,0.15677202,ok
a423ea4f-e2fe-4ad6-acf0-ef8204806729,HybridPSO_DE,True,bounds,0.1257293,1.6705828e-05,0.06712504,0.7764138,0.030715168,ok
2f9ed38b-372e-4091-b7cd-2eaaf560c6df,EnhancedHybridPSO_DE,True,bounds,0.15535048,1.560911e-05,0.18089028,0.62297094,0.040772684,ok
527f3940-381f-4c39-a3df-dc5aa0f3ecec,HybridPSO_DE,True,bounds,0.1257293,1.6705828e-05,0.06712504,0.7764138,0.030715168,ok
bd89df3f-a679-41f2-b92b-e6bee5064421,HybridPSO_DE,True,bounds,0.36966565,0.006610828,0.1441705,0.4230519,0.056501072,ok
ef6a1d53-2ea0-4852-afc7-9e2536399683,EnhancedHybridPSO_DE,True,bounds,0.1165273,1.1568934e-05,0.051914237,0.80701447,0.024532454,ok
33490d48-9890-46d3-bdf6-22671db1b438,EnhancedHybridPSO_DE,True,bounds,0.2004174,3.487453e-05,0.13304082,0.6349435,0.03156343,ok
819c9202-a1bd-4f92-ab61-35fb5423391b,EnhancedHybridPSO_DE,True,bounds,0.1257293,1.6705828e-05,0.06712504,0.7764138,0.030715168,ok
26db5b3b-8204-4b47-8963-ae2ce1800dc7,HybridPSO_DE,True,bounds,0.35219666,0.00039765998,0.16164196,0.38468432,0.10107939,ok
500afb2a-717a-4f29-923a-b9646c5b8fa9,HybridPSO_DE,True,bounds,0.43129748,0.0023083626,0.20448545,0.29354247,0.06836625,ok
40275735-80a9-4d97-a21d-de0390812d27,EnhancedHybridPSO_DE,True,bounds,0.0379472,1.2188332e-06,0.022867741,0.91357356,0.02561031,ok
1b9933d0-648a-4a6b-a4e8-8b0551bf9e9c,RefinedHybridPSO_DE,True,bounds,0.24497542,0.00039061398,0.08452599,0.59566426,0.074443705,ok
ca5a919a-64cd-426f-b7f9-b6738c6bc255,EnhancedHybridPSO_DE,True,bounds,0.033491332,1.4012423e-05,0.026769584,0.9207595,0.018965615,ok
a86aa837-3cd7-46a1-926e-80979e9afe20,HybridPSO_DE,False,unif,0.7236655,0.0040661423,0.12984087,0.06278964,0.07963786,ok
58a06dbb-52c6-4501-8430-6c9abfd6e870,EnhancedHybridPSO_DE,True,bounds,0.24617119,9.425044e-05,0.09505455,0.55238974,0.10629026,ok
e09654ed-3591-4103-8a22-e1914fecc103,EnhancedHybridPSO_DE,True,bounds,0.09881667,4.797257e-05,0.087231666,0.7959302,0.017973496,ok
ebc223ba-371f-41d0-b61c-8d85146534f5,HybridPSO_DE,False,unif,0.7711669,0.01214534,0.10845201,0.054107748,0.054127924,ok
29082a4a-5971-4f48-91d0-f38cc9413bfc,EnhancedHybridPSO_DE,True,bounds,0.061110087,1.0785027e-05,0.098593414,0.82368183,0.016603956,ok
09e0fb68-0f95-4891-90c2-885d8b39896d,EnhancedHybridPSO_DE,False,unif,0.7685594,0.01095415,0.1158607,0.04501633,0.059609402,ok
c43b2714-e395-464c-ba2b-019f9f0e0c0f,HybridPSO_DE,False,unif,0.7739116,0.0074496465,0.13987152,0.03001959,0.048747588,ok
398d71a6-ff18-4e99-bb63-42e6312f5e21,HybridPSO_DE,False,unif,0.7751282,0.020428706,0.12708166,0.023047654,0.05431386,ok
00515aca-f3d5-4fa2-b8fa-ad6c50158dee,HybridPSO_DE,True,bounds,0.44720417,0.00069382886,0.12355821,0.35894632,0.06959747,ok
4c91f46d-e3a0-4d78-830f-04723cd79e00,HybridPSO_DE,False,unif,0.7381448,0.03063795,0.1483973,0.019908015,0.06291191,ok
457427b6-41c7-46df-8efe-bc4836d5d2df,AdaptiveHybridPSO_DE,True,bounds,0.096144825,3.0323445e-05,0.026193118,0.85380507,0.023826623,ok
12a3650c-6069-4be5-baa3-8653af0cee50,EnhancedHybridPSO_DE,False,unif,0.6380031,0.012986084,0.16777344,0.13082454,0.050412852,ok
e0b342d9-9f1b-4d75-abce-41706f4b421f,EnhancedHybridPSO_DE,True,disc,0.6531979,0.011354551,0.15097377,0.13421828,0.050255496,ok
1896d36a-b9cb-46ad-8dfb-d2333597a8fd,EnhancedHybridPSO_DE,True,bounds,0.2675914,6.5068496e-05,0.14131516,0.5436175,0.047410853,ok
f07df4f3-48e2-4de0-9e57-41ff10336f6f,AdaptiveLevyPSO_DE,True,bounds,0.48685846,0.0013810085,0.18724544,0.23184821,0.09266686,ok
121d6015-9b39-4859-8456-31d83f02d6d8,AdaptiveQuantumHybridPSO_DE,False,unif,0.67240655,0.048902772,0.09947745,0.102123156,0.07709012,ok
6a9fc8ea-f08d-4248-956c-af9c7b1e0cde,AdaptiveQuantumHybridPSO_DE,False,unif,0.70917714,0.024492705,0.108590975,0.087218896,0.07052027,ok
7f435d9f-ea2b-40d0-a6ab-bf99493a3f6e,EnhancedQuantumHybridPSO_DE,True,disc,0.5674952,0.0020720242,0.21024439,0.1695968,0.05059154,ok
40820d0a-7306-40bd-8292-f06af7fa4b08,AdaptiveQuantumHybridPSO_DE,False,unif,0.7354003,0.044187896,0.11205505,0.007381414,0.10097537,ok
f1e4415f-315d-4c80-84ec-1177bceda58a,EnhancedAdaptativeQuantumPSO_DE,False,unif,0.72469294,0.0142672155,0.14923409,0.054592002,0.057213746,ok
80e8431b-2484-4ef7-91b8-38736e2a312b,AdaptiveQuantumHybridPSO_DE,False,unif,0.6903514,0.056370366,0.099869706,0.07104008,0.08236847,ok
04fbfffc-f31d-46bf-9d87-2c6ff68e8fd4,EnhancedAdaptiveQuantumHybridPSO_DE,True,bounds,0.3685984,0.00051871757,0.26150107,0.3259427,0.043439154,ok
027c5edb-b8bb-4b9d-927f-609a7f257d98,EnhancedAdaptiveQuantumHybridPSO_DE,True,bounds,0.44632143,0.0007760598,0.16139828,0.34444574,0.047058504,ok
0a593f4a-8540-4ce8-bc93-e8607902c6f1,AdaptiveQuantumHybridPSO_DE,True,bounds,0.63106805,0.006226578,0.12882204,0.18762133,0.046262044,ok
1587d992-7b70-4ccb-88af-9cc010209b15,QuantumInspiredDynamicPSO,True,bounds,0.20905969,4.7180794e-05,0.107981384,0.65582174,0.027089948,ok
f004f83c-b5c5-4370-9a70-95c0b6858609,EnhancedAdaptiveQuantumHybridPSO_DE,True,bounds,0.3685984,0.00051871757,0.26150107,0.3259427,0.043439154,ok
3b75a081-56ff-48a0-9bc7-9366736aa7ce,OptimizedHybridPSO_DE,True,bounds,0.47646946,0.0015388392,0.1563776,0.3240947,0.041519318,ok
e2372844-1c05-42d5-9301-4e937291d827,EnhancedAdaptiveQuantumHybridPSO_DE,True,bounds,0.38504934,0.0006395148,0.17132291,0.3814183,0.06156993,ok
5f7e0729-6b4e-471d-8c44-cf330a57d796,EnhancedAdaptiveQuantumHybridPSO_DE,True,disc,0.5340632,0.0018251423,0.21638957,0.20196855,0.04575357,ok
65330df6-111f-404a-937a-004227602610,EnhancedAdaptiveQuantumHybridPSO_DE,True,bounds,0.3685984,0.00051871757,0.26150107,0.3259427,0.043439154,ok
420ad5b3-fd46-41af-a2fb-fb6b40c6669d,MultiStrategyQuantumHybridPSO_DE,True,bounds,0.09332109,5.801865e-06,0.074149676,0.798401,0.034122374,ok
fbe75567-ef34-49a8-bedd-78aa4b154962,EnhancedAdaptiveQuantumHybridPSO_DE,True,bounds,0.415397,0.00048085203,0.23908775,0.2905717,0.05446274,ok
42aadbad-4eb5-4245-b83a-36ec2e314544,AdaptiveQuantumEnhancedPSO_DE,True,bounds,0.5026697,0.000408002,0.20949283,0.23005772,0.057371806,ok
2c89dba0-aa06-4b8e-851d-edfa7d0dbc9d,EnhancedAdaptiveQuantumHybridPSO_DE,True,bounds,0.3685984,0.00051871757,0.26150107,0.3259427,0.043439154,ok
0681828e-2995-4342-8afe-d7c7a0c1998d,BalancedAdaptiveHybridPSO_DE,False,unif,0.5842769,0.0025153982,0.18268383,0.18519811,0.045325708,ok
0bf7f7f3-9e86-475b-8b5e-3af1530d192d,ImprovedEnhancedAdaptiveQuantumHybridPSO_DE,True,bounds,0.28181815,0.00057514774,0.19514151,0.4793927,0.043072484,ok
aeced910-3ecd-4a1c-9767-f17632ad518c,EnhancedAdaptiveQuantumHybridPSO_DE,True,bounds,0.4395744,0.0017196881,0.18887511,0.3240571,0.045773763,ok
73842764-da29-480d-8c91-ec909ca42c24,QuantumInspiredAdaptiveMomentumPSO_DE,True,bounds,0.45685977,0.00084881455,0.1948722,0.27613008,0.07128912,ok
07938376-3f71-4d1e-a83a-d7fe5262247a,EnhancedAdaptiveQuantumHybridPSO_DE,True,bounds,0.39484328,0.00036831334,0.1480434,0.4094748,0.047270227,ok
c9c13798-ab65-46bb-8e76-dc171d2d4b4f,AdaptiveQuantumHybridPSO_DE_DynamicFeedback,True,bounds,0.37940565,0.00048705292,0.23191507,0.3399529,0.048239343,ok
e397cfd9-b5b3-48d9-9e66-3d4a3299e22b,QuantumInspiredDualGuidedPSO_DE,True,bounds,0.23698151,0.0061257584,0.057156164,0.6657487,0.033987887,ok
906b519b-9255-40b8-bf89-6a21e23bb075,EnhancedAdaptiveQuantumHybridPSO_DE,True,bounds,0.4350143,0.00095647183,0.18135275,0.3392941,0.043382358,ok
8e3a4ff5-79a0-4593-88a5-fb1ac335c5ff,EnhancedAdaptiveQuantumHybridPSO_DE,False,unif,0.7126425,0.013408417,0.14869463,0.06665911,0.058595456,ok
1735c19d-b2f9-40fa-af85-324f5de4ba55,DiversifiedVelocityQuantumHybridPSO_DE,True,disc,0.47948036,0.0003607659,0.291804,0.1734204,0.05493451,ok
0521e829-1563-4884-b9e6-7c402904a121,QuantumInspiredAdaptiveHybridPSO_DE,True,bounds,0.09401617,2.2432852e-05,0.061854254,0.8272311,0.016876081,ok
60069456-66f3-4809-bc1e-d04ead6dd5b3,QuantumInspiredAdaptiveHybridPSO_DE,True,bounds,0.3581031,0.0010155614,0.23754457,0.35217938,0.051157393,ok
f7578118-b257-4fa5-a002-6aa7cf0bfe4e,EnhancedAdaptiveQuantumHybridPSO_DE,True,bounds,0.14700505,2.826105e-05,0.05940055,0.7448503,0.04871581,ok
5a7e9c57-d953-4fe8-9d1d-bef54f3b5b6b,EnhancedAdaptiveQuantumHybridPSO_DE,True,bounds,7.088845e-05,2.5388994e-12,4.2192754e-05,0.9979126,0.0019743657,ok
b59d92f0-d5a1-4934-b9ba-7923df02f351,QuantumEnhancedAdaptivePSODE,True,bounds,0.19280247,0.00013574699,0.066587135,0.6676633,0.07281133,ok
b69918e8-c611-423f-bf0a-6c92c801f691,QuantumInspiredAdaptiveMomentumPSO_DE,True,bounds,0.4756507,0.002842096,0.19759344,0.23358102,0.09033275,ok
debaf8e4-9dad-45e8-b3f1-9457b8fc1438,AdaptiveMomentumInspiredQuantumPSO_DE,True,bounds,0.23328856,0.00031333123,0.14906389,0.5468168,0.07051738,ok
da0d6b48-5971-4fa6-9986-f6e279f95cf4,QuantumInspiredAdaptiveMomentumPSO_DE,True,bounds,0.5816105,0.003133539,0.13310742,0.22690615,0.055242427,ok
59d7e7a1-b977-4cd7-83be-6cd94e6b21f5,QuantumInspiredAdaptiveMomentumPSO_DE,True,bounds,0.4756507,0.002842096,0.19759344,0.23358102,0.09033275,ok
c0887a6e-ddff-4d41-9faa-674baa456705,QuantumInspiredAdaptiveMomentumPSO_DE,True,bounds,0.5450759,0.011510709,0.16437095,0.21970443,0.05933798,ok
b4e1a627-7a02-4c8b-9eb9-6539c31c80ba,QuantumInspiredAdaptiveMomentumPSO_DE,True,disc,0.6443553,0.015125012,0.16450569,0.119819656,0.056194287,ok
dd4131b2-0bea-4a9b-8c93-b7b36554cfe3,EnhancedQuantumPSO_DE,False,unif,0.66939086,0.041531187,0.14522861,0.048501067,0.095348336,ok
210355ac-c3b7-43d9-ac9b-ae9f346f8b58,QuantumInspiredAdaptiveMomentumPSO_DE,True,bounds,0.49602288,0.0032706386,0.20162909,0.23046656,0.068610795,ok
248fcd27-83bb-4f9c-886b-602c86f697a9,QuantumInspiredAdaptiveMomentumPSO_DE,True,disc,0.66812503,0.004583989,0.19237337,0.06485019,0.07006748,ok
bc6c6df4-66eb-4149-8d77-b8e705d38abb,QuantumInspiredAdaptiveMomentumPSO_DE,True,bounds,0.4756507,0.002842096,0.19759344,0.23358102,0.09033275,ok
d0e02ee4-843d-4272-a285-3d83684c1bce,QuantumInspiredAdaptiveMomentumPSO_DE,True,bounds,0.4756507,0.002842096,0.19759344,0.23358102,0.09033275,ok
99206eeb-acce-4ce5-9967-13da94e1d855,QuantumInspiredAdaptiveMomentumPSO_DE,True,disc,0.42856345,0.004088526,0.2500167,0.23124215,0.08608918,ok
40124b32-d4df-4dbd-b360-4a73df9579df,EnhancedQuantumInspiredPSO_DE,True,centre,0.5738913,0.28255928,0.045855384,0.0013975725,0.09629646,ok
542928e3-26b8-4bb7-922e-ce35f0364d56,QuantumAdaptiveHybridPSO_DE,True,bounds,0.4756507,0.002842096,0.19759344,0.23358102,0.09033275,ok
08195315-8134-4820-b500-2acb34893246,QuantumInspiredDynamicPSO_DE,True,bounds,0.367244,0.0027250482,0.18767402,0.38683015,0.055526763,ok
f8dfcfa9-bb05-476b-9386-78763c28e8bc,QuantumInspiredAdaptiveMomentumPSO_DE,True,disc,0.5353791,0.0031289652,0.19839641,0.17186502,0.091230504,ok
6dc6fd07-7d25-44e9-80d0-f23c45e73941,QuantumInspiredAdaptiveMomentumPSO_DE,True,bounds,0.4957295,0.0027532447,0.1513317,0.2528341,0.09735145,ok
0d9f757f-fdf8-4e97-9afb-8b32752a307a,AdaptiveQuantumInspiredPSO_DE,True,disc,0.5586174,0.0071547525,0.18863717,0.15055123,0.09503938,ok
a0bce4c9-6fd3-460d-8b12-a59389d9c0db,QuantumInspiredAdaptiveMomentumPSO_DE,True,bounds,0.4756507,0.002842096,0.19759344,0.23358102,0.09033275,ok
8b95c985-3736-4e5e-b4df-547493886d1f,EnhancedQuantumPSO_DE,True,disc,0.50179744,0.005461278,0.23491621,0.21671951,0.04110558,ok
541f94c6-e3e4-4915-a571-f42553ce28a3,QuantumInspiredAdaptiveMomentumPSO_DE,True,bounds,0.49500838,0.003338477,0.13282199,0.25970545,0.10912571,ok
a7cf649d-2b3d-4f1e-9950-77e61dfd861c,CompetitiveSwarmEnhancedRanking,False,unif,0.7684393,0.01196224,0.12600179,0.0135127185,0.08008397,ok
5e907f77-c8b4-4d72-9a87-2c8ec7cafbaa,HybridPSO_DE,True,disc,0.52943116,0.002684541,0.27540383,0.13921493,0.05326555,ok
3a142d65-9e42-4422-ac2e-9ecc6bd728e5,HybridPSO_DE,False,unif,0.65854824,0.010157297,0.21270807,0.060340635,0.0582458,ok
e0433338-d0c2-4ac5-bfb2-7b54ec37e413,AdaptiveHybridPSO_DE,True,disc,0.48889813,0.00047290535,0.27153805,0.16786295,0.071227945,ok
6767a991-dbee-4877-bdde-41a13487da4f,HybridPSO_DE,True,disc,0.4572907,0.0012444132,0.27080384,0.2070136,0.06364743,ok
08d50368-d24d-4413-ab56-df97bfdc1dac,AdaptiveHybridPSO_DE,True,bounds,0.31112075,0.00023830045,0.13438691,0.4143537,0.13990034,ok
3f5a6495-5117-4870-b366-38eb54785c40,RefinedAdaptiveHybridPSO_DE,True,bounds,0.2506789,0.0001550499,0.18155882,0.4943788,0.073228486,ok
3da20293-c831-4e78-9b01-6ecd112296a8,EnhancedAdaptiveHybridPSO_DE,True,bounds,0.11613196,1.5307258e-05,0.17931405,0.6840342,0.020504462,ok
666a19dd-5a9d-4e76-92d9-2d9f32ba3539,DynamicAdaptiveSwarmDE,True,bounds,0.115027845,5.814401e-06,0.11448057,0.7381373,0.032348502,ok
571b3ba1-feb9-464a-87ad-0550875b9cb8,HyperAdaptiveSwarmDE,True,bounds,0.121350646,2.8854376e-05,0.17394516,0.6880134,0.016662002,ok
77930589-a212-4595-8907-a38155da688c,EnhancedDynamicAdaptiveSwarmDE,True,bounds,0.36938357,0.00034977094,0.1989105,0.38988873,0.041467343,ok
39ddca9b-e5bd-48ac-9eff-8bc3cd4ab406,DynamicAdaptiveSwarmDERefined,True,bounds,0.080520965,9.423611e-06,0.08597157,0.7805459,0.05295216,ok
03f2e5a6-3d20-4eae-86f1-031ce69cda85,EnhancedDynamicAdaptiveSwarmDE,True,bounds,0.20185642,0.00095358456,0.22728646,0.53232574,0.03757777,ok
dfbfd2e5-8599-4d05-972c-316bd11fbf2e,EnhancedAdaptiveSwarmDE,True,bounds,0.27495155,0.00029889125,0.20813675,0.47745672,0.03915608,ok
feae3e97-dcdd-4bd4-8dba-822fcf54246e,DynamicAdaptiveSwarmDE,True,bounds,0.10012841,6.9976086e-06,0.12076435,0.73541796,0.043682292,ok
f4caa3d8-0518-426e-83d0-9c0d56cd7e45,EnhancedDynamicSwarmDE,True,bounds,0.14291307,2.6624504e-05,0.1647584,0.6751792,0.017122645,ok
0c580e62-a167-45e3-8e0e-8935fdae40be,EnhancedDynamicAdaptiveSwarmDE,True,bounds,0.062018402,1.9436698e-06,0.21628861,0.6959571,0.025733873,ok
399895f7-d743-4815-9a57-cac1cf9104f4,AdaptiveResonancePSO,True,bounds,0.38220993,0.0003567852,0.15839256,0.41329113,0.045749646,ok
ba8a8d6e-5f59-43aa-9124-71183c674930,AdvancedDynamicSwarmDE,True,bounds,0.01567142,1.2058669e-08,0.0043923287,0.9390232,0.040913016,ok
82041f3c-c789-4d1a-853c-da59549b7480,AdvancedDynamicSwarmDE,True,bounds,0.010877622,2.6246079e-08,0.0056811105,0.9205588,0.0628824,ok
1e006381-6397-4873-8b31-f7d89f49facd,EnhancedDynamicSwarmDE,True,bounds,0.018896323,3.824774e-08,0.013858503,0.93717515,0.030069921,ok
16c00469-bd85-452b-a690-58aafcff20c1,ImprovedDynamicSwarmDE,True,bounds,0.01567142,1.2058669e-08,0.0043923287,0.9390232,0.040913016,ok
d2982029-3bd1-4e10-a7c6-e1c64714cb0c,EnhancedDynamicSwarmDE,True,bounds,0.01567142,1.2058669e-08,0.0043923287,0.9390232,0.040913016,ok
6f2a7850-f8e5-438d-b4cb-913b20417ebf,EnhancedDynamicSwarmDE,True,bounds,0.06001532,3.0497762e-07,0.01726806,0.8746174,0.048098885,ok
e5528d25-9c16-4215-be38-7615b634a884,EnhancedDynamicSwarmDE,True,gaps/clusters,0.34943396,0.00031963023,0.22231443,0.1567241,0.27120787,ok
c72e3126-1756-4944-bbd1-02ac2f8cc76b,AdvancedDynamicSwarmDE,True,bounds,0.011723991,4.079323e-09,0.0025383034,0.96172225,0.024015518,ok
dc128b22-952a-4859-b47e-71fb7b48f921,AdvancedDynamicSwarmDE,True,bounds,0.005647291,2.8635316e-09,0.0040371795,0.96722853,0.02308708,ok
bc4eb59c-baad-4504-9876-651226105644,AdvancedDynamicSwarmDE,True,bounds,0.03035846,7.70034e-07,0.01495302,0.90771693,0.04697078,ok
4a43c3ac-9c0b-427e-a7c5-48e2765024a3,EnhancedDynamicSwarmDE,True,bounds,0.0002513879,3.7098575e-12,0.00012505882,0.9884426,0.011180965,ok
564147c3-8425-4d06-af66-0e7bfbd0d375,EnhancedDynamicSwarmDE,True,bounds,0.0066047036,1.1710724e-09,0.0011534278,0.97767717,0.014564684,ok
69e95054-4aa4-4501-a2e6-75658c5340da,EnhancedDynamicSwarmDE,True,bounds,0.0066047036,1.1710724e-09,0.0011534278,0.97767717,0.014564684,ok
52309ac0-ff86-477b-942f-74a86feeb775,EnhancedDynamicSwarmDE,True,bounds,0.0066047036,1.1710724e-09,0.0011534278,0.97767717,0.014564684,ok
62b6b227-b6eb-49ca-81e9-4f0ace17865b,EnhancedDynamicSwarmDE,True,bounds,0.044758804,7.573358e-06,0.026692295,0.862508,0.06603336,ok
8b00ef39-065b-4bce-a52a-f2f328c9df66,EnhancedDynamicSwarmDE,True,bounds,0.0002513879,3.7098575e-12,0.00012505882,0.9884426,0.011180965,ok
3efad840-19d5-4557-a321-8f57da2dba7f,EnhancedDynamicSwarmDE,True,bounds,0.12254296,1.7760325e-05,0.09169269,0.76245826,0.023288328,ok
31c84f2c-2b72-4d53-b997-5a604eac4ef1,RefinedDynamicSwarmDE,True,bounds,0.12254296,1.7760325e-05,0.09169269,0.76245826,0.023288328,ok
b95dd035-0f95-4f15-b67a-18e9da3c87f1,MultiObjectiveDynamicSwarmDE,True,bounds,0.0066047036,1.1710724e-09,0.0011534278,0.97767717,0.014564684,ok
c67355ce-49c5-44d7-af3b-36de2c113117,EnhancedDynamicSwarmDE,True,bounds,0.38846588,0.0019823448,0.17696407,0.3363593,0.096228436,ok
2f2718dc-bd64-4e61-9838-0da9190f946b,EnhancedDynamicSwarmDE,True,bounds,0.039466813,2.6943837e-08,0.014286888,0.8690359,0.07721034,ok
e6aabe22-7671-4886-b564-fa06d0190006,EnhancedDynamicSwarmDE,True,bounds,0.04303811,7.29314e-08,0.012530267,0.7668384,0.17759317,ok
54da93ca-0238-49ef-b2aa-4bd904d9a513,EnhancedDynamicSwarmDE,True,bounds,0.00011632133,1.0935501e-12,2.793619e-05,0.9989888,0.00086681976,ok
fc5cb7a0-603d-4ad6-a593-a688f8c48ea6,EnhancedDynamicSwarmDE,True,bounds,0.008629504,1.3687316e-09,0.0025179454,0.95511913,0.033733405,ok
801f50f9-a7ef-435b-ad38-7eb2f3f67621,EnhancedDynamicSwarmDE,True,bounds,0.00046700417,5.0064232e-12,0.00020812513,0.99002135,0.009303578,ok
31368798-8b4d-4e7e-95a4-72a522d4fcec,EnhancedDynamicSwarmDE,True,bounds,0.0050314995,6.699395e-10,0.0011564388,0.9584659,0.035346173,ok
fa57380d-c326-4b8a-a867-9d92990cad2c,EnhancedDynamicSwarmDE,True,bounds,0.006849351,7.124327e-09,0.0068917857,0.8194187,0.16684015,ok
205a1058-51d4-4ac8-a187-61f65758bb0f,EnhancedDynamicSwarmDE,True,bounds,0.000735937,6.82001e-12,0.00014472709,0.9872506,0.011868754,ok
7cf4f6b6-698a-44fd-97de-47eb6ecaf9d9,EnhancedDynamicSwarmDE,True,bounds,0.09236838,1.469191e-05,0.03137073,0.81026953,0.065976605,ok
bd273f06-0b3b-4cab-90e5-9e569e679946,EnhancedDynamicSwarmDE,True,bounds,0.027772278,1.3172281e-07,0.021025535,0.9202773,0.030924734,ok
95fe113f-485a-4c0d-9646-94f08279c686,EnhancedDynamicSwarmDE,True,bounds,0.05757923,5.7826614e-06,0.028936561,0.9003191,0.013159268,ok
9f6a7e81-587d-494c-8952-5736c9444b03,EnhancedDynamicSwarmDE,True,bounds,0.070065066,2.16144e-06,0.025708625,0.86719143,0.037032783,ok
b6cefc8a-513b-4f3b-9316-4b28fa5107f9,EnhancedDynamicSwarmDE,True,bounds,0.055461396,1.6019008e-05,0.034398105,0.8866922,0.023432184,ok
3b27db84-a76e-4988-b889-dd36f2ba7c13,EnhancedDynamicSwarmDE,True,bounds,0.022836326,9.1109007e-07,0.0094626825,0.5938028,0.3738973,ok
8cb55bfa-114d-4e9b-b0ad-2f8061a044af,EnhancedDynamicSwarmDE,True,gaps/clusters,0.3435737,0.0002330114,0.1206187,0.11391304,0.42166156,ok
20b28a98-592b-4848-b57c-720d31217b17,EnhancedDynamicSwarmDE,True,gaps/clusters,0.32175142,5.0741382e-05,0.06479864,0.123420015,0.48997927,ok
8db274ae-16c8-4405-a63a-2b66f30c90b8,EnhancedDynamicSwarmDE,True,gaps/clusters,0.34406346,0.00023387605,0.120429695,0.11379807,0.42147487,ok
ef1da836-5ee2-4304-bae8-781c35d228bd,EnhancedDynamicSwarmDE,True,gaps/clusters,0.24477527,0.0019693044,0.034462966,0.018334948,0.7004576,ok
534d82d2-be8c-47d2-a768-0cf640e46ace,EnhancedDynamicSwarmDE,True,gaps/clusters,0.36997515,0.00022664193,0.11367605,0.11973269,0.39638945,ok
cfcf9594-f8a6-4a23-86a9-f0d8bfc9cc45,RefinedDynamicSwarmDE,True,gaps/clusters,0.32623953,0.00027223423,0.17725621,0.103139065,0.39309296,ok
eb36ab71-b217-4d6b-8c6d-bb8fcf3826f0,RefinedDynamicSwarmDE,True,gaps/clusters,0.3431184,0.0004953966,0.17417352,0.12992503,0.35228768,ok
8ddae709-bbff-4e02-ab23-b566efa145e3,EnhancedDynamicSwarmDE,True,bounds,0.06351149,6.3439984e-06,0.024505135,0.4680167,0.44396028,ok
7a4152f8-e4f5-4e3f-8a83-2ac1eb536e64,EnhancedSwarmSymbioticDE,True,gaps/clusters,0.4333021,0.0006683781,0.088662215,0.16656898,0.31079832,ok
7c66e47d-b220-4eb1-8ca8-958a09c4faf8,RefinedDynamicSwarmDE,True,gaps/clusters,0.35570496,0.00027891938,0.13707188,0.11637916,0.390565,ok
e4ded0b2-6d4b-417d-8f1a-d0e61770e790,RefinedDynamicSwarmDE,True,gaps/clusters,0.31499112,0.00026541098,0.18088432,0.11065857,0.39320058,ok
3f77c708-bd2d-463f-a98f-a1de793f167b,EnhancedSwarmCoordinationDE,True,bounds,0.039055217,3.1120525e-08,0.00988728,0.6232478,0.32780963,ok
ab71ae57-4af6-480a-a30c-94099e2ec11c,RefinedDynamicSwarmDE,True,gaps/clusters,0.38833326,0.00023737716,0.08371113,0.13963588,0.38808233,ok
85c77ae6-d195-46b2-bede-54d1641b1dec,RefinedDynamicSwarmDE,True,gaps/clusters,0.3662518,0.00018101382,0.09204994,0.15420511,0.3873121,ok
a3876eb6-9d53-41c3-ba36-1f24c382a7e3,RefinedDynamicSwarmDE,True,gaps/clusters,0.38562977,0.0001956316,0.16108459,0.1352262,0.31786385,ok
d8133928-c349-4eba-a08f-55da02f98972,EnhancedMultiScaleSwarmDE,True,bounds,0.20473342,4.700184e-05,0.09724564,0.40442783,0.29354614,ok
9a5f233c-6c51-40b7-9d99-945a4676bd0a,AdvancedAdaptiveSwarmDE,True,gaps/clusters,0.3337295,0.0014880134,0.041024253,0.013571629,0.6101866,ok
4fb3c8bb-a1df-44b9-8d24-cbe458253f66,RefinedDynamicSwarmDE,True,gaps/clusters,0.25503516,0.00010098507,0.087262735,0.20988193,0.44771925,ok
62d960cd-af20-412c-89ae-32f521e1bf54,RefinedDynamicSwarmDE,True,gaps/clusters,0.36522788,0.000273387,0.104684904,0.13411309,0.39570075,ok
dbdc6909-96f3-4c7c-95d6-b05ff6858715,AdaptiveMultiPhaseSwarm,True,bounds,0.52208525,0.011573827,0.18021649,0.2172616,0.06886287,ok
778caa0a-c1b9-4922-846d-ff884693e4e3,RefinedDynamicSwarmDE,True,gaps/clusters,0.39337325,0.00020795032,0.12661743,0.12974833,0.35005307,ok
463ed305-1970-4301-942b-d4cca31d54c1,RefinedDynamicSwarmDE,True,gaps/clusters,0.40017128,0.00041071782,0.11050884,0.13723794,0.35167128,ok
095906db-834d-4413-8366-b575f2b4713d,AdaptiveHybridSwarmOptimization,True,gaps/clusters,0.33748436,0.0010428926,0.1064077,0.027259016,0.52780604,ok
87d1dacb-e927-438c-a2fd-9a9b2bc1ea5d,AdaptiveQuantumSwarmEvolution,True,gaps/clusters,0.30082208,0.00059606344,0.11970721,0.052685242,0.5261893,ok
ead3032a-8f04-4294-9abe-f7fbd0b472ac,RefinedDynamicSwarmDE,True,gaps/clusters,0.4225782,0.00026649475,0.15881959,0.13272408,0.28561166,ok
7224e301-f386-443d-9027-504f58e3eadd,RefinedDynamicSwarmDE,True,gaps/clusters,0.28691453,2.4110559e-05,0.12117867,0.1406416,0.45124108,ok
21754c26-b08b-44db-9d46-278925a0cc2c,EnhancedAdversarialSwarmDE,True,gaps/clusters,0.29061383,8.315417e-05,0.14680398,0.12046268,0.44203633,ok
2f25ea10-4750-4943-9ee3-55b31427fa73,ChaoticCoEvolutionarySwarmDE,True,bounds,0.037108935,3.2883307e-07,0.011748606,0.48334664,0.46779546,ok
5503cece-cb19-40b6-b9a3-412fc06fc9c1,EnhancedAdversarialSwarmDE,True,gaps/clusters,0.501886,0.0015656578,0.09420355,0.036209106,0.3661357,ok
0ef378b2-97db-4c79-a9b8-7a26da12a056,DynamicSwarmDE,True,gaps/clusters,0.31264216,0.0013120229,0.13750805,0.055909164,0.49262863,ok
74c16d88-16bc-4151-ace6-06e62c54b4d1,EnhancedAdversarialSwarmDE,True,gaps/clusters,0.4649774,0.0015061334,0.16047958,0.029937297,0.34309953,ok
9cde036d-0a75-45b0-8d40-d7c6f0b647fb,EnhancedAdversarialSwarmDE,False,unif,0.6192233,0.006888829,0.15661415,0.021551535,0.19572213,ok
038aa540-600d-40eb-a7a9-b8619ab6fe27,EnhancedAdversarialSwarmDE,False,unif,0.6712724,0.00685197,0.12130703,0.016008306,0.18456027,ok
e7c644c7-6e78-4d87-b2a5-d0afc1f95a85,EnhancedAdversarialSwarmDE,True,gaps/clusters,0.4741218,0.002292065,0.18442214,0.034493975,0.30467,ok
0e1c98ec-439c-4fce-9d7a-5ea1f903d1c8,EnhancedAdversarialSwarmDE,True,gaps/clusters,0.17171705,0.0009771395,0.030882472,0.0065223402,0.789901,ok
262bfe0a-6ee4-4b1d-9a8f-bdd46ddec92d,CooperativeAdaptiveSwarmDE,True,bounds,0.29544097,0.00010577424,0.106203936,0.5202208,0.078028545,ok
f7aab1af-fafb-4a83-8e6e-a1235e593044,AdaptiveTurbulenceSwarmDE,True,gaps/clusters,0.48601285,0.00215032,0.16668168,0.03974918,0.30540603,ok
30b2b962-9350-4864-a9d2-e3fbb429852b,EnhancedAdversarialSwarmDE,True,gaps/clusters,0.5152346,0.00094809214,0.0813026,0.093261145,0.3092536,ok
b07e6d12-07e1-4c85-a4fa-66dfeff70e1b,EnhancedAdversarialSwarmDE,True,bounds,0.28977683,0.00023007595,0.21561897,0.28163406,0.2127401,ok
57d2d0c3-63e0-4fba-bcbd-e8785a9074e8,EnhancedAdversarialSwarmDE,True,bounds,0.387618,0.00015929203,0.1638314,0.24519971,0.20319164,ok
5cac4c0c-0e7f-43de-aa6c-3cda26bdc177,HybridPSO_DE,True,bounds,0.26563615,0.00017296588,0.16652833,0.49864984,0.06901271,ok
ac2ca57b-9543-4cde-8d02-e2d6e3cd71bf,HybridPSO_DE,True,bounds,0.1229974,4.957406e-05,0.12487751,0.7321644,0.019911105,ok
59a46bd7-d3f4-48b9-a3a8-56c387d3c023,EnhancedHybridPSO_DE,True,bounds,0.2935459,0.00043642722,0.106278345,0.52839386,0.071345456,ok
e3fbbec3-5920-4536-8963-d1d3bbdf2b6e,EnhancedAdaptiveHybridPSO_DE,True,bounds,0.12476232,7.138768e-05,0.12978639,0.7150977,0.0302822,ok
b840cb35-3776-415f-ad81-3f7de61201e6,EnhancedDynamicSwarmDE,True,bounds,0.01777148,1.701719e-08,0.006106041,0.9385866,0.0375358,ok
34db52f6-7045-4014-939f-f4ab061fc2e2,EnhancedHybridPSO_DE,True,bounds,0.2652058,0.0006525429,0.18884784,0.5092295,0.036064345,ok
228eaa62-27c6-4b24-943f-8e62f720f7c0,EnhancedHybridPSO_DE,True,bounds,0.26594868,0.00024334525,0.21879295,0.47713584,0.0378792,ok
7db24a71-f1cc-4196-8027-67d04c75e4c2,EnhancedHybridPSO_DE,True,bounds,0.31220657,0.00019758052,0.15091297,0.50995743,0.026725467,ok
67f223c4-6012-4d3d-8c06-fb159525f2cd,EnhancedHybridPSO_DE,True,bounds,0.2652058,0.0006525429,0.18884784,0.5092295,0.036064345,ok
dfbc5b31-8d03-497a-9009-eea0c608edb1,EnhancedHybridPSO_DE,True,bounds,0.32768327,0.00092625414,0.13964275,0.484507,0.047240697,ok
00093c26-925e-492d-b501-875326d3cb45,AdaptiveSwarmGradientDescent,True,bounds,7.810682e-06,1.5701584e-10,9.014038e-06,0.9984065,0.0015766503,ok
004be90a-6787-4f6a-b934-388465d5f0ac,AdaptiveSwarmGradientDescent,True,bounds,0.0099902125,9.8939154e-08,0.020726044,0.9524399,0.016843814,ok
008c30f1-2aa2-48b1-8835-6af0e33a3c74,AdaptiveSwarmGradientDescent,False,unif,0.62139356,0.021295827,0.12720953,0.1559078,0.07419323,ok
0130d00e-f972-413c-82ea-e3219224b396,EnhancedAdaptiveSwarmGradientDescent,True,bounds,0.45851558,0.0017646957,0.111658916,0.3791412,0.0489195,ok
01650641-9dd0-4a25-9a32-18ace6649105,SwarmOptimizer,True,bounds,0.14560689,2.4736039e-05,0.18159936,0.64510995,0.027659005,ok
022dc06f-798d-48ed-aaa6-528b4825062d,PSO_DE_Hybrid,True,bounds,6.768084e-12,3.9835122e-23,1.3143004e-12,0.9999865,1.3445524e-05,ok
024d238a-e627-41b7-8d20-a6172f7d3073,EnhancedAdaptiveSwarmGradientDescent,True,bounds,0.07372077,3.6936624e-06,0.029084364,0.8664999,0.03069136,ok
0260c1a3-0ddc-4290-8620-f1a68ad8394a,AdaptiveSwarmGradientDescent,False,unif,0.7039503,0.14193341,0.0709342,0.009155231,0.07402684,ok
02b2f837-c4dd-4e25-ad13-b0f6abc3a088,HybridPSOSA,False,unif,0.6730868,0.0031887155,0.19451989,0.07798904,0.051215567,ok
02d0f564-bebd-44d7-ba5c-55de23b1b2cc,ChaoticSwarmOptimizer,True,bounds,0.23594387,4.0332536e-05,0.11183517,0.62030506,0.031875543,ok
02d1585d-38c5-4e97-9348-dd680b499290,AdaptiveSwarmGradientDescent,False,unif,0.6167918,0.21883145,0.055926643,0.0022120052,0.10623814,ok
02f5dc01-9e4f-4caa-988b-5295377688fd,SwarmOptimizer,True,bounds,0.0046073105,1.5771733e-09,0.008948168,0.97722226,0.009222284,ok
02f84b82-ba5a-4c2d-b1ea-4a803cb30e61,HybridPSOSA,False,unif,0.7305871,0.034215473,0.14762664,0.023579603,0.063991174,ok
031566b6-ff4d-47dc-8602-72ef28556de5,SwarmOptimizer,True,bounds,0.059878446,5.6495975e-07,0.070481844,0.8492416,0.020397516,ok
031a0b0b-3158-40ec-9742-56ef94866952,EnhancedAdaptiveSwarmGradientDescent,True,bounds,0.06942074,3.9374504e-06,0.045954738,0.85204285,0.032577824,ok
03774076-68dc-48e0-ab4c-87bdafe503a5,HybridPSODE,True,bounds,0.2913124,0.0003016126,0.1813149,0.4905464,0.036524657,ok
03e6175b-69bf-4bbf-a652-cad4a7ac1095,AdaptiveSwarmGradientDescent,True,bounds,2.453334e-05,1.04036155e-10,9.321275e-06,0.9991806,0.00078559516,ok
03efe0d8-2aa8-4408-9b28-e7dd2447a778,HybridPSOSA,False,unif,0.7662914,0.061192863,0.10434592,0.005107622,0.063062236,ok
05025a35-d02d-49ff-af62-779982768e79,AdaptiveSwarmGradientDescent,True,bounds,3.7044229e-06,1.129708e-10,2.3178495e-06,0.99953187,0.0004621123,ok
053da374-7e9e-4a9e-aad0-4fb71b2b85d7,AdaptiveSwarmOptimizer,True,disc,0.4842779,0.025036875,0.31954154,0.11198554,0.05915814,ok
058403d4-459e-4c06-8d07-f19b9aaa3f14,AdaptiveSwarmGradientDescent,True,centre,0.5759741,0.2570179,0.058172084,0.0026968606,0.106139064,ok
05d46d83-2230-4bb9-894e-8b7d4bdfe391,AdaptiveSwarmHarmonyOptimization,False,unif,0.7946778,0.0354039,0.066427365,0.04194696,0.06154395,ok
0605b452-4649-431f-a694-1b06b0282b1d,EnhancedAdaptiveSwarmGradientDescent,True,centre,0.49174792,0.3598895,0.03778269,0.00018547603,0.11039443,ok
0633b858-5ef4-4972-ac60-7b5bca4fb747,AdaptiveSwarmGradientDescent,True,centre,0.5027191,0.3110289,0.07232561,0.0011091825,0.11281724,ok
0636818e-043d-4797-9a74-0210761c75e8,SwarmOptimizer,True,bounds,0.056768794,2.312374e-07,0.11118672,0.8064162,0.02562805,ok
06393ab5-cc61-4937-92bc-178af7bfe61b,SwarmOptimizer,True,centre,0.19632147,0.6253482,0.018347612,6.339914e-06,0.15997635,ok
0672e52c-9409-4e0b-bc76-ee85040466fe,EnhancedAdaptiveSwarmGradientDescent,True,bounds,0.28586563,0.00016452961,0.078014955,0.57046926,0.06548557,ok
0691b7d6-dddb-474a-8af9-027ae21de1a7,DynamicSwarmOptimizer,True,bounds,0.046385508,8.580917e-06,0.030158514,0.85820645,0.06524092,ok
06c463f1-3a40-477d-8399-251b08e39a61,AdaptiveSwarmGradientDescent,True,centre,0.52256566,0.31925303,0.044932496,0.0003231196,0.11292571,ok
06c8b39e-76ff-43c5-9f04-2d523fc77ce7,PSO_DE_Hybrid,True,bounds,1.777783e-12,2.4023605e-25,2.2501188e-13,0.9999878,1.2113177e-05,ok
06dd7c4c-dd99-435f-82d4-916f95fc6925,SwarmOptimizer,True,bounds,0.04140202,1.1913494e-06,0.106197655,0.8403742,0.012024961,ok
07030318-5134-4ab3-be26-755a9a9bf0dc,AdaptiveSwarmGradientDescent,False,unif,0.6742786,0.0733695,0.14473051,0.028988492,0.078632906,ok
076d4cec-482f-4bb9-8e11-167383e6b167,PSO_DE_Hybrid,True,bounds,5.0115953e-12,9.420693000000001e-25,7.250887e-13,0.9999722,2.7677612e-05,ok
07d1aa17-3d65-4601-a175-9ac6ff3c75e4,SwarmOptimizer,True,centre,0.22825277,0.6293031,0.016553156,5.3551088e-05,0.12583739,ok
07e0064a-d58f-4091-943d-316abf763a5f,AdaptiveSwarmGradientDescent,False,unif,0.68294865,0.04073744,0.17382705,0.025548508,0.07693837,ok
0913934d-28ac-4a83-b0ae-4303f9c0346a,HybridPSODE,True,bounds,0.00039092434,3.5550183e-08,0.00030445895,0.9937382,0.005566363,ok
092c1ad4-2c8a-4e91-8800-d3ec3dacea0c,SwarmOptimizer,True,bounds,0.005389702,1.2667101e-09,0.006475419,0.97097766,0.017157167,ok
092eadfa-87e6-4127-841e-711047461116,AdaptiveSwarmHarmonyOptimization,False,unif,0.7501497,0.043146037,0.081503764,0.050946265,0.07425428,ok
09368f22-8bd3-44e0-a355-854e193feebb,AdaptiveSwarmOptimizer,True,disc,0.52484405,0.011473802,0.2245111,0.17969066,0.05948042,ok
098a3a3e-86de-4e74-b7f0-23dcdb430c19,PSO_DE_Hybrid,True,centre,0.5053562,0.35339004,0.03409945,0.0009553384,0.10619898,ok
09992da8-a0ca-4fb0-a494-93d2affe3087,AdaptiveSwarmOptimizer,False,unif,0.620386,0.0029674047,0.17397888,0.13558707,0.06708067,ok
09de97ab-a8ea-4181-a0d3-ea6ae2b029b2,HybridPSODE,True,bounds,1.7159973e-06,5.180132e-16,3.796206e-07,0.9997579,0.00024007855,ok
0a4d904d-e1d4-47be-b22b-ec11e7e682e1,HybridPSOSA,False,unif,0.6309897,0.18655184,0.07282748,0.0005220593,0.10910891,ok
0a4f9064-d3e2-4944-a622-5d655d7601f5,EnhancedAdaptiveSwarmGradientDescent,True,bounds,1.6001349e-17,1.3670434e-33,7.9314594e-20,0.99999106,8.938156e-06,ok
0a7df8ac-f634-43df-943a-9f528a4620b8,AdaptiveSwarmOptimizer,False,unif,0.6809653,0.008189325,0.24134657,0.024520807,0.044977956,ok
0b694cd2-4202-4857-8443-6a528482fe3a,AdaptiveSwarmGradientDescent,True,bounds,0.15868714,0.00028927723,0.07689626,0.7227434,0.041383915,ok
0b6bb9e2-8340-4910-b209-4485f121bba3,AdaptiveSwarmGradientDescent,True,bounds,0.01417353,3.3504048e-07,0.009880534,0.97357166,0.0023738758,ok
0ba263cc-2c06-446d-8a44-aa4d73ff8adc,AdaptiveSwarmHarmonyOptimization,False,unif,0.6507383,0.014611958,0.17265135,0.10397975,0.058018643,ok
0bc85dfe-8972-49e4-9cc3-27f7744d059a,SwarmOptimizer,True,bounds,0.020948794,1.0328723e-06,0.011625124,0.9597486,0.007676435,ok
0c0d44e8-28cf-4971-b447-be3408932fe8,AdaptiveSwarmGradientDescent,False,unif,0.76385504,0.031833325,0.085035756,0.053252798,0.06602308,ok
0c0e1c9f-51b7-4fe1-95eb-f00b84996086,AdaptiveSwarmHarmonyOptimization,False,unif,0.7219189,0.021133654,0.15650943,0.04876105,0.05167699,ok
0c131522-77d9-4475-a2e8-e54061e3dd16,AdaptiveSwarmGradientDescent,True,centre,0.6164693,0.20241717,0.06028246,0.0043294355,0.11650165,ok
0c1ada55-6e1f-46c2-bd6a-835319a9bb5a,HybridPSOSA,True,centre,0.56587183,0.2311455,0.05166759,0.007884094,0.14343101,ok
0c225f39-768b-4719-b7cc-67fe81f12afe,SwarmOptimizer,True,bounds,0.20750567,0.00021521203,0.11190256,0.6565992,0.023777265,ok
0cc29f20-71a5-42bd-89f7-73c4d89b8a60,AdaptiveSwarmOptimizer,True,disc,0.43366256,0.0011844749,0.38856062,0.12671867,0.04987361,ok
0ce5e771-29d3-4857-8d56-52927f59c3bd,AdaptiveSwarmGradientDescent,True,centre,0.40374678,0.44785038,0.031374086,0.00034099995,0.1166877,ok
0d1626f8-fc48-4a62-9715-d2a9c3f3bde5,AdaptiveSwarmGradientDescent,True,centre,0.26271668,0.5996591,0.024198007,6.0365204e-05,0.113365814,ok
0d2ff55e-308b-4994-9687-90a0715c8f57,DynamicSwarmOptimizer,True,bounds,0.02780627,2.208835e-06,0.014169574,0.937204,0.020817991,ok
0d68bf70-c3bd-4cb0-9c1a-533af5273a9b,AdaptiveSwarmGradientDescent,False,unif,0.66034126,0.20424923,0.058369137,0.00065218925,0.07638818,ok
0df59c5b-eac4-49d1-a1e9-f4c6a1fc5eda,EnhancedAdaptiveSwarmGradientDescent,True,bounds,0.09573648,6.648813e-06,0.034615114,0.83287,0.03677176,ok
0e4429ba-3e84-4f62-8403-892f634914ca,EnhancedAdaptiveSwarmGradientDescent,False,unif,0.7384205,0.016427461,0.07302819,0.1271534,0.04497037,ok
0e868bb3-1261-40c5-9de7-f77e4102133e,ChaoticSwarmOptimizer,True,bounds,1.9940032e-06,6.979266e-10,2.3424889e-07,0.9997635,0.0002342645,ok
0f24c42d-6212-4605-b935-a97d0c38e129,AdaptiveSwarmGradientDescent,True,centre,0.22412272,0.6346428,0.029828578,4.325127e-05,0.111362696,ok
0f3570f7-fa04-4859-b3f1-ab19c6da9242,AdaptiveSwarmGradientDescent,False,unif,0.6557657,0.195992,0.04474994,0.0034870156,0.100005254,ok
0f9e26d8-e30b-4e9d-b0b0-b00d0dea9ef9,AdaptiveSwarmGradientDescent,True,bounds,0.064744726,2.810911e-07,0.04878836,0.8671293,0.019337308,ok
0fc7cf94-6297-41aa-8d8c-e1677c677ad2,AdaptiveSwarmHarmonyOptimization,False,unif,0.7045062,0.020602044,0.15551496,0.065804325,0.053572387,ok
0fdece44-7eda-4cd7-ac6a-c406f55cc8e8,AdaptiveSwarmGradientDescent,True,centre,0.18276204,0.6483526,0.02290653,2.179114e-05,0.14595708,ok
0fe5d9be-9e46-43bb-9be1-218773a0a40a,AdaptiveSwarmOptimizer,False,unif,0.65793186,0.011244483,0.21642503,0.028622726,0.08577589,ok
0ffb9af6-12df-4aa9-a379-4e11806a7c01,AdaptiveSwarmOptimizer,True,centre,0.16852602,0.6951091,0.015320452,1.0452842e-05,0.12103397,ok
104e3974-aa61-43e0-8c22-61d0ed582605,AdaptiveSwarmHarmonyOptimization,False,unif,0.7289828,0.0067631053,0.16539764,0.039358042,0.05949837,ok
10669904-5f22-4537-ac36-ecdcd3687bfd,DynamicSwarmOptimizer,True,bounds,0.06717577,2.75294e-05,0.060242284,0.853895,0.018659415,ok
10fff79d-9711-4d97-9e1e-3305b512bf73,AdaptiveSwarmHarmonyOptimization,False,unif,0.7578435,0.06310268,0.06806561,0.048640117,0.06234811,ok
1126e984-ec44-4f03-b876-510d27bec8de,AdaptiveSwarmGradientDescent,False,unif,0.73149145,0.08325289,0.079371676,0.005228224,0.10065572,ok
118892db-0ed2-44ac-aec9-683122ba3b00,ChaoticSwarmOptimizer,True,bounds,0.4490575,0.00032622693,0.21790901,0.30020374,0.032503523,ok
11ae3251-bdef-4dcf-90f8-dd7041a35b45,AdaptiveSwarmOptimizer,True,centre,0.26745436,0.56847847,0.014616777,4.246569e-05,0.14940795,ok
135c0b2f-a091-4cea-ab9a-613fbe5ad455,EnhancedAdaptiveSwarmGradientDescent,True,bounds,0.12491299,1.8219478e-05,0.13435078,0.7060248,0.034693196,ok
1386cfe7-fea1-4e95-8c15-aef15488ac22,AdaptiveSwarmGradientDescent,True,bounds,0.10043845,5.647212e-06,0.07355449,0.8099791,0.016022343,ok
13c32ef8-593f-462f-a904-fa603a100814,AdaptiveSwarmGradientDescent,False,unif,0.6165265,0.072940275,0.17135973,0.016043995,0.123129606,ok
13f3bdba-6c70-40a7-8972-a7514817a499,SwarmOptimizer,True,bounds,0.045123257,1.1740023e-06,0.115042076,0.82502776,0.014805699,ok
145006ca-45af-455c-83ad-b2064012d75d,AdaptiveSwarmHarmonyOptimization,False,unif,0.72427076,0.06574683,0.05916219,0.090017505,0.060802676,ok
149171b6-5163-4920-aba1-e4c19965de62,AdaptiveSwarmGradientDescent,True,bounds,8.5649445e-13,1.4407642e-21,3.45878e-14,0.99998283,1.7120597e-05,ok
150a1215-0286-415a-88c3-237666964fb1,AdaptiveSwarmOptimizer,True,bounds,0.6236421,0.004268355,0.15333727,0.17188941,0.046862848,ok
155421e6-c929-484d-aa4c-a2ca676a953e,AdaptiveSwarmOptimizer,True,bounds,0.41603047,0.000595122,0.26322284,0.27737686,0.042774707,ok
1588e75f-e024-4f62-9b0d-13a466f3da3c,EnhancedAdaptiveSwarmGradientDescent,True,disc,0.70257074,0.039914776,0.11513887,0.09435483,0.048020743,ok
15908617-7b13-41cc-8861-e469756e37d5,SwarmOptimizer,True,centre,0.26104847,0.5786235,0.018466096,4.0819836e-05,0.14182107,ok
1611476d-d3ab-4b25-9b8f-13f99bac0a95,AdaptiveSwarmHarmonyOptimization,False,unif,0.7493371,0.03423834,0.09880416,0.06156634,0.056054123,ok
1631b7a5-2b23-4e53-bf3b-8eac24b3a8e0,SwarmOptimizer,True,bounds,0.009406359,9.4535455e-09,0.011802546,0.97310066,0.0056904554,ok
16867217-22c3-42dd-a5b3-3b3c8b39624e,PSO_DE_Hybrid,True,bounds,0.0020502852,1.6334289e-07,0.0025065027,0.9917123,0.0037306764,ok
16c450e9-733c-450a-b4a7-3a340162b7c6,AdaptiveSwarmOptimizer,False,unif,0.7361756,0.024901818,0.15733814,0.011660807,0.069923624,ok
16dc958f-75cf-445c-92ab-627f740328af,EnhancedAdaptiveSwarmGradientDescent,True,bounds,0.55735093,0.0008927399,0.13473937,0.25721675,0.049800295,ok
176db79c-5a24-4618-bbc1-a11ff6cb59d9,AdaptiveSwarmGradientDescent,False,unif,0.7094608,0.00837419,0.12192021,0.09012023,0.07012461,ok
189e5462-6688-45ac-bd4b-858a548c015e,PSO_DE_Hybrid_Improved_V2,True,bounds,0.0032520737,3.1492752e-07,0.0013127697,0.9866204,0.008814487,ok
18bc036f-2651-40c8-af9d-5c12f2ac134c,EnhancedAdaptiveSwarmGradientDescent,True,bounds,0.31263065,0.0022202411,0.06511437,0.554916,0.0651187,ok
193887c9-6977-43fe-9382-1c2d91b64b2f,AdaptiveSwarmGradientDescent,True,centre,0.30496994,0.51929736,0.028738713,0.00011319811,0.14688084,ok
1943d02d-43ae-4e5d-ac09-13659641c785,AdaptiveSwarmHarmonyOptimization,True,bounds,0.075710475,1.9085806e-05,0.044412993,0.86468345,0.015173947,ok
19492e50-f98a-4b2e-8c22-589c9733f6bb,HybridPSODE,True,bounds,3.243536e-08,2.1198666e-18,5.9214607e-09,0.99968016,0.00031980788,ok
1979d7fa-658c-407f-a832-ba826cda1a25,AdaptiveSwarmGradientDescent,True,centre,0.31170267,0.5154099,0.027291482,0.00018026943,0.14541575,ok
1980e7f8-3763-4fd4-ab94-c153a11d5e27,EnhancedAdaptiveSwarmGradientDescent,True,centre,0.3962913,0.4384056,0.039451946,0.0004629364,0.12538826,ok
199a4cf0-c68b-4524-b55c-8d7b55df9937,HybridPSODE,True,bounds,8.316488e-13,2.1581486999999998e-19,3.0558607e-15,0.99993163,6.843308e-05,ok
1a123654-5175-4874-a434-4df5375e695a,EnhancedAdaptiveSwarmGradientDescent,True,centre,0.49174792,0.3598895,0.03778269,0.00018547603,0.11039443,ok
1a450717-a0f4-4d05-998f-8ba52a5f281f,EnhancedAdaptiveSwarmGradientDescent,True,bounds,0.3610584,0.00033526478,0.13237654,0.4645528,0.041677035,ok
1a4d938e-98d1-48b1-9c90-50ca3b408711,SwarmOptimizer,True,bounds,0.009406359,9.4535455e-09,0.011802546,0.97310066,0.0056904554,ok
1a51364b-a07c-4feb-9544-c2496ed17a00,AdaptiveSwarmGradientDescent,False,unif,0.69944096,0.05878219,0.108553804,0.040138897,0.09308422,ok
1a78f020-9cf7-4f49-8bca-d87428717224,AdaptiveSwarmHarmonyOptimization,False,unif,0.81564826,0.026351446,0.06422383,0.033503015,0.060273487,ok
1b04982f-7ae8-4148-88a0-07c2be62c171,AdaptiveSwarmGradientDescent,True,bounds,0.4318788,0.0014325146,0.1533505,0.37735444,0.03598371,ok
1b736ed6-dfc0-415f-8986-066f053f58c4,AdaptiveSwarmGradientDescent,True,bounds,0.002746989,5.839425e-11,0.0005798409,0.9751776,0.021495612,ok
1baf5394-09e5-45e9-9225-4f864421c9d7,HybridPSODE,True,bounds,0.00012484367,3.0414324e-10,0.00013047869,0.9986366,0.0011080991,ok
1c0bc8f4-528f-449f-bbe9-cfb497a6e9d5,AdaptiveSwarmGradientDescent,True,centre,0.42589125,0.42145377,0.05600843,0.00058656686,0.09606001,ok
1c33a1a4-ff05-4b03-8856-a0c6662d14d9,PSO_DE_Hybrid_Improved,True,bounds,0.00045745517,1.0679328e-08,0.00028306388,0.99755555,0.0017038897,ok
1c882452-3da1-4772-a90b-c9621cfa2f6c,SwarmOptimizer,True,bounds,0.009406359,9.4535455e-09,0.011802546,0.97310066,0.0056904554,ok
1c8c9e5a-f9fd-4644-9475-6811ee1352b6,DynamicSwarmOptimizer,True,bounds,0.2690485,0.00037637525,0.1189307,0.58555466,0.026089799,ok
1cf08042-5b9f-432f-96d9-9ff6f9ac6f3b,AdaptiveSwarmHarmonyOptimization,False,unif,0.74714935,0.03320937,0.10454162,0.051651828,0.06344784,ok
1d6a0c42-dfa9-4d29-a2b5-99ef8b7af744,AdaptiveSwarmGradientDescent,True,bounds,0.1511712,9.577978e-05,0.10923581,0.68855965,0.050937474,ok
1d85d346-b7f6-4699-9d41-32bf29ee0516,AdaptiveSwarmOptimizer,True,disc,0.52852327,0.0013262235,0.23612185,0.18356422,0.05046449,ok
1dac8a20-ef00-4031-b521-260ae629ca9b,EnhancedAdaptiveSwarmGradientDescent,False,unif,0.59545135,0.28727147,0.041603904,0.0010829854,0.074590266,ok
1dbd446b-39ad-42c3-94c8-cc10c16afb9b,EnhancedAdaptiveSwarmGradientDescent,True,bounds,0.23731768,0.000110937304,0.10401932,0.61601186,0.042540204,ok
1e077f7d-2641-4ebd-b8ef-9137d7223d42,PSO_DE_Hybrid,True,bounds,0.0107899755,9.800425e-08,0.007372374,0.97231734,0.009520193,ok
1e33fd5e-c132-4711-9d47-6305b864b09f,AdaptiveSwarmGradientDescent,False,unif,0.7858288,0.043403856,0.090075225,0.021645758,0.059046336,ok
1e392880-6fb4-4f92-9a03-8a9e965150cb,PSO_DE_Hybrid,True,centre,0.47042388,0.29562083,0.046200182,0.0012311883,0.18652391,ok
1f03d23a-a8b8-49af-b684-afd83d8dfba8,AdaptiveSwarmGradientDescent,True,bounds,0.023692224,1.6144648e-07,0.016744051,0.91995066,0.039612897,ok
1f3b6739-74ba-4516-b3e9-ff7502c0a36a,AdaptiveSwarmGradientDescent,False,unif,0.58542967,0.016059881,0.22243889,0.13456157,0.041510087,ok
1f445e5a-0f89-404f-8b04-9162dc0f8094,AdaptiveSwarmGradientDescent,False,unif,0.6828222,0.08171296,0.1335861,0.026869599,0.07500912,ok
1f8078dd-a306-4461-9c45-c1f824f23c89,AdaptiveSwarmGradientDescent,False,unif,0.6585001,0.18729705,0.06711255,0.005331194,0.08175914,ok
1faaea6d-6baa-4c2d-aeac-198ee0512597,AdaptiveSwarmGradientDescent,False,unif,0.7206409,0.047239892,0.10703435,0.03562916,0.08945562,ok
1fcb6cf4-ed41-4689-b5e8-873cb8fb3b4f,AdaptiveSwarmGradientDescent,False,unif,0.7604399,0.06118682,0.07892553,0.005488963,0.09395875,ok
1ff532fd-6b1e-4ef3-bea9-0de0e40c5264,PSO_DE_Hybrid,True,centre,0.41773167,0.44359097,0.032195635,0.0007085867,0.10577311,ok
1ffc8d0c-5626-4e26-ad53-49b488e164fe,EnhancedAdaptiveSwarmGradientDescent,False,unif,0.7258481,0.031240363,0.11035514,0.061137475,0.07141903,ok
20214e3d-09ef-431f-ae05-e965eb63836b,AdaptiveSwarmGradientDescent,False,unif,0.7532778,0.032252256,0.11442064,0.016849095,0.08320026,ok
203a89fa-e05e-494d-81e1-49d5bc0718cd,AdaptiveSwarmGradientDescent,True,bounds,0.041160695,1.6861235e-05,0.016094651,0.9304951,0.012232668,ok
20663e95-8d3d-4f90-9f22-65dea91569ca,EnhancedAdaptiveSwarmGradientDescent,False,unif,0.6612488,0.017618207,0.11436,0.099815674,0.10695734,ok
2098ba5d-c50b-4a46-bfef-4a38717b9ad9,AdaptiveSwarmGradientDescent,True,bounds,0.1511712,9.577978e-05,0.10923581,0.68855965,0.050937474,ok
2099e536-eee0-4d24-a670-235caa5f6050,AdaptiveSwarmGradientDescent,False,unif,0.6000229,0.19750287,0.057512302,0.0007780941,0.14418387,ok
20e24472-3634-4057-9249-e711277e98c3,AdaptiveSwarmHarmonyOptimization,False,unif,0.66430837,0.006262713,0.21266636,0.053622186,0.06314041,ok
20fc0241-c4cd-4d55-95bd-5f8fc39fd84b,HybridPSOSA,False,unif,0.78305566,0.029280487,0.09777281,0.016768072,0.073123015,ok
2144da25-8b51-47da-ae7c-cdad3e59c452,HybridPSODE,True,bounds,0.3580498,0.0027766237,0.2796275,0.31194204,0.047604065,ok
2173a926-ec02-4067-9038-bc63c5f94e00,AdaptiveSwarmGradientDescent,True,bounds,0.0500201,5.052334e-07,0.03229956,0.8869068,0.030772954,ok
21b01830-1114-45c9-a803-fc3f7c780cb4,EnhancedAdaptiveSwarmGradientDescent,False,unif,0.7283219,0.082609005,0.08340664,0.047383957,0.058278464,ok
21d9d783-e09b-45da-9f7a-a1fadbae62a8,AdaptiveSwarmGradientDescent,True,bounds,0.1321589,0.00014305128,0.047942843,0.78136396,0.038391203,ok
2260f541-dd5a-43e5-8c40-ec479a1604ac,EnhancedAdaptiveSwarmGradientDescent,True,bounds,0.14912584,8.9485664e-05,0.055632174,0.76903087,0.026121607,ok
2261031d-dabf-4714-9cfd-4700ecc9ff20,AdaptiveSwarmOptimizer,True,disc,0.6842295,0.0045393063,0.21208909,0.057819497,0.041322663,ok
22b786c3-34d0-4e38-b33b-c4ef50cf475c,AdaptiveSwarmGradientDescent,True,centre,0.46596497,0.38706905,0.025320405,0.00141344,0.12023213,ok
2398ebe9-d16b-4538-bc4d-50e854d2d8b0,HybridPSODE,True,bounds,0.00051308156,5.6095302e-11,0.000310908,0.9965925,0.002583468,ok
23c7bf53-c889-4d22-b899-09bc56c62a49,AdaptiveSwarmGradientDescent,True,bounds,0.15868714,0.00028927723,0.07689626,0.7227434,0.041383915,ok
23f21601-06de-4746-ae6c-9c8454629919,AdaptiveSwarmOptimizer,False,unif,0.698099,0.12568486,0.10040994,0.008034509,0.06777165,ok
23f47294-c975-4771-8d58-c5d00d2d1766,ACPSO,True,bounds,0.3570225,0.00057001685,0.26500002,0.3309598,0.04644773,ok
24311b64-b749-4d7c-96d8-2993688891ed,EnhancedAdaptiveSwarmGradientDescent,True,bounds,0.45932108,0.0012435215,0.109154664,0.3746896,0.055591155,ok
2438755f-d337-4a96-a67e-6b5d81358761,HybridPSOSA,False,unif,0.5915831,0.0008682784,0.19265813,0.15758166,0.057308972,ok
2440198e-ee73-4739-8b72-d9e803056c7d,AdaptiveSwarmGradientDescent,False,unif,0.71994305,0.075973704,0.11766861,0.02107701,0.06533768,ok
24c6900b-9143-4e65-a69b-1fb31bb01401,PSO_DE_Hybrid,True,bounds,0.07767899,0.00014299504,0.014022659,0.8867613,0.02139407,ok
24ee7683-0bb6-4402-aea7-70d234d9597c,EnhancedAdaptiveSwarmGradientDescent,True,centre,0.28032345,0.5701237,0.021083493,4.4912846e-05,0.12842444,ok
255d2974-4cee-480c-91d6-47843eb9384c,AdaptiveSwarmGradientDescent,False,unif,0.7628042,0.046856944,0.120598815,0.011370101,0.058369912,ok
25709019-689d-4d8b-ab5d-2604d2d5a402,AdaptiveSwarmGradientDescent,False,unif,0.72693956,0.091536745,0.09053364,0.0181082,0.072881855,ok
258af06e-43b9-4baf-a82d-48f5827c3257,PSO_DE_Hybrid,False,unif,0.711676,0.0018382671,0.16243123,0.06387779,0.06017674,ok
25d7bc60-2dd9-43b9-8134-58960ff26d04,PSO_DE_Hybrid,True,centre,0.5485646,0.27459097,0.06465547,0.00077376177,0.11141515,ok
25fbedf3-2510-4945-bfec-d4e2aaa205c9,AdaptiveSwarmGradientDescent,False,unif,0.70334595,0.0049970094,0.11785569,0.11200754,0.06179381,ok
25fdc8d5-5985-4850-8140-2488616cd13d,AdaptiveSwarmGradientDescent,True,bounds,0.06689276,2.149668e-05,0.03465427,0.87952137,0.0189101,ok
26098132-1acf-4de9-8260-ae0a50cc5e7c,DynamicSwarmOptimizer,True,bounds,0.091754526,4.0513893e-05,0.03129811,0.7766248,0.100281976,ok
2676e8fd-7428-4017-9f50-4ba3a8c7a992,SwarmOptimizer,True,centre,0.33583847,0.4574036,0.021256693,0.00015584982,0.18534543,ok
26f8d2db-244c-4ac7-af90-4e83b5d82353,SwarmOptimizer,True,bounds,0.04140202,1.1913494e-06,0.106197655,0.8403742,0.012024961,ok
26fde6cd-4c72-4e24-b484-eb9422e5b335,HybridPSOSA,False,unif,0.6963438,0.12570941,0.09445568,0.0059316335,0.077559434,ok
270cdfaf-aab9-4344-b1f6-f1ed22f5348d,HybridPSOSA,False,unif,0.6831616,0.14355144,0.076899014,0.016883431,0.07950451,ok
271e9959-37a6-4070-8697-a981b316ce76,EnhancedAdaptiveSwarmGradientDescent,True,bounds,0.4565526,0.0018641682,0.13541698,0.3508109,0.05535536,ok
27a04f18-fa66-4dc2-856c-c331e8058f8f,HybridPSOSA,False,unif,0.7698359,0.034702178,0.12284404,0.015989946,0.05662793,ok
27e3b24a-01ec-4566-9edb-3103fac3729b,AdaptiveSwarmGradientDescent,True,bounds,0.3447673,0.00010696352,0.19148055,0.39033696,0.07330825,ok
28c1b608-77fc-4978-82b6-f8742a4713bf,AdaptiveSwarmOptimizer,False,unif,0.6171419,0.0027606057,0.1933057,0.12202792,0.06476388,ok
2942efc2-a281-4254-8a15-043c0278789c,EnhancedAdaptiveSwarmGradientDescent,True,centre,0.49757314,0.33585307,0.055845242,0.0002066436,0.110521935,ok
29b7abcf-10b5-4a1c-a193-daadf6e53302,AdaptiveSwarmGradientDescent,False,unif,0.6453555,0.18950078,0.08133296,0.0013459288,0.08246483,ok
29f6d5a1-8ac3-43b5-827a-5266de600fcc,AdaptiveSwarmGradientDescent,True,bounds,0.41652197,0.0011156999,0.15549254,0.3922029,0.034666814,ok
2a3cede6-ac7a-4f90-8a24-70221e1d82ae,EnhancedAdaptiveSwarmGradientDescent,True,bounds,0.33720177,0.0008034054,0.14685841,0.47065797,0.044478416,ok
2a70344a-1818-456d-bc44-20eafdbc52b6,AdaptiveSwarmGradientDescent,True,bounds,0.3712744,0.0004666148,0.12271269,0.4678772,0.037669126,ok
2a7e6d8d-0a70-40a2-be13-917c12620472,AdaptiveSwarmGradientDescent,True,bounds,0.10983361,1.1157721e-05,0.0857543,0.78322655,0.02117438,ok
2a923766-8cca-428a-8608-1413dace5c28,EnhancedAdaptiveSwarmGradientDescent,True,bounds,0.49045396,0.003150693,0.111429356,0.34486663,0.050099403,ok
2b6466bc-186f-466c-8359-79d4c1841522,EnhancedSwarmGradientDescent,True,bounds,0.0007786338,2.2147955e-09,0.0004029374,0.9979987,0.00081976753,ok
2b91eff9-570d-4137-8a0d-a695c2e02525,AdaptiveSwarmHarmonyOptimization,False,unif,0.77529156,0.04337307,0.08524923,0.035809956,0.060276203,ok
2b9f4e9a-6ea7-47e9-bb26-8e8eb573e7bc,SwarmOptimizer,True,disc,0.6095656,0.006127246,0.16461524,0.13316296,0.08652887,ok
2bb38215-d897-4de6-b024-8a5595bc281c,AdaptiveSwarmOptimizer,True,disc,0.6728782,0.04623329,0.21581838,0.010714731,0.054355316,ok
2bda0e46-dfc8-478f-b926-a4cea03daa46,AdaptiveSwarmOptimizer,False,unif,0.58146393,0.005191396,0.18820474,0.14697787,0.07816212,ok
2bdad25d-e301-4677-952d-1e1967c32f64,AdaptiveSwarmGradientDescent,True,centre,0.60241765,0.21325374,0.06125774,0.0022584195,0.12081239,ok
2bf775ab-7e06-476a-9751-1df485e75195,AdaptiveSwarmHarmonyOptimization,False,unif,0.75152886,0.042773794,0.101101,0.056033336,0.04856302,ok
2c7ffcbb-fe0f-4891-87d2-ef8773da2497,AdaptiveSwarmGradientDescent,True,centre,0.26514524,0.5967525,0.023984216,0.00022402182,0.11389394,ok
2c875bb4-ee92-40ba-b058-55aab9c8d176,HybridPSODE,True,bounds,0.46050772,0.002187938,0.17827559,0.31780362,0.041225143,ok
2c90adb2-4f1d-4e52-8290-583d94660d7e,HybridPSODE,True,bounds,0.0001654948,2.8052181e-08,0.00019648256,0.9982952,0.0013429199,ok
2cd46ebc-d35c-4278-a7aa-7da52f4b4771,HybridPSOSA,False,unif,0.5864803,0.0018307089,0.15817352,0.1696066,0.08390884,ok
2ce108bc-5653-4dcb-a507-9efe8ea9f745,AdaptiveSwarmGradientDescent,False,unif,0.6466675,0.21116273,0.05425424,0.0004904832,0.08742506,ok
2cf5206a-958e-4d04-939f-f06591a2fbba,HybridPSODE,True,bounds,0.32422146,0.00039016985,0.2714306,0.35823235,0.045725442,ok
2d1c0275-df82-44e8-aa24-a564ffd3af16,AdaptiveSwarmGradientDescent,False,unif,0.66260743,0.0035889312,0.12121781,0.14192411,0.07066174,ok
2d899f5d-40b9-4568-9157-5a5a03ecf33a,AdaptiveSwarmHarmonyOptimization,True,disc,0.67796963,0.019661294,0.16180354,0.08383405,0.056731462,ok
2db0c335-9845-4032-9725-dd0629322d37,AdaptiveSwarmHarmonyOptimization,False,unif,0.6084881,0.0011290039,0.21780877,0.0834236,0.089150526,ok
2dd015e2-2f7c-417e-9eb1-638095c3d4bf,SwarmOptimizer,True,bounds,0.03555605,3.2839512e-07,0.056667764,0.89784163,0.009934171,ok
2e720dc3-7b32-46d3-940d-94bbc5a769ca,HybridPSOSA,False,unif,0.74279815,0.039828137,0.11111076,0.0072574764,0.099005476,ok
2e963b6b-7c1d-45ac-8d6f-fbc0d943e9fd,DynamicSwarmOptimizer,True,bounds,0.020023122,1.9132763e-06,0.022874165,0.93857574,0.018525101,ok
2ea36ff9-91ad-4a9a-8c04-5ec8a4ee641e,AdaptiveSwarmOptimizer,True,disc,0.52852327,0.0013262235,0.23612185,0.18356422,0.05046449,ok
2eabfcff-7a2d-40ff-8ceb-220ee4496263,AdaptiveSwarmHarmonyOptimization,True,bounds,0.58381754,0.00853581,0.15377492,0.19555965,0.05831207,ok
2ed3cc47-b260-439c-8e1d-ea303b801bf5,AdaptiveSwarmGradientDescent,False,unif,0.72660893,0.02055261,0.1129686,0.0851649,0.054704927,ok
2f267e5f-f2d5-4caa-a625-e92fa00bf076,PSO_DE_Hybrid,True,centre,0.48542953,0.3657543,0.04233594,0.0012531036,0.10522711,ok
2f94a708-6cc4-47e6-8c34-b12a43b3c93e,HPSO_ADE,True,bounds,0.07756723,5.115745e-06,0.042675085,0.83582336,0.04392915,ok
2fc09591-49a6-4413-82dd-4f35ac6d36e5,EnhancedAdaptiveSwarmGradientDescent,True,bounds,0.21118346,0.0002319613,0.06315867,0.6994366,0.025989342,ok
3003bfaa-4a7e-42a9-8f0e-78d5a697f872,HybridPSODE,False,unif,0.6886062,0.09722729,0.112454794,0.016386945,0.08532475,ok
30109637-16b1-4e39-8afc-303b235bb4d5,PSO_DE_Hybrid,True,centre,0.53038853,0.31018943,0.043229304,0.0019735943,0.114219055,ok
30540104-c0a7-49c2-8092-c3e7742b1f04,PSO_DE_Hybrid,True,centre,0.5560359,0.2512458,0.046563372,0.00014478852,0.14601016,ok
3056f9d9-cd8a-4596-9daa-51d9fb36eca0,AdaptiveSwarmOptimizer,True,disc,0.54294604,0.0023429869,0.22141965,0.15673915,0.076552175,ok
30b03bef-f03a-4ae2-81d7-da7f5b43812b,AdaptiveSwarmGradientDescent,True,bounds,0.29035023,0.00038730912,0.12905596,0.5424841,0.0377224,ok
30d0108e-e627-4dcc-be78-12408ededfa5,AdaptiveSwarmHarmonySearch,False,unif,0.791938,0.01617073,0.11315107,0.01787828,0.060861874,ok
311e9618-476c-4771-9079-ff7c190803ce,AdaptiveSwarmGradientDescent,False,unif,0.71994305,0.075973704,0.11766861,0.02107701,0.06533768,ok
31347753-e6f8-4ba1-aade-9c9935a81d6c,AdaptiveSwarmHarmonyOptimization,False,unif,0.81564826,0.026351446,0.06422383,0.033503015,0.060273487,ok
31449cdf-2b7f-41e1-b065-7d6c730d84dd,EnhancedSwarmOptimizer,True,bounds,0.38233986,0.00018453285,0.17416607,0.39582807,0.0474815,ok
317ef5e3-de4b-4f10-a422-a72f5f047bbd,HybridPSODE,True,bounds,0.19920596,0.00012565861,0.19803177,0.55844414,0.044192392,ok
3190ee26-3ff4-4e9a-af32-8ad4b57d1a90,DynamicSwarmOptimizer,True,bounds,0.28727084,7.8526646e-05,0.24080232,0.42309314,0.048755232,ok
32026e36-0393-43e1-91b8-ff82cfeccd27,HybridPSODE,True,bounds,0.22212756,7.9880214e-05,0.22570667,0.45909443,0.092991486,ok
320dd555-499e-4a11-9932-e661e317af48,SwarmOptimizer,True,centre,0.25529265,0.5630376,0.040384207,1.9404102e-05,0.14126614,ok
32341627-2989-4d77-9a8f-b0ded9f81e00,EnhancedAdaptiveSwarmGradientDescent,True,centre,0.47841817,0.3678139,0.04550605,0.00017718665,0.108084716,ok
32918591-3c1a-4a4d-b0f5-24dbc4e1cb16,AdaptiveSwarmOptimizer,False,unif,0.6454717,0.17057194,0.08252163,0.0027847372,0.09865003,ok
3306de7e-993d-4109-baaf-6352d30427fb,AdaptiveSwarmGradientDescent,True,bounds,0.11401908,2.8207069e-05,0.024458569,0.81824714,0.043246984,ok
33616da9-9a0e-489a-ae78-79d8afaf8cb8,AdaptiveSwarmGradientDescent,False,unif,0.7591619,0.07106136,0.07423804,0.010876287,0.08466245,ok
33bfd59d-5eaa-428d-9ddb-3c40160c5c93,EnhancedAdaptiveSwarmGradientDescent,False,unif,0.71128833,0.036212374,0.10682674,0.09582968,0.049842905,ok
33cce2ff-2f25-49ca-ba74-0151707433b3,HybridPSODE,True,bounds,0.16421296,3.0292013e-05,0.11747913,0.6805343,0.03774329,ok
33f2151c-91f9-446a-b42c-4b1f6ef9e1b6,HybridPSODE,True,bounds,1.8579152e-07,1.7976248e-13,1.4878489e-07,0.99936426,0.0006353996,ok
341944e6-0dce-4ff7-8c27-f8501ed8cb24,AdaptiveSwarmOptimizer,True,bounds,0.5590599,0.0045616045,0.118909456,0.27016664,0.047302436,ok
34218531-e37f-4b8f-a219-4773b5d428f6,AdaptiveSwarmGradientDescent,False,unif,0.7176123,0.013256298,0.1394296,0.063549414,0.06615232,ok
34add5be-01ee-4b83-8929-ca801d9d3854,EnhancedAdaptiveSwarmGradientDescent,True,bounds,0.004703258,9.647338e-08,0.0020223819,0.98741627,0.005857891,ok
34e15f39-fd4a-462c-afc2-e0a9ad1dee23,EnhancedAdaptiveSwarmGradientDescent,True,bounds,0.07195059,1.3366984e-05,0.051454365,0.8445552,0.03202649,ok
3514a2ec-7feb-4830-be8e-43a8d9f324c6,AdaptiveSwarmGradientDescent,False,unif,0.6382915,0.016005883,0.15450111,0.14656167,0.044639837,ok
35196cd0-bdba-4fb4-94a1-db6209cd7021,AdaptiveSwarmGradientDescent,True,bounds,0.37549466,0.044353805,0.13981567,0.38154632,0.05878951,ok
35347bfc-0966-4a19-ae07-be1456985a34,EnhancedAdaptiveSwarmGradientDescent,True,bounds,0.06817083,3.944575e-06,0.053760253,0.8445076,0.0335573,ok
354e0ab2-55d5-4453-af8a-8fd9009b0a62,AdaptiveSwarmHarmonyOptimization,True,bounds,0.63914734,0.029851263,0.11073655,0.14351843,0.076746464,ok
3557526d-6bcf-4cbf-80c0-b50a92e7ff00,HybridPSOSA,False,unif,0.7021831,0.099207744,0.1055512,0.0075194426,0.08553851,ok
35654bbd-9435-4196-af7e-2f671425cac2,AdaptiveSwarmGradientDescent,True,bounds,1.8307975e-07,1.1188928e-14,6.6571076e-08,0.9995942,0.00040553365,ok
358b3a25-a6bb-405d-8802-183bc2330df8,AdaptiveSwarmGradientDescent,False,unif,0.6881515,0.13768163,0.09208016,0.01033737,0.071749344,ok
35a7c1b1-5c14-4389-8c6b-722e87102326,AdaptiveSwarmOptimizer,True,disc,0.6097566,0.0025005846,0.21380737,0.1127633,0.061172165,ok
3647216f-e178-4064-a770-74aa1b83d6db,PSO_DE_Hybrid,True,centre,0.4721427,0.32470638,0.119131505,0.0002959543,0.08372348,ok
36d4d7ea-9614-4def-b30f-e4d9c68283ad,EnhancedAdaptiveSwarmGradientDescent,True,bounds,0.15758559,0.000542781,0.094115175,0.72330415,0.024452286,ok
36f1e267-af3d-4a45-aff9-539a93f0db2a,AdaptiveSwarmGradientDescent,True,centre,0.46762213,0.3927415,0.042104587,0.000728102,0.09680373,ok
3790b2f2-be00-457b-85f8-0992ef3cab02,DynamicSwarmOptimizer,True,bounds,0.079299554,4.0800667e-05,0.03474053,0.7435166,0.1424025,ok
37aa66ac-485f-4931-bb61-13210851409b,AdaptiveSwarmOptimizer,True,disc,0.5914256,0.0025007592,0.21810012,0.12210326,0.065870225,ok
37b40bec-a089-4c37-bda3-e973fd1355e0,AdaptiveSwarmHarmonyOptimization,True,centre,0.096622184,0.7215937,0.025353804,6.992462e-06,0.15642338,ok
37c241fb-caef-4753-b3ce-b454420315b2,PSO_DE_Hybrid,True,bounds,1.0023031e-14,1.2209137e-26,1.6350748e-15,0.999993,6.931844e-06,ok
37df8400-24dd-4e7f-9263-9a1c91132f4e,SwarmOptimizer,True,bounds,0.01704536,8.9772115e-08,0.017513806,0.95707244,0.008368351,ok
37fdeb5f-d0da-412c-8839-6fe2e3484fe8,EnhancedAdaptiveSwarmGradientDescent,True,bounds,0.51054156,0.000990114,0.13250066,0.28805703,0.06791056,ok
3804a6ea-941b-4283-851d-89fd8c0614e2,HybridSwarmEvolutionDescent,False,unif,0.75374603,0.04856003,0.072702676,0.006791578,0.11819967,ok
38144732-ef7a-4229-942b-6d7f5e75b5c5,AdaptiveSwarmGradientDescent,True,bounds,0.4275984,0.001016067,0.14125587,0.39329204,0.03683767,ok
382b74e4-4be9-42a3-816c-887a2723ca66,AdaptiveSwarmGradientDescent,True,bounds,0.15868714,0.00028927723,0.07689626,0.7227434,0.041383915,ok
3867b618-a138-433f-824d-1f6d02a09cd4,HybridPSODE,True,bounds,0.0007533348,1.4464976e-07,0.0012450336,0.99514925,0.0028522413,ok
386f5482-3b1a-47b7-a27d-a0582c79db41,AdaptiveSwarmOptimizer,True,disc,0.38670778,0.00021241177,0.2771768,0.27543813,0.06046486,ok
3883f27d-ea91-4f67-87fa-c09f75a3b811,AdaptiveSwarmGradientDescent,True,bounds,8.523289e-10,6.1133056e-18,6.3297456e-10,0.99989116,0.000108780514,ok
3888afb9-cd01-43a2-a2e3-efd751a150ad,AdaptiveSwarmGradientDescent,False,unif,0.67518836,0.16402356,0.08352373,0.0037556472,0.07350866,ok
38fbac84-3316-4b70-8147-5361ce8a6f11,EnhancedAdaptiveSwarmGradientDescent,False,unif,0.74887884,0.06533845,0.0772587,0.05734835,0.051175635,ok
38ffd668-6c14-4efa-ad8d-896a438db169,AdaptiveSwarmGradientDescent,True,bounds,0.12986772,3.6186095e-05,0.022904137,0.82103646,0.026155526,ok
3905d84c-778a-449a-bbbe-865bd769a546,AdaptiveSwarmGradientDescent,False,unif,0.8012145,0.0443568,0.066726305,0.014276683,0.07342571,ok
39275196-e327-4711-a5b4-8552edf1130d,AdaptiveSwarmOptimizer,True,disc,0.53230435,0.019906586,0.2016834,0.13744071,0.10866495,ok
39bcea82-0bde-48cd-80d8-a1faee7c8d99,AdaptiveSwarmHarmonyOptimization,False,unif,0.77576447,0.047786612,0.07793233,0.019555882,0.07896076,ok
39d4dfd7-26a2-4c88-9025-d5c00fe23c7c,AdaptiveSwarmGradientDescent,False,unif,0.7281593,0.08726233,0.099284545,0.0067692203,0.078524634,ok
39d91562-3364-401a-86a5-2dd7939a56f0,DynamicSwarmOptimizer,True,centre,0.18603519,0.685772,0.013066994,0.00014440155,0.11498145,ok
39e624cf-f727-48b0-953e-2cc080158638,AdaptiveSwarmGradientDescent,False,unif,0.7585989,0.05234893,0.10323767,0.019519186,0.06629531,ok
3a148d34-467d-4392-b4b1-6bf16d5dd8c8,AdaptiveSwarmGradientDescent,True,centre,0.15779467,0.7325573,0.007520943,2.3087743e-05,0.10210399,ok
3afb7ca6-9271-4cca-8799-8b09a9a0f26f,AdaptiveSwarmOptimizer,False,unif,0.6180285,0.21138148,0.0675333,0.0019089289,0.10114775,ok
3b48b966-867c-4dd2-a75f-19c4eeccc281,AdaptiveSwarmGradientDescent,True,centre,0.5027191,0.3110289,0.07232561,0.0011091825,0.11281724,ok
3bcf6a2b-f357-47c0-81cd-13352f877ba5,EnhancedAdaptiveSwarmGradientDescent,False,unif,0.71128833,0.036212374,0.10682674,0.09582968,0.049842905,ok
3be3f2e7-43db-4a20-9946-76f53041cf62,AdaptiveSwarmHarmonyOptimization,False,unif,0.6487797,0.016280254,0.15323742,0.094971895,0.086730756,ok
3bfd7210-b273-42c5-8d94-b4a0a72d59dc,AdaptiveSwarmHarmonySearch,False,unif,0.7104937,0.025220022,0.1349984,0.07102011,0.058267735,ok
3c2f6c6e-2278-4230-afa3-413d6055f104,AdaptiveSwarmHarmonyOptimization,False,unif,0.6966759,0.007783295,0.11856441,0.052370436,0.12460588,ok
3cb6b14a-beb1-47df-b39c-4a3d8456bab8,PSO_DE_Hybrid,True,centre,0.47737655,0.34423637,0.03522071,0.000776162,0.14239022,ok
3cbcf020-9f11-4a34-8731-bf12670c014e,AdaptiveSwarmOptimizer,False,unif,0.71715814,0.008065067,0.17957649,0.038241737,0.056958575,ok
3cdb6945-e206-4c12-928f-c5244cb68b53,EnhancedAdaptiveSwarmGradientDescent,False,unif,0.74962234,0.066556826,0.06751935,0.06542932,0.05087216,ok
3cdddff1-e38a-4c97-aa43-e38ad993acaf,AdaptiveSwarmGradientDescent,False,unif,0.73884743,0.08930947,0.103340924,0.012584969,0.055917244,ok
3d425d0a-59a5-49af-b616-f4db537ce58c,EnhancedAdaptiveSwarmGradientDescent,True,centre,0.4915127,0.36019653,0.046541527,0.00062249,0.10112675,ok
3d62c4e6-7f60-489c-bc1c-c16839cf7c78,EnhancedAdaptiveSwarmGradientDescent,True,centre,0.49315023,0.35162708,0.058864903,0.00031539268,0.096042365,ok
3dae7a41-9915-41f1-8a15-c92dd3ffbe3d,AdaptiveSwarmGradientDescent,False,unif,0.7236738,0.08261855,0.10721864,0.017847534,0.06864147,ok
3e6a0dcc-d8ed-48e6-bf5e-61425c1206fe,SwarmOptimizer,True,bounds,0.012264716,1.3194395e-07,0.0103455875,0.97295475,0.0044348063,ok
3e6a6b6b-b134-46b8-9d15-dc99c5e55919,AdvancedMultiStrategyOptimizer,True,bounds,0.35824695,0.0003707309,0.27915955,0.33083287,0.03138993,ok
3e7cf5e7-e7b5-415c-9077-7de4633012ca,AdaptiveSwarmGradientDescent,False,unif,0.75418305,0.065904185,0.10092984,0.0064173536,0.07256554,ok
3e98f05b-a764-4770-b83d-ce8d6077b12a,AdaptiveSwarmOptimizer,True,bounds,0.16430302,2.5855954e-05,0.10165443,0.70839584,0.025620839,ok
3eb69dcd-9408-46ef-9611-a37941161189,AdaptiveSwarmGradientDescent,False,unif,0.6759492,0.18357372,0.058674682,0.0063152523,0.07548715,ok
3ee03018-e948-4e0d-b480-790f5052db1c,EnhancedAdaptiveSwarmGradientDescent,True,disc,0.62804556,0.017693764,0.19815828,0.06960391,0.086498454,ok
3f573acf-80f1-415e-a107-05ee216e617c,EnhancedAdaptiveSwarmGradientDescent,True,centre,0.49174792,0.3598895,0.03778269,0.00018547603,0.11039443,ok
3faf2541-d0c5-4abe-ba28-c486543adf91,HybridPSODE,True,bounds,0.0005531347,3.053942e-08,0.00050159195,0.9886888,0.010256489,ok
3fb1fe75-c901-4568-bdc1-0230cf06b548,AdaptiveSwarmGradientDescent,True,centre,0.3911752,0.41210842,0.036221463,0.0002885806,0.1602063,ok
3fc36dc6-61a1-49bb-b8b8-a3d713a730ea,AdaptiveSwarmGradientDescent,False,unif,0.6390949,0.036052234,0.16734807,0.111700594,0.04580424,ok
3ff3f407-2bc6-4be8-88c8-c48b317c685e,HybridPSOSA,False,unif,0.68681484,0.13880388,0.07848886,0.01640215,0.07949025,ok
400c9f79-3b98-4edf-af9f-dafdcc70f1d5,AdaptiveSwarmGradientDescent,True,bounds,0.00015564385,2.5517312e-12,8.722423e-05,0.9991344,0.00062264723,ok
4021e70a-9d35-46b2-aaae-e93a17edab50,PSO_DE_Hybrid,True,centre,0.5144031,0.30766907,0.07328682,0.0016092146,0.10303178,ok
408143cc-1db5-442c-be06-a66447f98cd9,HybridPSODE,True,bounds,0.0017823869,9.098226e-09,0.0011698535,0.9900032,0.0070445566,ok
40a3a667-dfee-4a1e-beb5-7e1fabda42fa,ChaoticSwarmOptimizer,False,unif,0.6175872,0.0015763656,0.22587998,0.10881682,0.04613958,ok
40e19954-2671-4bda-8c9b-8866637cc851,AdaptiveSwarmGradientDescent,False,unif,0.7219676,0.062004603,0.12667815,0.004452718,0.08489698,ok
4103446d-f346-4352-ba2f-33cdba2c2723,AdaptiveSwarmOptimizer,True,bounds,0.5863253,0.03850559,0.12385082,0.19346578,0.057852536,ok
416d4422-9b5b-48ab-88f7-d281b8ec0cf8,AdaptiveSwarmHarmonyOptimization,False,unif,0.6945882,0.06373356,0.10251697,0.06292029,0.076241,ok
41e3c043-27b7-45b8-9ffa-505d007ae9fb,EnhancedAdaptiveSwarmGradientDescent,True,bounds,0.07227867,3.2595217e-05,0.03322861,0.8814704,0.012989806,ok
41feac38-db01-4066-820f-3069270b0756,HybridPSODE,True,bounds,0.0032885924,2.4790656e-09,0.0028451872,0.98968714,0.004179094,ok
422bb3f9-4d12-4c35-8323-50336dea58cf,SwarmOptimizer,True,bounds,0.1837764,5.42963e-05,0.12698337,0.6436549,0.045531083,ok
423ef904-4f41-45ad-8127-b6464d7fdd58,AdaptiveSwarmGradientDescent,False,unif,0.7561777,0.049202934,0.09692497,0.026643837,0.071050495,ok
424101fd-f41a-45bf-8fa4-8caff54e3858,HybridPSOSA,True,disc,0.75536954,0.05546092,0.121408895,0.013846663,0.05391397,ok
42c55a4f-5065-44f2-aeda-1acb13187709,AdaptiveSwarmGradientDescent,True,bounds,0.023692224,1.6144648e-07,0.016744051,0.91995066,0.039612897,ok
4327906e-a39f-42eb-bf4c-e02d3c36a186,HybridPSODE,True,bounds,3.934493e-06,6.7599426e-11,1.6192865e-06,0.99952507,0.00046939246,ok
436ad727-68a8-4d64-84e9-b2d4c3eb68cc,HybridPSOSA,True,disc,0.6424282,0.06574144,0.2070744,0.0021619878,0.08259396,ok
43ae116a-f413-4319-8297-20eb253de312,HybridPSODE,True,bounds,0.0006085958,3.6383777e-10,0.0038138821,0.99389374,0.0016839113,ok
43d11a96-9b10-4e5a-861c-3c012b94dedb,EnhancedAdaptiveSwarmOptimizer,False,unif,0.67308885,0.021413129,0.19238545,0.03651147,0.07660105,ok
43e781c5-3b72-447f-90d5-4a3f731f0634,DynamicSwarmOptimizer,False,unif,0.7111497,0.0153864,0.15338355,0.04181785,0.07826246,ok
43e87050-03d9-4b1e-a547-e2e621130f3d,EnhancedAdaptiveSwarmGradientDescent,True,centre,0.38586074,0.4571454,0.041908354,0.00012198764,0.11496355,ok
44087ace-5af5-4cb2-b415-5a123966c78d,EnhancedAdaptiveSwarmGradientDescent,True,bounds,0.52774733,0.0009444272,0.13775899,0.28253102,0.051018227,ok
441b6785-55de-4545-84c1-b48289ecebfd,AdaptiveSwarmOptimizer,True,disc,0.71964836,0.05410261,0.14029892,0.02495562,0.0609945,ok
444a7e0c-2d13-4691-9822-8aa96ef455dd,AdaptiveSwarmGradientDescent,False,unif,0.645383,0.14339271,0.07602645,0.0060420516,0.12915584,ok
450d7e06-4446-4551-befa-7304087c0870,AdaptiveSwarmGradientDescent,True,bounds,0.3729767,0.0034137834,0.10858703,0.47503343,0.039989077,ok
45129461-bb34-406f-b572-526c2c477a85,PSO_DE_Hybrid,True,bounds,0.07743358,9.19383e-05,0.039460022,0.8640013,0.019013157,ok
45242982-f26b-4332-9b16-13967a918413,PSO_DE_Hybrid,False,unif,0.5594219,0.24777603,0.050139286,0.0016195647,0.14104323,ok
45568f4e-6870-44b5-b736-3b1f076c391b,AdaptiveSwarmOptimizer,True,bounds,0.39503965,0.000394109,0.22978763,0.30395994,0.070818655,ok
4583617c-1a62-4a43-8e84-e87f89b74299,EnhancedAdaptiveSwarmGradientDescent,False,unif,0.69826514,0.060002655,0.140399,0.038722306,0.06261094,ok
459d60a1-736c-48c7-89e0-b8e20110338b,AdaptiveSwarmGradientDescent,False,unif,0.75731695,0.017959228,0.12963754,0.032425664,0.06266062,ok
45b28ae9-8e07-439e-b7c5-f57c33207de4,SwarmOptimizer,True,bounds,0.04714864,4.4332964e-07,0.0658416,0.87438136,0.012627962,ok
45e1e9c6-5b61-4a8a-b4b6-bbd38ebf51a1,AdaptiveSwarmGradientDescent,True,centre,0.4008727,0.41530067,0.034292128,0.00029680436,0.1492377,ok
463c6e45-a9a3-4c8a-aefb-258ce318dd1b,HybridPSOSA,False,unif,0.71502745,0.08522056,0.09084736,0.0027314029,0.10617314,ok
46ce4deb-4998-415d-a3a9-4566103072bf,AdaptiveSwarmGradientDescent,True,bounds,0.54432523,0.0023112043,0.11966632,0.27339855,0.06029871,ok
4708c91b-d07b-4114-b571-767d8bdc1bcc,PSO_DE_Hybrid_Improved,True,bounds,0.0040691574,5.687666e-07,0.0017654228,0.9890398,0.0051249843,ok
4746abf4-6ff0-40a4-a5f8-dd81c2f891cc,EnhancedAdaptiveSwarmGradientDescent,True,bounds,0.09550686,5.280297e-06,0.06600984,0.79970706,0.03877099,ok
47a2b4a6-2f62-4c6f-91a2-5d9a7f7ca1f4,DynamicSwarmOptimizer,True,bounds,0.16907002,1.0869995e-05,0.16775535,0.58920395,0.07395984,ok
47b2bb77-27ba-4143-abf8-0da60676175b,AdaptiveSwarmOptimizer,True,centre,0.37213522,0.48845935,0.029436206,0.00043916254,0.10953008,ok
47eae291-b056-4767-a97d-0738f3224165,HybridPSOSA,True,centre,0.5851084,0.25407255,0.05383432,0.0010254015,0.105959296,ok
47fbbcce-b260-4e94-b353-b664ba018f48,AdaptiveSwarmHarmonyOptimization,True,disc,0.5911619,0.008616644,0.18003157,0.15865529,0.061534572,ok
4849d797-ad83-4a09-89e0-154031e4a3b4,AdaptiveSwarmOptimizer,True,disc,0.53483653,0.012826378,0.21218304,0.17576018,0.06439388,ok
4853edb5-34e0-4f5c-9d24-53a324b5ed8e,HybridPSODE,True,bounds,0.0041708346,5.7600965e-07,0.0050542494,0.9841077,0.006666591,ok
488295b5-8727-4308-877d-a2f1698dcb9a,AdaptiveSwarmGradientDescent,False,unif,0.7556429,0.02039229,0.09951906,0.042150885,0.08229487,ok
48dbf54e-07b1-4570-97fc-89aca276609b,HybridPSODE,True,bounds,0.001759128,1.5528268e-08,0.0013044442,0.9891925,0.0077440054,ok
499ee1eb-9b97-43cf-88ee-8039ee8673b1,DynamicSwarmOptimizer,True,disc,0.52421176,0.00063045725,0.2249126,0.19929302,0.050952237,ok
49ec9ddb-ed16-4479-9035-0db9fa7e7081,DynamicSwarmOptimizer,True,bounds,0.06473909,3.2798558e-05,0.019188005,0.89312536,0.022914818,ok
4a813966-d79b-46b0-b54c-658069179fa0,EnhancedAdaptiveSwarmGradientDescent,True,bounds,0.5207033,0.0030159554,0.14254099,0.27517802,0.058561735,ok
4adae281-03e4-4e0c-9d39-c4795780123e,AdaptiveSwarmGradientDescent,True,bounds,0.0052029127,5.532231e-08,0.008648455,0.9674691,0.018679528,ok
4aef2bfc-0a5b-42fd-9da3-6c9946025195,PSO_DE_Hybrid_Improved,True,bounds,0.00022331956,4.5460307e-09,0.00019767613,0.99551857,0.004060336,ok
4afd733d-dcb5-45e9-b841-a9db00f1831a,HybridPSODE,True,bounds,0.46575826,0.0028526534,0.2050914,0.21394877,0.112348855,ok
4b43e8ce-cf73-484d-8c77-46b28b774e13,AdaptiveSwarmGradientDescent,True,bounds,0.061924648,2.110561e-05,0.047361948,0.8722132,0.018479077,ok
4b4c2c30-0146-4e02-90c3-127e2c663534,AdaptiveSwarmGradientDescent,True,centre,0.24808443,0.6366396,0.01498636,5.8943417e-05,0.10023066,ok
4b673c30-be88-4748-8940-3d479a8d75b2,AdaptiveSwarmOptimizer,True,bounds,0.19050506,0.00031568354,0.1337434,0.6465298,0.028906057,ok
4b68898c-c265-4a30-b93d-5c2eb600d11f,AdaptiveSwarmGradientDescent,False,unif,0.69406265,0.13637158,0.0805604,0.001868397,0.08713701,ok
4b9a0d8e-6a60-4e1f-9805-f1810dd3f441,AdaptiveSwarmGradientDescent,True,centre,0.5079649,0.32689312,0.05124926,0.00057820056,0.113314554,ok
4ba61128-86ce-47da-bf84-b4cb71ac75a1,AdaptiveSwarmGradientDescent,False,unif,0.7270784,0.12528434,0.069389574,0.006132478,0.07211518,ok
4bbba5d6-bf65-4a69-bd3c-74b59f4b24b0,AdaptiveSwarmGradientDescent,False,unif,0.709364,0.013299351,0.11783521,0.08116685,0.07833458,ok
4bc27641-63af-4ae6-aad7-174f7c1e0b4b,EnhancedAdaptiveSwarmGradientDescent,False,unif,0.70857203,0.049668346,0.10944158,0.081507556,0.050810415,ok
4c025b94-9cde-4f7f-8ae8-4aa5c6cc1dff,EnhancedAdaptiveSwarmGradientDescent,True,centre,0.49174792,0.3598895,0.03778269,0.00018547603,0.11039443,ok
4c92b604-a2f6-47a2-89bb-c6b420c389c7,EnhancedAdaptiveSwarmGradientDescent,False,unif,0.66882575,0.12810989,0.10747844,0.020195354,0.07539066,ok
4ca48b51-b436-4fe9-a41a-82cc16db247d,HybridPSODE,True,bounds,1.4014993e-05,1.5753621e-09,4.172452e-06,0.98946285,0.01051887,ok
4cab5dd3-ae25-4fe5-8040-ac90fca5ed16,HybridPSODE,True,bounds,0.0005827673,7.713834e-10,0.0003150711,0.99000233,0.009099824,ok
4cd31bab-aa8d-4c0c-8e30-fb3cf2725148,PSO_DE_Hybrid,True,bounds,8.3852664e-12,1.1368057000000001e-21,1.93363e-12,0.9999917,8.204919e-06,ok
4cd373d0-1208-4bd8-81d7-afebc9b93ca5,EnhancedAdaptiveSwarmGradientDescent,True,centre,0.16819131,0.65818304,0.039351188,0.0001250228,0.13414948,ok
4d1f1b87-c85c-4eef-a474-dca6542d5f07,HybridPSOSA,False,unif,0.67126995,0.039639156,0.11832192,0.10119674,0.06957224,ok
4d4bfa6e-7cd4-4cc0-a57d-4339b7784ac4,HybridPSOSA,False,unif,0.67126995,0.039639156,0.11832192,0.10119674,0.06957224,ok
4d64e441-5270-462a-9efb-bc99c8255de3,SwarmOptimizer,True,bounds,0.032357994,2.0869047e-07,0.015453543,0.91731054,0.034877747,ok
4de0a3c3-24fb-4ffe-a9de-bea575424869,SwarmOptimizer,True,bounds,0.2568712,5.6559435e-05,0.13902989,0.5700025,0.03403982,ok
4e209480-d433-46a4-a2e7-b2af53856a71,AdaptiveSwarmGradientDescent,True,disc,0.7019238,0.011848523,0.19350371,0.036377557,0.056346368,ok
4e238dd5-1db2-463a-92dc-45c4a6ae64dc,SwarmOptimizer,True,bounds,0.045123257,1.1740023e-06,0.115042076,0.82502776,0.014805699,ok
4e5ccd9c-2f8d-43f7-82ad-a0b2e508f394,SwarmOptimizer,True,centre,0.24198587,0.52024233,0.029292304,4.0390914e-05,0.20843911,ok
4e8b0892-eba5-4505-bda9-29d05979e672,AdaptiveSwarmGradientDescent,False,unif,0.7628499,0.058402605,0.09451483,0.0067605926,0.07747206,ok
4f0a8c16-3ca4-4499-856a-1e5869f24d55,AdaptiveSwarmGradientDescent,False,unif,0.68369484,0.111342825,0.0680383,0.011540939,0.12538303,ok
4f0c1dd4-77b2-4d34-983c-6fddd82b4378,HybridPSOSA,True,centre,0.5265159,0.28638065,0.06414888,0.0017412482,0.12121328,ok
4f2596aa-7bde-4827-abe5-f6d09c9ee372,HybridPSOSA,False,unif,0.7027494,0.043116517,0.14158197,0.046216447,0.06633576,ok
4f2b0e64-b577-40ab-a914-de5161d6e50b,AdaptiveSwarmGradientDescent,False,unif,0.70891255,0.049947362,0.13081653,0.0106160585,0.09970751,ok
4f505fd0-e4b4-4ce4-822a-b49a81c6bb9f,HybridPSOSA,True,bounds,0.54914653,0.0018329168,0.16465676,0.23138857,0.05297526,ok
4f6c553e-2234-4ee1-aa4a-a4cff9978049,EnhancedAdaptiveSwarmGradientDescent,True,disc,0.70257074,0.039914776,0.11513887,0.09435483,0.048020743,ok
4f8fbf20-fe6c-4283-96d8-58a7e980a6c8,AdaptiveSwarmGradientDescent,True,centre,0.46426862,0.39131457,0.045093585,0.00037412424,0.09894915,ok
4fc3d2be-6753-4388-a1d3-3bcaa2882a26,AdaptiveSwarmGradientDescent,True,bounds,0.06936895,8.233954e-06,0.024450917,0.8426549,0.06351694,ok
4ff4cc28-a8e0-438f-ae70-96db94836aab,EnhancedAdaptiveSwarmGradientDescent,True,centre,0.4657101,0.38591057,0.045213453,0.0010864988,0.10207935,ok
501f0c1c-39a0-492f-a0e8-b0235feae7da,AdaptiveSwarmGradientDescent,True,disc,0.5408901,0.0124852145,0.2748088,0.08837865,0.08343725,ok
502c703e-d347-416a-a721-37e721a9d273,SwarmOptimizer,True,bounds,0.08437848,3.4913264e-06,0.07877063,0.7680787,0.06876872,ok
5036f9d3-f855-405d-96c0-d0ef6fd47d94,AdaptiveSwarmGradientDescent,True,bounds,0.24049301,0.00045998217,0.09173529,0.6466305,0.020681193,ok
506fc3a5-ac85-42d4-b1a4-ef753743d91e,AdaptiveSwarmGradientDescent,True,bounds,0.15868714,0.00028927723,0.07689626,0.7227434,0.041383915,ok
507e0262-db3f-4b42-9fd5-7d700d783b47,HybridPSODE,True,bounds,0.0013392209,1.4524242e-09,0.0015552259,0.9946067,0.0024988658,ok
51393069-683b-4295-aca5-480b9ca809ab,EnhancedAdaptiveSwarmGradientDescent,True,centre,0.38048792,0.4587081,0.07375516,0.00013882446,0.08691007,ok
516ad8c2-e494-4c4a-ba60-7b8636df6fe0,AdaptiveSwarmHarmonyOptimization,False,unif,0.81564826,0.026351446,0.06422383,0.033503015,0.060273487,ok
519213d0-eb81-4301-9304-d4d9e1d3e5b8,AdaptiveSwarmGradientDescent,False,unif,0.69193685,0.10536015,0.09345426,0.010620215,0.09862854,ok
51931a04-7c01-45ab-984a-607840c547b8,HybridPSODE,True,bounds,0.0020391375,2.2261677e-10,0.0010936296,0.99133235,0.0055348207,ok
51bd6e3b-4b3d-4627-acde-858e9d696f46,EnhancedAdaptiveSwarmGradientDescent,True,centre,0.2911484,0.5640636,0.019528214,7.229232e-05,0.12518749,ok
51dcef23-d220-48a4-8617-b511f56199ec,AdaptiveSwarmGradientDescent,True,disc,0.68766487,0.117563605,0.11977236,0.003471227,0.071527936,ok
51f46145-7b3d-4c4a-8cb9-4bb6b83eedb2,AdaptiveSwarmGradientDescent,False,unif,0.75738966,0.039543435,0.1252599,0.023644652,0.054162323,ok
5264f2ea-eacb-4399-a3df-3f22a8600441,AdaptiveSwarmGradientDescent,True,bounds,0.0003295501,4.4004658e-10,0.0006574542,0.99800205,0.00101096,ok
52a3fe96-0631-4ea7-be5f-0c4de5ad0181,PSO_DE_Hybrid,True,centre,0.50850755,0.3311314,0.03525528,0.00093101186,0.12417476,ok
52acbc76-2d68-42cc-a546-ce8344afd100,PSO_DE_Hybrid,True,bounds,0.06674339,0.00019662778,0.017404681,0.89070874,0.024946563,ok
533af4ac-81fd-4930-9818-4359f0ca995c,HybridPSODE,True,bounds,0.0339067,2.1021499e-07,0.09374205,0.836448,0.035903025,ok
534b920d-b33e-4c23-8547-f9ced6052cba,EnhancedAdaptiveSwarmGradientDescent,True,bounds,0.5630528,0.010532641,0.1290349,0.24032135,0.057058346,ok
53860ccd-abd7-4e84-94f9-120a7cc76ff7,EnhancedAdaptiveSwarmGradientDescent,False,unif,0.6763614,0.0056221364,0.20935586,0.049398165,0.059262484,ok
53a8f890-b3e1-4209-86ba-2a55c8cd11b1,EnhancedAdaptiveSwarmGradientDescent,False,unif,0.7058703,0.0072794207,0.11711717,0.11698125,0.052751828,ok
541355e3-5ce8-4c19-9e10-7baf2fe862af,AdaptiveSwarmGradientDescent,True,bounds,0.5344472,0.0031530026,0.15987584,0.2350539,0.067470096,ok
54397607-09a2-471f-96ce-edffa159f49a,AdaptiveSwarmGradientDescent,False,unif,0.8207611,0.030068194,0.06933552,0.0039402544,0.07589491,ok
546067f3-2358-430f-8d93-2a319234b983,AdaptiveSwarmGradientDescent,True,centre,0.38646376,0.4518397,0.050149303,0.00022062601,0.1113266,ok
54725a96-5749-4c1f-8c62-b6bb7ccd12f9,EnhancedAdaptiveSwarmGradientDescent,True,centre,0.47647318,0.370533,0.056561828,0.00024959128,0.09618237,ok
54d5ef70-945d-4fd2-8db2-4737db8e03a7,AdaptiveSwarmGradientDescent,True,bounds,7.6670525e-10,3.7167926e-20,1.7473714e-10,0.9998805,0.000119532786,ok
54dfd726-3bf8-41e8-9501-7e70996c468e,HybridPSOSA,True,disc,0.73650956,0.05572322,0.14644466,0.012060912,0.04926169,ok
55242ab9-0825-4d2b-b770-8eba9e5ce32f,AdaptiveSwarmGradientDescent,True,bounds,2.090143e-08,4.9602656e-15,1.692506e-08,0.9999483,5.165117e-05,ok
55251704-53e6-4aa0-980f-f6af8d5b8bdd,AdaptiveSwarmHarmonySearch,False,unif,0.6967578,0.0038560051,0.16741535,0.07557002,0.056400783,ok
5606d1d0-b76f-4f91-be9a-36f3a5498287,HybridPSODE,True,bounds,1.5112518e-05,5.8256676e-12,1.0025813e-05,0.9975351,0.0024397732,ok
5613e9dc-6744-41ec-878d-b3f97eeca63b,EnhancedAdaptiveSwarmGradientDescent,True,bounds,0.51372224,0.0024238338,0.08981903,0.3478325,0.046202414,ok
562c80a7-9780-4e3f-9122-7b9ac061df62,AdaptiveSwarmGradientDescent,False,unif,0.7376689,0.013871339,0.11704986,0.06323914,0.06817071,ok
5637171e-e10d-42a1-995e-eb40df4e68f5,EnhancedAdaptiveSwarmGradientDescent,True,centre,0.4768622,0.33467072,0.045274843,0.00049577234,0.14269643,ok
56fda1f3-e553-43e6-ad2c-1b747e2c7a9c,HybridPSODE,True,bounds,3.2786935e-05,1.2678706e-07,1.9595365e-05,0.99099904,0.008948421,ok
573b3c67-9992-414f-868b-efd3031ebeb6,HybridPSODE,True,bounds,1.7084152e-05,6.7851996e-12,8.635573e-06,0.9993766,0.0005976731,ok
57587df2-e9f2-40d5-80ae-eabafdf8149b,AdaptiveSwarmHarmonyOptimization,False,unif,0.7492149,0.06757723,0.09142361,0.02929695,0.06248731,ok
577f12c2-6d6b-476c-a397-db59e7fc66e4,AdaptiveSwarmGradientDescent,False,unif,0.71239996,0.011978558,0.16286072,0.0400135,0.072747275,ok
57bfe763-0b86-449a-8bfa-5afcf45926d1,AdaptiveSwarmGradientDescent,True,centre,0.45876855,0.35969514,0.037206065,0.0004846781,0.14384556,ok
57f235f4-9792-475d-85ab-959423279967,ChaoticSwarmOptimizer,True,bounds,0.08737324,4.7151447e-05,0.08073284,0.7945347,0.03731204,ok
5870a2fe-cce5-4772-a1b9-cd6b5c09e240,AdaptiveSwarmGradientDescent,True,bounds,8.209311e-14,1.2215251e-25,2.7568614e-15,0.9999881,1.1847248e-05,ok
58a4df4f-6864-46d2-8ee3-0b76b6a135bc,SwarmOptimizer,True,bounds,0.045123257,1.1740023e-06,0.115042076,0.82502776,0.014805699,ok
5901ff9f-a3a2-44e7-946e-5ca4ded22274,AdaptiveSwarmGradientDescent,True,centre,0.5824845,0.25630268,0.06333831,0.0009827705,0.0968917,ok
5943fe64-900d-4d09-bb07-9e692ca3157f,DynamicSwarmOptimizer,True,bounds,0.10761775,1.2071379e-05,0.097482756,0.7269019,0.06798559,ok
595aa6fe-e26b-4e30-be52-2ff1c34793c2,HybridPSOSA,False,unif,0.726332,0.04785534,0.1341286,0.012801617,0.07888247,ok
598c8a72-732f-485c-963c-8bde195aa7d1,AdaptiveSwarmGradientDescent,False,unif,0.74256724,0.11155313,0.069820985,0.009805456,0.06625317,ok
599bf456-b3d9-475a-8f91-38b9345836c5,DynamicSwarmOptimizer,True,disc,0.6866758,0.031199884,0.15235424,0.056090694,0.073679365,ok
59c35537-9eb7-4aa8-adb9-5333ca8b65e1,EnhancedAdaptiveSwarmGradientDescent,True,bounds,0.27879378,0.002329651,0.038582463,0.54683053,0.1334636,ok
5a22f057-17a2-4caa-9f13-64e3da15cac6,ChaoticSwarmOptimizer,True,bounds,5.870569e-07,3.2295777e-14,2.9769075e-07,0.9997203,0.00027883236,ok
5a46038b-881e-4139-b3f0-53c5b9d0a12d,PSO_DE_Hybrid,True,centre,0.5484932,0.2817343,0.043373667,0.00059044256,0.12580842,ok
5a511f0a-65e8-4c83-a08c-c4e7641daa84,HybridPSODE,True,bounds,0.33629698,0.00036578378,0.2581155,0.35575444,0.049467288,ok
5afe8d62-602b-4299-be8b-371df8cf43b4,EnhancedAdaptiveSwarmGradientDescent,True,disc,0.58878887,0.006311769,0.14887212,0.14561239,0.11041484,ok
5b02416a-18d3-48c0-92fd-00082042bd09,EnhancedAdaptiveSwarmGradientDescent,True,bounds,0.0009770843,2.9292452e-10,0.0003815762,0.98889524,0.009746148,ok
5b2ccab7-36cc-479b-bd8d-df48952f9575,HybridPSODE,True,bounds,0.44324762,0.00071461976,0.19753745,0.29553166,0.062968716,ok
5b55595f-09de-49de-8880-db5e6ed3ccdc,AdaptiveSwarmHarmonyOptimization,False,unif,0.628957,0.0040337127,0.09127519,0.21525832,0.060475826,ok
5b883c6e-fc1e-4db0-9128-9aa57fe25d6c,AdaptiveSwarmHarmonyOptimization,False,unif,0.7672865,0.041243296,0.084711835,0.058504127,0.04825419,ok
5c027421-2e9d-411c-9636-72953a17ec6a,DynamicSwarmOptimizer,True,bounds,0.14625147,0.00012811457,0.10766588,0.6222484,0.123706125,ok
5c08a2c8-7365-4ace-b40d-7fbaafc9f350,AdaptiveSwarmGradientDescent,False,unif,0.7106643,0.093185194,0.092174515,0.021621954,0.082354054,ok
5c34e0c7-d756-41bd-8b8e-b5a8f563dcf7,EnhancedAdaptiveSwarmGradientDescent,False,unif,0.73860985,0.05768282,0.076345354,0.07348374,0.05387821,ok
5c44e08e-0981-4544-8bb4-d7ceffb1ae72,AdaptiveSwarmOptimizer,True,disc,0.5301472,0.0026910396,0.21153548,0.1956958,0.059930474,ok
5c511255-cfb9-4559-acd7-450d69b912ab,AdaptiveSwarmGradientDescent,True,centre,0.36117095,0.48245376,0.0371552,0.00017741928,0.11904265,ok
5cb24586-4d33-4b62-ad21-27f3b121cd2d,SwarmOptimizer,True,bounds,0.08601805,3.8742287e-06,0.06923022,0.8122263,0.032521524,ok
5cbd0aa9-cf88-43b9-9acf-d3de97fb638f,HybridPSODE,True,bounds,0.0021134308,2.3230086e-07,0.001892635,0.98428994,0.011703862,ok
5cd17e65-80b4-436c-9b0e-88bd5bee25d2,AdaptiveSwarmGradientDescent,False,unif,0.7449242,0.032614935,0.089989975,0.07346255,0.059008323,ok
5cde9a52-5f1e-4131-8c2a-8e4ab83a9743,HybridPSODE,True,bounds,0.00037828885,2.9690572e-08,0.0002767083,0.99382794,0.0055170483,ok
5d022273-7618-42d3-97aa-f607c4802644,HybridPSODE,True,bounds,0.2738288,0.0001668169,0.17648093,0.51239675,0.037126686,ok
5d322e1a-0557-4f91-99c3-79f8ceaf128a,AdaptiveSwarmOptimizer,False,unif,0.6361927,0.0062273936,0.2326891,0.06479601,0.06009487,ok
5d4b5201-f19e-4c31-add5-66c1a3aab368,HybridPSODE,True,bounds,0.0013459446,3.9244314e-09,0.0050382763,0.9888997,0.004716137,ok
5db95710-ab0b-41d1-91f6-25ec945d444c,HybridPSODE,True,bounds,3.2429547e-05,2.0710544e-11,2.5015692e-05,0.99904954,0.0008929805,ok
5dcc19b9-6f0e-4b29-a8e1-6f1edad0da29,HybridPSOSA,False,unif,0.62255734,0.17331651,0.079691835,0.0010331112,0.12340126,ok
5dd31a35-cb79-416a-b7e7-89a3a91b4977,AdaptiveSwarmGradientDescent,False,unif,0.6020169,0.20981511,0.07814642,0.0055662403,0.10445531,ok
5e2af7c6-a15f-4f6a-bea0-0666ad38ed07,PSO_DE_Hybrid,False,unif,0.70450497,0.15160473,0.05497092,0.0015439434,0.08737537,ok
5e79086b-0b96-4707-b470-cad5c5222c41,AdaptiveSwarmHarmonyOptimization,True,disc,0.598095,0.012788978,0.2641631,0.07934004,0.045612887,ok
5ec42d4a-c47e-4542-b8d0-8a4ae6fe90e1,AdaptiveSwarmGradientDescent,False,unif,0.74372923,0.070723966,0.10491431,0.0052070105,0.07542545,ok
5eee0627-ae1c-4b03-bfa0-8fcf60da7827,AdaptiveSwarmGradientDescent,True,centre,0.2250618,0.63260275,0.015866326,4.040702e-05,0.12642872,ok
5f39119f-8c41-4096-bc42-68e96edd9bc4,AdaptiveSwarmOptimizer,False,unif,0.6171419,0.0027606057,0.1933057,0.12202792,0.06476388,ok
5f497775-6565-4938-8619-37a3350aa610,AdaptiveSwarmGradientDescent,True,centre,0.6280254,0.16349664,0.080145374,0.0025819552,0.12575062,ok
5f536bfb-cc11-41fe-ab68-522dfe8a2354,AdaptiveSwarmGradientDescent,True,centre,0.44183517,0.4287363,0.03442515,0.0006183425,0.094384976,ok
5fc0b0cd-9f8c-4162-abb9-1174e6705d27,AdaptiveSwarmOptimizer,True,disc,0.5792237,0.0022148932,0.18269558,0.17077202,0.06509383,ok
5fd19f41-0a63-4031-ba86-524ad4beea6a,DynamicSwarmOptimizer,True,bounds,0.082714126,5.46003e-05,0.039082468,0.85871714,0.019431647,ok
60096af8-ec1d-421c-9fdb-7e55a4c463ed,HybridPSOSA,False,unif,0.729988,0.07022389,0.12232131,0.02589643,0.051570363,ok
605864ce-1be6-427a-97d6-0bc52b49f27b,HybridPSODE,True,bounds,0.0003988208,1.8811744e-10,0.0021119223,0.99514115,0.0023481676,ok
607583c9-d8b3-4f4c-a88a-ec9954b23a46,AdaptiveSwarmGradientDescent,True,bounds,0.08806415,8.266655e-05,0.019114606,0.87978953,0.012949029,ok
60762dfb-eba6-4d5f-9843-7882a014258f,SwarmOptimizer,True,bounds,0.3885916,0.0018020276,0.1918988,0.35769486,0.06001272,ok
608aa1d6-7884-487f-bb43-ec5ed3fdebda,DynamicSwarmOptimizer,True,bounds,0.33151296,0.00050078804,0.268919,0.36296412,0.036103167,ok
60b78be9-7931-4be3-a42c-3f849fc09acd,HybridPSODE,True,bounds,3.2450345e-05,1.1895708e-12,2.2711974e-05,0.9990646,0.00088014314,ok
60c2a409-d96a-4ba5-a041-748a7673b581,DynamicSwarmOptimizer,False,unif,0.70844954,0.015119036,0.19895661,0.008284795,0.06919006,ok
60f5808d-2e03-4b39-97e2-6bbd983bec03,EnhancedAdaptiveSwarmGradientDescent,True,centre,0.3962913,0.4384056,0.039451946,0.0004629364,0.12538826,ok
613aab66-8c13-456a-9009-c8091b1506b5,DynamicSwarmOptimizer,True,bounds,0.09687035,5.284598e-05,0.03564938,0.75332963,0.11409776,ok
61b1d167-f2d1-4326-8091-94a4ccf35a18,AdaptiveSwarmOptimizer,True,bounds,0.5257586,0.007930624,0.16058028,0.2467213,0.059009194,ok
61b8b7c8-a76c-4100-a1b9-122a927a3aee,AdaptiveSwarmGradientDescent,True,bounds,0.012628485,2.3054577e-07,0.008382517,0.975922,0.0030667398,ok
626075d6-b9e3-47d7-83a2-8332865add49,EnhancedAdaptiveSwarmGradientDescent,True,centre,0.49263525,0.34380618,0.049177296,0.00017412982,0.114207104,ok
62e499b9-2eb6-4504-b753-20b0c161b1fe,HybridPSOSA,False,unif,0.7934746,0.027659858,0.10436507,0.016224956,0.058275532,ok
62f6b34c-c538-4a8a-8431-2156cc9a3ab8,HybridPSODE,True,bounds,0.004102984,2.706447e-08,0.0042773816,0.9890691,0.0025504765,ok
632213c7-497a-4319-85a1-9fb565e7dc5f,EnhancedAdaptiveSwarmGradientDescent,True,centre,0.4971723,0.33009773,0.06531815,0.00018232802,0.10722951,ok
63763b23-4ca2-4abd-a06a-48f36c69969d,AdaptiveSwarmGradientDescent,True,bounds,0.0019927258,4.1138712e-08,0.0018372862,0.9934745,0.0026955006,ok
63c35193-5c34-49b2-88f6-ff7055a83117,AdaptiveSwarmOptimizer,False,unif,0.68777585,0.009978569,0.17397258,0.04542432,0.08284873,ok
63d53438-f25c-45cf-853d-9a601d3ba3b2,AdaptiveSwarmGradientDescent,True,bounds,0.0027378076,5.7216504e-08,0.0014176017,0.9933955,0.0024490005,ok
640a5ecd-db22-4635-920c-09aa9df487b0,AdaptiveSwarmGradientDescent,True,centre,0.41301337,0.46051627,0.025760386,0.0010529216,0.09965707,ok
6439431a-c98e-4577-985f-5f11d0b28563,PSO_DE_Hybrid,True,bounds,2.0581989e-13,2.1047629999999998e-26,1.4949827e-14,0.9999913,8.650886e-06,ok
64e2f682-91bb-4282-9a29-eb7f8cba18e2,PSO_DE_Hybrid,True,bounds,3.5004703e-12,2.453989e-25,3.9544545e-13,0.9999744,2.5563739e-05,ok
64e7f93f-fa58-4129-b6cd-dba411bf12bb,DynamicSwarmOptimizer,True,bounds,0.099426195,3.7439713e-06,0.07387082,0.7574027,0.069296554,ok
65011a29-3525-48a0-9d64-40989a58d921,AdaptiveSwarmGradientDescent,True,centre,0.53599364,0.32436392,0.041689686,0.0009871521,0.096965544,ok
65816c54-b49d-49eb-a30d-1d232453f933,AdaptiveSwarmGradientDescent,True,bounds,0.030141449,7.1663308e-06,0.08736617,0.8639842,0.01850102,ok
662024d5-6bad-476f-b080-724099be052d,HybridPSODE,True,bounds,0.0003988208,1.8811744e-10,0.0021119223,0.99514115,0.0023481676,ok
667563ac-c6c2-49d3-8dd1-430245f17a66,HybridPSOSA,True,bounds,0.57976806,0.0013811258,0.15105279,0.20819306,0.059604973,ok
6676e3f2-6199-48a4-9a34-0008ff1c9aef,SwarmOptimizer,True,bounds,0.012264716,1.3194395e-07,0.0103455875,0.97295475,0.0044348063,ok
6686202d-a3b4-46da-a595-f6fff567b72a,AdaptiveSwarmGradientDescent,True,centre,0.57607704,0.2504285,0.051487148,0.000680019,0.121327266,ok
66870fa9-072b-400d-9ea4-595d754b4bdf,AdaptiveSwarmHarmonyOptimization,False,unif,0.69368035,0.014498751,0.13983569,0.071324036,0.08066113,ok
6698cb78-94f7-4f8a-8869-a654adea0ed4,AdaptiveSwarmGradientDescent,True,bounds,0.0038140926,5.4034217e-08,0.0016175887,0.9895326,0.005035753,ok
66b2d071-a302-48f9-890d-8b958b18f64c,AdaptiveSwarmGradientDescent,True,bounds,0.06995247,2.3437506e-06,0.042808563,0.87247306,0.014763577,ok
66bd6318-b9bb-4059-ab33-8f482a2a6b86,HybridPSOSA,True,disc,0.6263867,0.0031623323,0.24693751,0.07088682,0.05262669,ok
6715a6cc-529d-4c78-9732-a82baf9e4f38,AdaptiveSwarmGradientDescent,False,unif,0.7658512,0.024378192,0.10410635,0.026785364,0.078878894,ok
6716b339-106a-4fe6-917a-aed9650b9b06,AdaptiveSwarmGradientDescent,False,unif,0.6786452,0.15939456,0.06046003,0.0045364527,0.09696382,ok
673dd190-2f4b-4dbd-b2d8-5889bdc97f21,SwarmOptimizer,True,bounds,0.14244862,2.7131557e-05,0.055144876,0.7706936,0.031685818,ok
678a0ca4-31d2-449d-a745-bc7314944dcf,HybridPSOSA,False,unif,0.7432358,0.029362634,0.084140666,0.089332685,0.053928185,ok
67cadea9-d784-48f2-8ce7-1405fa7c9b25,HybridPSODE,True,bounds,0.13704042,0.00012568833,0.09321575,0.71740955,0.05220862,ok
67e538e2-ddf5-4f6c-aaa8-a95278aecc04,DynamicSwarmOptimizer,True,bounds,0.30716142,0.00019906557,0.19028342,0.45842704,0.0439291,ok
680b599f-73ad-46ff-b529-29dc536a2da7,EnhancedAdaptiveSwarmGradientDescent,True,centre,0.46160334,0.37582582,0.038021058,0.0003939063,0.124155864,ok
6822b53a-49c4-4472-85e8-2e29bde31f76,PSO_DE_Hybrid,True,centre,0.49870506,0.32325178,0.042784862,0.0013335643,0.13392471,ok
6824b348-a01b-43f8-94a1-2ab0222afa10,AdaptiveSwarmGradientDescent,False,unif,0.6625226,0.21754818,0.053664397,0.0016965314,0.0645683,ok
688ab52f-1290-424a-8768-45d2c61dc5ae,AdaptiveSwarmHarmonyOptimization,False,unif,0.695708,0.081987664,0.09998752,0.015563947,0.10675287,ok
68949a91-d6e6-4e6b-8222-69c53a762bd5,AdaptiveSwarmGradientDescent,True,centre,0.55819464,0.27321967,0.07772751,0.0029950957,0.08786304,ok
68bddc87-cd40-46ae-bd71-17ee2f33476d,PSO_DE_Hybrid,True,bounds,3.1071799e-12,6.0660084e-23,4.0669218e-13,0.9999644,3.556688e-05,ok
68c05968-293c-475c-8e9e-d359f72ece60,AdaptiveSwarmGradientDescent,True,gaps/clusters,0.16930799,0.00038282585,0.04835069,0.013433941,0.7685245,ok
68f61ca5-bbd5-43a9-ab45-551cea5a8058,AdaptiveSwarmGradientDescent,True,centre,0.4087193,0.4389738,0.038686894,0.0004539583,0.113166034,ok
69239e10-763b-4577-ae0a-576f9dcf0b5f,EnhancedAdaptiveSwarmGradientDescent,True,bounds,0.5083226,0.0016480755,0.11921851,0.31691164,0.05389913,ok
695d3f96-71c6-46c6-86a4-f8e196464837,SwarmOptimizer,True,bounds,0.0026773615,3.8184705e-10,0.003256527,0.98844635,0.0056197764,ok
695e2d58-a73a-434c-a2c4-377f5c82b35d,EnhancedAdaptiveSwarmGradientDescent,True,bounds,0.052103024,2.5029992e-06,0.0223214,0.9005931,0.024980078,ok
6a117e4f-2066-4207-be0b-48b5573ded66,DynamicSwarmOptimizer,True,bounds,0.28219151,0.00020146389,0.10559338,0.5616654,0.0503483,ok
6a4afe0d-77d9-4999-b588-bc3daef161da,PSO_DE_Hybrid,True,bounds,0.0055759577,2.211814e-05,0.0009934946,0.9861852,0.007223262,ok
6af5a238-b5f3-4e65-9a4f-b11c966e6371,EnhancedAdaptiveSwarmGradientDescent,True,bounds,0.49045396,0.003150693,0.111429356,0.34486663,0.050099403,ok
6b2f5db1-7d18-4a85-a237-338c7a8bc905,AdaptiveSwarmOptimizer,True,bounds,0.61917585,0.0035606592,0.116134524,0.22031212,0.040816844,ok
6b8a1864-e071-4070-b71e-630c1dd03760,EnhancedAdaptiveSwarmGradientDescent,True,bounds,0.23916852,0.00011690943,0.090835825,0.63583934,0.03403942,ok
6b994e26-c370-44cc-8cab-31f1edb7ddbd,AdaptiveSwarmGradientDescent,True,bounds,0.46989217,0.0023988474,0.12146568,0.3227474,0.08349587,ok
6bd4583c-0a15-4a3e-af33-aff6859f479d,PSO_DE_Hybrid,True,centre,0.51807094,0.2841329,0.060831666,0.0011682315,0.13579622,ok
6c143df6-3e48-4487-b76c-32a35e9a4c0b,AdaptiveSwarmOptimizer,False,unif,0.54684305,0.013713012,0.20544827,0.16083792,0.07315774,ok
6c1b9efd-3d31-4e9a-ae86-42bfbb8f4f6b,HPSO_ADE,True,bounds,0.07030247,4.7163107e-06,0.046998255,0.84861976,0.03407482,ok
6c41fb42-09b2-4bd9-b15e-96addc57589d,DynamicSwarmOptimizer,True,bounds,0.23723063,8.502802e-05,0.16989176,0.55705625,0.035736337,ok
6c576261-5e2f-4917-8564-ad9db1c0596d,EnhancedAdaptiveSwarmGradientDescent,True,bounds,0.14538398,0.00014427924,0.04821955,0.7797442,0.026507989,ok
6c8d6784-b125-4ab9-a757-45a39172daf3,EnhancedAdaptiveSwarmGradientDescent,True,bounds,0.30645904,0.00044106724,0.048869453,0.587715,0.056515444,ok
6e0966a7-a6af-4810-a709-02f2b8d51bb0,AdaptiveSwarmGradientDescent,True,bounds,0.00020191676,1.5087936e-10,0.00029064686,0.9987675,0.00074003637,ok
6e195dc0-5c21-4fd1-90bc-01a622512c89,DynamicSwarmOptimizer,True,bounds,0.06913371,1.4794247e-06,0.05837698,0.81845015,0.05403771,ok
6e6430a9-f8dd-48fe-837c-b571e2abfff0,EnhancedAdaptiveSwarmGradientDescent,True,bounds,0.034667477,8.262245e-06,0.016675314,0.9402014,0.008447547,ok
6e80dfc7-0d00-4dbf-9bea-be07550c6ad4,DynamicSwarmOptimizer,True,bounds,0.023971694,2.578499e-06,0.035416268,0.92083293,0.019776486,ok
6eafb924-04bc-4b6d-9add-6a13ab5143ef,DynamicSwarmOptimizer,True,bounds,0.2536272,0.0002345908,0.16569798,0.5454496,0.034990624,ok
6f0a58f8-99ca-431d-9c4b-98db6882b148,AdaptiveSwarmGradientDescent,False,unif,0.75061107,0.105029225,0.057994366,0.01290947,0.073455885,ok
6f4df244-4fc0-44d0-ac6b-2b8745a8a230,EnhancedAdaptiveSwarmGradientDescent,False,unif,0.68077135,0.11260356,0.09850536,0.04536418,0.0627556,ok
6f637d28-7a64-4b67-95bb-170e396da988,HybridPSODE,True,bounds,3.2429547e-05,2.0710596e-11,2.5015697e-05,0.99904954,0.0008929805,ok
6f87b3ee-6352-45a4-8cec-c26ba8931eb1,AdaptiveSwarmHarmonyOptimization,False,unif,0.69368035,0.014498751,0.13983569,0.071324036,0.08066113,ok
6f8cf71e-abb5-421e-8be0-a6f4bdc27389,AdaptiveSwarmGradientDescent,True,bounds,0.411905,0.0011282772,0.14185971,0.41008306,0.035023943,ok
6fb74d05-bf3a-4267-b76c-7402ad2bb584,AdaptiveSwarmGradientDescent,True,bounds,0.39025825,0.0005505489,0.11606469,0.43911895,0.05400758,ok
6fec0ede-b491-4e86-b6be-ba9ece07ea91,AdaptiveSwarmGradientDescent,True,bounds,0.064744726,2.810911e-07,0.04878836,0.8671293,0.019337308,ok
7033a32b-f567-45d2-9422-007f4ff62836,AdaptiveSwarmGradientDescent,True,centre,0.4954269,0.36068717,0.040989548,0.0011477286,0.10174863,ok
70536d5a-c6e8-4f3e-b422-6f853614ca1d,AdaptiveSwarmOptimizer,True,disc,0.57434887,0.0009909291,0.24140856,0.12912251,0.054129172,ok
70a93c07-b880-46d4-a0fc-98d30c2d6b79,AdaptiveSwarmGradientDescent,True,bounds,0.5474109,0.0022064326,0.116156474,0.28767365,0.04655255,ok
70da6a23-d77c-4583-a6ff-8ec068cb46f5,AdaptiveSwarmGradientDescent,True,bounds,0.06473544,1.9907366e-05,0.023803743,0.86798203,0.043458868,ok
713d9d53-dc6f-4052-9d66-2556b8795328,AdaptiveSwarmHarmonyOptimization,True,disc,0.61375225,0.025873218,0.21471095,0.088359766,0.057303727,ok
7146c235-de8e-4b3e-a675-58f162fde390,DynamicSwarmOptimizer,True,bounds,7.287462e-05,6.036481e-11,7.269377e-05,0.99699575,0.0028587736,ok
714bd4e7-caf8-40d7-94ed-c624b4b70ebf,AdaptiveSwarmGradientDescent,True,bounds,1.639396e-05,3.4786566e-12,1.482778e-05,0.99884397,0.0011247939,ok
718ad018-660c-4bb8-9757-1b84a9088a3b,AdaptiveSwarmGradientDescent,True,bounds,0.027240094,5.9922473e-07,0.017283589,0.9391365,0.01633925,ok
720a905f-bafb-4fec-abab-4f3b4dc5cabc,AdaptiveSwarmGradientDescent,False,unif,0.71994305,0.075973704,0.11766861,0.02107701,0.06533768,ok
722723cf-e45b-4373-a7ff-d469777bf630,AdaptiveSwarmHarmonyOptimization,True,bounds,0.4931736,0.0022293252,0.15805845,0.2846194,0.06191926,ok
7234fd56-165c-4c4d-995a-bc7671e70327,AdaptiveSwarmGradientDescent,True,centre,0.18355255,0.64519954,0.025328532,3.6530295e-05,0.14588282,ok
72581de6-1fd8-4276-8651-bd6962f539b5,AdaptiveSwarmOptimizer,True,disc,0.56242436,0.009365951,0.17554078,0.17013454,0.08253433,ok
728c46ae-84d2-4bab-b183-9bea00c9537c,HybridPSODE,True,bounds,0.3459093,0.00032598007,0.21636441,0.3771102,0.06029004,ok
72964862-0a04-4201-9121-45b70c32bf89,AdaptiveSwarmGradientDescent,True,centre,0.38648522,0.41992864,0.033190746,0.00028897534,0.16010642,ok
72c664d0-07e0-41e3-8dc8-259649e057b5,AdaptiveSwarmGradientDescent,False,unif,0.71279263,0.024397742,0.14402418,0.057642598,0.061142873,ok
72d71ea8-7d91-43eb-92e9-7f8205b5ecf0,SwarmOptimizer,True,bounds,0.025764655,2.6524622e-08,0.023105206,0.9202452,0.030884936,ok
7309701f-4d69-42dd-9b3f-f6dff899ecfd,SwarmOptimizer,True,bounds,0.0036250018,1.3909613e-09,0.006510239,0.9704652,0.019399578,ok
731bd7b3-92b4-40bb-82f4-baed538795d4,DynamicSwarmOptimizer,False,unif,0.6823543,0.016944118,0.21095374,0.019372705,0.07037518,ok
7331907a-edd4-4590-acdc-5bf18f76c157,AdaptiveSwarmGradientDescent,True,bounds,0.033435486,9.4767137e-07,0.021752205,0.937187,0.007624352,ok
7366c6a0-3f49-47a9-b180-fa3ee0dc5bf0,SwarmOptimizer,True,bounds,0.007226941,3.6750003e-09,0.007914428,0.9700778,0.014780857,ok
7380e6a9-6f55-4a85-8c0a-f65716fd5822,AdaptiveSwarmGradientDescent,True,bounds,1.7442844e-14,4.4638868000000004e-26,3.8012313000000003e-16,0.99998647,1.3605453e-05,ok
738e7b28-65a7-4419-a1c3-ee691d96c77e,SwarmOptimizer,False,unif,0.719973,0.021529961,0.17927375,0.0067934096,0.07242982,ok
73a36276-c61e-4a91-9c6f-5dc097a1d36f,DynamicSwarmOptimizer,True,bounds,0.0660436,3.6926875e-05,0.021120133,0.84736234,0.065436944,ok
7422c0af-24ad-4258-96fb-07f3380ddc6f,AdaptiveSwarmGradientDescent,False,unif,0.7657185,0.027744595,0.111049,0.025683656,0.06980422,ok
74257e5c-4ef6-4603-926c-799e48bf98f9,EnhancedAdaptiveSwarmGradientDescent,True,bounds,0.10352931,0.00082792825,0.024392463,0.8612806,0.009969654,ok
742f49c2-4326-4d75-bcdb-4ceb962ef3d0,PSO_DE_Hybrid,True,bounds,2.8896543e-14,3.2462825e-26,1.9512162e-15,0.99999124,8.773344e-06,ok
74327ba3-f423-4193-bf91-bbd64991aa66,AdaptiveSwarmOptimizer,True,disc,0.4115746,0.005077921,0.30282956,0.21962765,0.060890317,ok
744632f8-36ef-432e-bb6f-5400614ae380,AdaptiveSwarmHarmonySearch,False,unif,0.8244541,0.026259053,0.07507808,0.011516332,0.062692516,ok
7467ac04-a08f-492f-ba8e-918b7966b42e,EnhancedAdaptiveSwarmGradientDescent,True,bounds,0.299851,0.0004080786,0.12963739,0.5002591,0.06984444,ok
75094c28-db13-4500-8df6-a98e677bf089,AdaptiveSwarmGradientDescent,False,unif,0.767,0.007981377,0.120454095,0.05217743,0.05238712,ok
75319515-1855-46e4-b710-6478de0db8e2,PSO_DE_Hybrid,True,bounds,0.004764921,7.772039e-06,0.0009695649,0.98681414,0.00744373,ok
754995bc-d0ee-4101-a87e-a662e8cb352f,PSO_DE_Hybrid,True,centre,0.43660164,0.41564092,0.051125865,0.000878188,0.095753364,ok
757cebf8-dbc6-4f5c-84ff-06ef1f18bcf9,ChaoticSwarmOptimizer,True,bounds,5.820945e-07,3.3819608e-13,2.4240302e-07,0.99941766,0.0005814532,ok
75add07d-7f47-4716-b1f9-715d28c4e963,AdaptiveSwarmGradientDescent,True,centre,0.1270527,0.7338257,0.008573523,7.976725e-07,0.1305473,ok
7614d29d-ab6f-45a7-b674-3a8708b3cc84,EnhancedAdaptiveSwarmGradientDescent,True,bounds,0.4037818,0.0012397129,0.0623404,0.47849602,0.05414202,ok
772204d5-49f7-4eba-8aa1-efe240348896,AdaptiveSwarmGradientDescent,False,unif,0.7383045,0.050319843,0.1207123,0.004480726,0.08618261,ok
778bbeaf-6426-447f-82fe-59d8a4916120,AdaptiveSwarmHarmonyOptimization,False,unif,0.7454525,0.012386171,0.1376233,0.046557806,0.057980202,ok
77945ac2-5492-4dd9-a573-1d63fd86d352,AdaptiveSwarmHarmonyOptimization,False,unif,0.7079361,0.013157037,0.1594645,0.070426136,0.04901625,ok
77c37c51-e7e5-4770-b03e-22a90cc6732f,EnhancedAdaptiveSwarmGradientDescent,True,bounds,0.3292718,0.00036024363,0.10022049,0.53125936,0.038888138,ok
781373bc-0e9a-4054-b0d2-214dbb25510e,AdaptiveSwarmHarmonyOptimization,True,bounds,0.5579039,0.0027978516,0.14902101,0.22186239,0.06841487,ok
786b2cea-9f5d-462b-a41f-2211f19c44b2,PSO_DE_Hybrid,True,centre,0.51042604,0.2772643,0.06463358,0.0008591364,0.14681694,ok
7885c3a3-aecc-4e5f-8fdb-53ce776d84eb,AdaptiveSwarmHarmonyOptimization,True,bounds,0.3294791,0.00017188644,0.263151,0.36545417,0.041743796,ok
78b374c3-be51-4d30-a48d-21d563c5defe,AdaptiveSwarmHarmonyOptimization,True,disc,0.59673685,0.0043110834,0.19204083,0.14148085,0.065430395,ok
78eaa883-60a3-4fca-9804-7a326fda381e,AdaptiveSwarmHarmonyOptimization,True,centre,0.66465795,0.13681114,0.0830108,0.040898375,0.07462181,ok
7901e75c-9b1f-466a-ac87-d0fb47dfc011,HPSO_ADE,True,bounds,0.04234122,7.678729e-06,0.07590915,0.87140024,0.010341773,ok
792a17e4-5e84-44eb-bfc3-ec2a9d3d060a,AdaptiveSwarmGradientDescent,True,centre,0.2878489,0.5668197,0.023832101,0.00020195525,0.1212973,ok
793629b7-2e90-42e4-8207-2a5c4a301460,PSO_DE_Hybrid,True,bounds,3.1882728e-08,5.4417155e-16,1.1647974e-08,0.9999579,4.2082374e-05,ok
79b1205d-acb5-4be2-a32e-5d10d96b6063,HybridPSODE,True,bounds,0.0001439879,3.7560618e-11,0.00029989317,0.9977484,0.0018077487,ok
79d27094-39a4-4c5d-ba4d-c52f32cff1e5,ChaoticSwarmOptimizer,True,bounds,0.007694303,5.777715e-08,0.0027533113,0.98294365,0.006608654,ok
79e0badc-07c8-4008-bef1-5a560f7e52f0,HybridPSODE,True,bounds,0.0012046746,5.9593095e-08,0.0006025557,0.99396974,0.004222992,ok
7a6a3438-c0f4-4242-ad14-55b10093d25b,EnhancedAdaptiveSwarmGradientDescent,True,bounds,0.38997775,0.00070040586,0.1644915,0.3811043,0.06372605,ok
7a91bcf9-2752-40ea-b605-c7b6175046db,AdaptiveSwarmGradientDescent,True,bounds,0.15868714,0.00028927723,0.07689626,0.7227434,0.041383915,ok
7b6dac19-0402-49e0-ae72-6cf698ac2b97,EnhancedAdaptiveSwarmGradientDescent,True,bounds,0.41149935,0.00032315595,0.11204165,0.4393622,0.036773644,ok
7b85c9a7-1f4b-45d4-a3e9-b2a05bd9f0f9,EnhancedAdaptiveSwarmGradientDescent,False,unif,0.6914985,0.07557125,0.1238845,0.044000484,0.06504517,ok
7b91b2ae-d590-4fdc-b688-8f1643f55a76,AdaptiveSwarmGradientDescent,True,disc,0.53404266,0.013148336,0.27146786,0.097169645,0.08417152,ok
7bab8721-07a0-453d-940e-40e83883793c,EnhancedAdaptiveSwarmGradientDescent,True,bounds,0.3262557,0.0001840292,0.07661279,0.5507681,0.04617942,ok
7bacb2d4-d864-49ce-8587-1027e2f3eb68,SwarmOptimizer,True,centre,0.22825277,0.6293031,0.016553156,5.3551088e-05,0.12583739,ok
7bb79758-9834-4c72-81bb-c29ae7e3c69f,EnhancedAdaptiveSwarmGradientDescent,True,bounds,0.60676116,0.012496459,0.086086094,0.24616794,0.048488323,ok
7bbe3c3f-774d-4f66-b654-4726c63cc0e7,AdaptiveSwarmGradientDescent,True,centre,0.27447352,0.60148823,0.01756286,5.846041e-05,0.106416956,ok
7bd69838-ebdd-44fa-9220-2b92ebd0fa34,HybridPSODE,True,bounds,0.0010452399,1.9087923e-10,0.0014206475,0.9866521,0.010882065,ok
7c9a0a1d-8f71-4b29-8743-b4c68ddc4c6c,ChaoticSwarmOptimizer,True,bounds,0.2882922,0.00017547767,0.2614154,0.4020392,0.048077695,ok
7cc71c5b-ceb9-47cc-9f4d-629eee50dd70,AdaptiveSwarmGradientDescent,True,bounds,0.0005190186,3.8230493e-08,0.0001914463,0.99880826,0.00048118783,ok
7cd7a2c4-2623-4142-bcdd-70e07c35bf95,PSO_DE_Hybrid,True,bounds,3.22528e-14,2.84577e-28,1.940174e-14,0.99998444,1.5567315e-05,ok
7d058d10-4eea-4ba1-ab9a-caff4d51d6ce,AdaptiveSwarmOptimizer,True,bounds,0.5252148,0.0013079549,0.16053209,0.24706748,0.06587767,ok
7d29883f-bb3f-494c-8da7-340d1a729e7e,HybridPSODE,True,bounds,0.3580498,0.0027766237,0.2796275,0.31194204,0.047604065,ok
7d58baa6-a9bb-49ab-a748-4d3bfd7c236d,EnhancedAdaptiveSwarmGradientDescent,False,unif,0.6969741,0.035182763,0.10223804,0.10214567,0.06345941,ok
7d9f461c-18f1-442c-8d27-44b6a230bb62,PSO_DE_Hybrid_Improved,True,bounds,0.003652285,4.035004e-06,0.00055627234,0.9887415,0.00704584,ok
7dd2e999-dd10-4fc4-8432-5beea7cc3fb0,HybridPSOSA,False,unif,0.80165654,0.019137762,0.11651461,0.015198702,0.047492318,ok
7e6fd47f-4eb5-4010-9d3d-c0666f071680,EnhancedAdaptiveSwarmGradientDescent,False,unif,0.59545135,0.28727147,0.041603904,0.0010829854,0.074590266,ok
7ebddb98-d832-4ede-a00b-6a62b3c199d5,AdaptiveSwarmGradientDescent,True,bounds,0.2371883,0.00015417073,0.07291418,0.6513227,0.03842057,ok
7f340297-e656-47b7-b247-2ae8517193f9,AdaptiveSwarmChaosMemory,True,bounds,0.24478471,0.07797189,0.026367467,0.45765147,0.19322447,ok
7f46907a-8881-4b39-8d4a-a156186e6cb1,AdaptiveSwarmGradientDescent,True,centre,0.5785147,0.21685953,0.11828663,0.0021105467,0.084228575,ok
7fb28e71-4e38-43fc-b799-46322edf6c40,AdaptiveSwarmGradientDescent,False,unif,0.63614404,0.015929282,0.15426478,0.14916506,0.04449682,ok
7fb822a8-b49a-4c41-a2cb-16a1628c9c42,AdaptiveSwarmGradientDescent,False,unif,0.7056512,0.086846404,0.11504878,0.015527025,0.076926544,ok
7fce8304-967b-4d57-94ce-bffc66c281a2,EnhancedAdaptiveSwarmGradientDescent,True,bounds,0.43416578,0.00068072614,0.111970365,0.4083573,0.04482589,ok
7fd4dbd8-bcd4-4db7-bb4d-640b02da84da,EnhancedAdaptiveSwarmGradientDescent,True,centre,0.3962913,0.4384056,0.039451946,0.0004629364,0.12538826,ok
8015a922-89f6-42ce-91d1-64782b6ca41e,HybridPSODE,True,bounds,0.011926334,1.8543016e-08,0.011873467,0.9684722,0.00772795,ok
806d59b7-4e0b-4b2d-ab4a-8aeaa44b6f75,EnhancedAdaptiveSwarmGradientDescent,True,bounds,0.07319741,1.1100813e-05,0.061946858,0.85465604,0.010188536,ok
80716b2d-1706-4b3e-81b7-5d236038a8a6,AdaptiveSwarmGradientDescent,True,bounds,0.023692224,1.6144648e-07,0.016744051,0.91995066,0.039612897,ok
80e03c8a-9d82-4bb7-917c-3cc7a980861d,AdaptiveSwarmGradientDescent,True,centre,0.43889394,0.38393694,0.04964575,0.000325795,0.12719756,ok
80facfad-8844-457f-80a9-49c3533751f2,HybridPSODE,True,bounds,0.0014290274,1.6010016e-10,0.0007995206,0.99509174,0.0026797852,ok
81334267-ee1f-49b5-a1e5-6641b43e1682,SwarmOptimizer,True,bounds,0.12122023,3.6324539e-06,0.11676093,0.70893586,0.053079348,ok
816d19f3-c46b-4352-a3a9-397b34d6d029,AdaptiveSwarmHarmonyOptimization,True,bounds,0.5353607,0.018887468,0.13232133,0.25178117,0.06164934,ok
818bb534-b79d-4dcc-ac0e-7cdc633f9bd3,AdaptiveSwarmGradientDescent,True,bounds,0.0023317772,7.932423e-09,0.0014965286,0.9934827,0.0026889897,ok
8220d65c-759e-4506-80ed-2a0edf64bfae,SwarmOptimizer,True,bounds,0.10528245,5.973821e-05,0.04572162,0.82507956,0.023856593,ok
8242bd72-b898-4836-a85b-1bcd7c63815f,AdaptiveSwarmGradientDescent,True,bounds,0.39756492,0.0009311248,0.12113645,0.45525151,0.025116002,ok
8259bc16-5b95-4b5b-a2aa-b0f3d61228bd,EnhancedAdaptiveSwarmGradientDescent,True,centre,0.30727404,0.57721,0.02201228,4.6316396e-05,0.093457416,ok
82c5a3ff-e706-4e1e-be76-d10c1be05afe,AdaptiveSwarmGradientDescent,True,bounds,0.15868714,0.00028927723,0.07689626,0.7227434,0.041383915,ok
83a678d3-8101-4ce4-8c6a-1b3304a5c37a,AdaptiveSwarmGradientDescent,True,bounds,8.669387e-05,9.4917615e-12,8.232337e-05,0.99868697,0.0011439617,ok
83ddaccf-a9d0-4b26-8555-84b2ad30349d,HybridPSODE,True,bounds,5.266691e-07,1.18799556e-14,8.2873686e-07,0.99959403,0.00040462994,ok
84105f45-d5a2-4ff7-a381-9bbff334f62b,AdaptiveSwarmGradientDescent,True,bounds,0.27362448,0.00026583564,0.106920086,0.55791914,0.061270446,ok
847bb82f-c2e2-40a1-8ea0-332d3df5c7f8,AdaptiveSwarmGradientDescent,True,bounds,0.0023190521,3.411276e-08,0.0016085429,0.99487,0.0012023508,ok
85068cd1-8dbd-40d3-9336-a72daa873a18,HybridPSOSA,False,unif,0.8084434,0.040688284,0.08725134,0.009790088,0.053826846,ok
850d2332-47c6-46e0-a1c3-86681b8aa18a,AdaptiveSwarmGradientDescent,True,bounds,0.023692224,1.6144648e-07,0.016744051,0.91995066,0.039612897,ok
851e00f4-7cbb-4548-bd21-f42886aab149,AdaptiveSwarmHarmonyOptimization,False,unif,0.7610159,0.0060583493,0.12084256,0.056816004,0.055267192,ok
869762c7-1c83-448d-bf93-5eb547b6fd55,AdaptiveSwarmGradientDescent,False,unif,0.77893054,0.041094,0.08075085,0.0073574497,0.09186706,ok
8708a132-3c26-4420-97af-fb4b23f04a9f,AdaptiveSwarmGradientDescent,True,bounds,0.27938142,0.0010504988,0.09264764,0.5973653,0.02955513,ok
873bca35-d291-4f17-87f6-2108fb736d75,AdaptiveSwarmGradientDescent,False,unif,0.6692364,0.013257237,0.13831337,0.11281439,0.06637855,ok
8744980d-6479-4689-9a25-c338215f7585,EnhancedAdaptiveSwarmGradientDescent,True,bounds,0.1690161,3.7716294e-05,0.053582586,0.7605138,0.01684978,ok
8785afa8-f81d-48d1-8490-1bc63b8d2649,SwarmOptimizer,True,bounds,0.003038653,3.4025731e-09,0.00448762,0.9864036,0.0060701435,ok
87a22eb3-a41b-47b9-9a39-6c3d3535a16d,PSO_DE_Hybrid,True,centre,0.5700199,0.26708034,0.05896635,0.0016200716,0.10231336,ok
87a78f09-8839-4154-ac61-33c1c6188684,SwarmOptimizer,True,bounds,0.009358374,1.2079754e-08,0.0047816318,0.95860493,0.027255053,ok
87b776c2-ca35-4ce3-b6cf-6b91840f63bf,EnhancedAdaptiveSwarmGradientDescent,True,centre,0.44862556,0.38555002,0.050432395,0.00069580635,0.11469625,ok
87ea08f7-ce55-47aa-bc31-212ae3d3e20e,HybridPSODE,True,bounds,1.5947353e-05,2.2937489e-11,1.71967e-05,0.9991988,0.0007680565,ok
882b0afc-bf72-4f69-8ae2-0061e5c2e819,PSO_DE_Hybrid,True,bounds,1.1313064e-09,1.5340624e-17,1.2118699e-08,0.99991596,8.407418e-05,ok
88505db6-2f70-4100-b220-03d431a46478,EnhancedAdaptiveSwarmGradientDescent,True,bounds,0.3534482,0.00028540194,0.11605434,0.4815112,0.048700817,ok
885add02-efd1-4d52-beed-83c5881af9ae,AdaptiveSwarmOptimizer,True,bounds,0.33899826,0.0004122015,0.21908048,0.38566178,0.055847354,ok
886bb3fc-0fbb-4282-a1bf-0e9479c8584a,AdaptiveSwarmGradientDescent,True,centre,0.42629084,0.4234299,0.055279087,0.00060098496,0.0943992,ok
88acb591-dcd4-46a1-a112-4810c73ef70c,SwarmOptimizer,True,bounds,0.004715577,3.3230143e-09,0.005420525,0.9793604,0.010503504,ok
8938a0d8-45b8-4c0a-a7db-81981a18e4d6,HybridPSOSA,False,unif,0.6955379,0.13871117,0.06840293,0.016560461,0.080787525,ok
8970c32b-d250-40e5-8802-910c91ea5091,EnhancedAdaptiveSwarmGradientDescent,True,bounds,0.25563294,0.00041374355,0.13912807,0.56548274,0.03934253,ok
89bbba3e-391d-4a26-a763-05c58e814d00,EnhancedAdaptiveSwarmGradientDescent,True,bounds,0.42588487,0.002877579,0.09244319,0.41335624,0.06543811,ok
89d1691d-c65e-404c-9c20-8c038e1c64d9,AdaptiveSwarmGradientDescent,False,unif,0.7404465,0.080140725,0.09023954,0.013825566,0.075347625,ok
89ea40bd-9c75-462c-acb8-73377098b4ef,AdaptiveSwarmOptimizer,False,unif,0.61189264,0.0016084174,0.228511,0.074863374,0.08312456,ok
8a7dda8f-3d58-4489-b71c-b3d56c4f4636,AdaptiveSwarmGradientDescent,False,unif,0.6921832,0.039973292,0.17875294,0.029745093,0.059345417,ok
8a9300d7-2978-4b75-b193-2fa01758e1db,AdaptiveSwarmHarmonyOptimization,False,unif,0.7792127,0.058613695,0.07394011,0.031672888,0.056560546,ok
8bf379df-f277-4e7e-b64d-4d945030e844,AdaptiveSwarmGradientDescent,True,centre,0.13552454,0.7101725,0.022207087,8.524603e-06,0.13208738,ok
8c48a240-393e-45d8-9ae1-efd6756fd3ad,AdaptiveSwarmGradientDescent,True,bounds,0.28062317,7.7257966e-05,0.12196227,0.5584288,0.03890849,ok
8cb3ea9c-97ca-46ba-8cfe-056451f87afb,AdaptiveSwarmGradientDescent,True,bounds,0.1511712,9.577978e-05,0.10923581,0.68855965,0.050937474,ok
8ce9d73f-d8fb-4323-aae8-43f4597b1560,EnhancedAdaptiveSwarmGradientDescent,True,centre,0.22662537,0.61245173,0.015993487,2.9089419e-05,0.1449003,ok
8d1b1734-fc94-434f-ae86-4f7e9a2c430d,PSO_DE_Hybrid,True,centre,0.575089,0.27173978,0.05920933,0.0014656397,0.09249625,ok
8d91ecad-3b60-4df1-97ae-62f7f46a6d12,ChaoticSwarmOptimizer,True,bounds,0.10071305,5.0067492e-06,0.074867554,0.7925154,0.031898983,ok
8da81c0b-e4ff-4203-8db0-470cae6861e2,AdaptiveSwarmHarmonySearch,False,unif,0.7508958,0.029266665,0.13947248,0.01538828,0.064976804,ok
8e177f9b-ccc8-4905-bd50-85f5b53b6efc,HybridPSOSA,False,unif,0.6647935,0.15766841,0.07694775,0.004404557,0.0961858,ok
8e40096e-3a67-4922-b6b5-396e6e72ef29,AdaptiveSwarmGradientDescent,False,unif,0.76288235,0.016388884,0.14085604,0.02559575,0.054276984,ok
8e5e765f-b12f-40a0-a03f-7cb5c8f64aaf,AdaptiveSwarmGradientDescent,True,centre,0.22496457,0.6314839,0.020666288,5.0099152e-05,0.122835144,ok
8e680bcd-1c60-483f-bc42-8077985d4e9c,DynamicSwarmOptimizer,True,bounds,0.30734164,0.0013172955,0.18745641,0.44531995,0.05856467,ok
8e7cf7ee-9d5d-45d6-9daf-ad3c6374b579,HybridPSODE,True,bounds,0.33349878,0.00036248978,0.26593384,0.35031337,0.049891476,ok
8ef6b611-2268-4f85-b0f4-49862217efd3,AdaptiveSwarmGradientDescent,True,centre,0.5461046,0.30245224,0.043268554,0.0009437551,0.10723082,ok
8f0cb81b-cb01-4a4d-a075-5a66c550d301,EnhancedAdaptiveSwarmGradientDescent,True,centre,0.34865266,0.50650895,0.03110742,0.00037689388,0.11335403,ok
8f452827-23db-403f-9250-ec9a8f5b359f,AdaptiveSwarmHarmonyOptimization,True,bounds,0.30470157,0.00023428796,0.19494648,0.46243167,0.03768594,ok
8f865818-d6ec-4562-8207-94ab3de2746f,AdaptiveSwarmHarmonyOptimization,True,centre,0.63499117,0.15219644,0.111113,0.024334544,0.07736485,ok
8fe054ae-d2b2-4a68-a1d3-71e5e9ce045d,EnhancedAdaptiveSwarmGradientDescent,False,unif,0.75930345,0.044313032,0.07417694,0.060210966,0.061995666,ok
901d782f-9a2f-4589-b899-b9f4bc83339c,PSO_DE_Hybrid,True,centre,0.51812047,0.2952541,0.06255363,0.0020240762,0.1220477,ok
9024cdd7-f6ea-4b38-b419-d383bba34346,DynamicSwarmOptimizer,True,bounds,0.23570561,8.920439e-05,0.11376778,0.61046946,0.03996794,ok
9065851b-3497-477a-a3c8-13c033b72442,PSO_DE_Hybrid,True,bounds,0.00077327865,3.9638104e-07,0.00028428185,0.9959675,0.0029745463,ok
909eaa9c-cc7d-474b-b43c-57f5f71fe5af,EnhancedAdaptiveSwarmGradientDescent,True,bounds,0.35894805,0.00053243,0.089002766,0.47382745,0.07768928,ok
909f8ba5-8def-4850-93da-d57d21a14032,AdaptiveSwarmGradientDescent,True,centre,0.4459823,0.35297528,0.0806165,0.0007810573,0.1196449,ok
90a66c1b-c589-4013-8185-0a7a89f9313e,DynamicSwarmOptimizer,True,bounds,0.07404028,2.376649e-06,0.08425592,0.82097024,0.02073114,ok
90fbfaeb-3de9-4187-b128-bedddb86a1f9,AdaptiveSwarmHarmonyOptimization,True,disc,0.6390356,0.06473038,0.12123909,0.11402267,0.060972296,ok
91a00faa-48eb-4a7d-8464-dff587909f8c,AdaptiveSwarmHarmonyOptimization,True,disc,0.57557464,0.007891968,0.24002382,0.12650959,0.049999975,ok
91e1e3b0-c4cd-4305-9989-bc9e22282739,HybridPSODE,True,bounds,0.018560724,1.9646882e-07,0.025024276,0.94973516,0.006679669,ok
9212e5fd-2fcb-4b20-998e-e328b5450657,HybridPSODE,True,bounds,0.24228923,0.00012619363,0.15126844,0.55670464,0.0496115,ok
9343a11b-2e12-4c27-b2d6-fd4bc65b8b12,EnhancedAdaptiveSwarmGradientDescent,True,bounds,0.11897886,3.906097e-05,0.08978312,0.7740938,0.017105114,ok
93519c7b-fbba-4bb8-934b-436bbd830a1f,PSO_DE_Hybrid,True,bounds,7.3121884e-11,3.34367e-22,2.149019e-10,0.9999717,2.8263521e-05,ok
935afa8c-83cc-4e72-a6bf-b3197068f7c7,SwarmOptimizer,True,bounds,0.18179742,1.764391e-05,0.12751661,0.6371604,0.053507857,ok
936a4e5f-1660-42af-95f5-7441873e385f,DynamicSwarmOptimizer,False,unif,0.6499797,0.0067128316,0.21172877,0.039275076,0.092303686,ok
93828280-2a14-4b13-8cfb-6adc0e4451e8,PSO_DE_Hybrid,True,centre,0.46361542,0.39244446,0.046665136,0.0021097516,0.095165186,ok
93cd048f-a4a6-4d4c-a2fd-98a84a5850c3,AdaptiveSwarmHarmonyOptimization,False,unif,0.6555836,0.02043266,0.16260003,0.09374837,0.06763528,ok
93ee4008-2853-4a86-ad30-068b4d6c2b80,PSO_DE_Hybrid,True,bounds,6.9756193e-12,1.4686829e-22,8.583981e-13,0.99998844,1.1608065e-05,ok
948c3ff3-db3b-4edb-abfd-b4eb4c2fe1c2,AdaptiveSwarmHarmonyOptimization,False,unif,0.8155287,0.01661913,0.072094485,0.04013718,0.05562051,ok
950b3139-9b41-458b-bc1a-151b38e38101,PSO_DE_Hybrid_Improved,True,bounds,0.05741301,0.00018203593,0.016816467,0.83081025,0.094778284,ok
95a15d0d-cb8c-43cd-a90d-908c9c328419,AdaptiveSwarmGradientDescent,True,centre,0.25936705,0.625655,0.021969568,9.580597e-05,0.09291257,ok
95cee3bd-2497-4c98-85f3-211c09c51ab3,HybridPSOSA,False,unif,0.71879673,0.05483676,0.13468951,0.003421838,0.08825512,ok
95e05008-5b46-457b-91ef-29c59eed45e1,AdaptiveSwarmGradientDescent,True,bounds,0.024373507,3.9514553e-06,0.015610945,0.9554588,0.0045527793,ok
960f2b60-1896-4fa9-967d-2fb4b0fea1c0,HybridPSOSA,False,unif,0.76981395,0.019809697,0.1229404,0.02046264,0.06697334,ok
9610cade-51fa-4c18-8561-b7a3ddfa23e6,AdaptiveSwarmOptimizer,True,disc,0.5626936,0.0016692209,0.21360259,0.14266449,0.07937007,ok
9633faf7-f4f4-4d88-8724-9fc88ac2d629,PSO_DE_Hybrid,True,bounds,2.054664e-13,4.219114e-26,2.2728898e-14,0.99998873,1.136332e-05,ok
969686c4-7873-4675-9d97-0388e6dab08b,AdaptiveSwarmGradientDescent,True,bounds,0.45867842,0.002457539,0.14107688,0.3095588,0.08822835,ok
96baa706-3b0c-414f-a34f-6bf9ad1d043c,EnhancedAdaptiveSwarmGradientDescent,True,centre,0.3400534,0.4917508,0.05241684,3.4643122e-05,0.11574431,ok
96c41de5-a174-498a-b3ce-487b540a2d2f,EnhancedAdaptiveSwarmGradientDescent,True,centre,0.45701057,0.38505003,0.034972273,0.0004125921,0.12255456,ok
97043fd2-01f9-4348-a9d9-2d1d79900d1d,AdaptiveSwarmGradientDescent,False,unif,0.74327314,0.10355158,0.053667314,0.0035758303,0.09593215,ok
974161fd-c477-40ff-8ea2-b81c3a231621,EnhancedAdaptiveSwarmGradientDescent,True,bounds,0.27174598,0.0003963965,0.09420038,0.60195076,0.031706516,ok
9754219f-ee46-4723-ad26-899d42308a6f,AdaptiveSwarmGradientDescent,True,bounds,0.054931812,2.1534597e-05,0.010112723,0.9289673,0.005966642,ok
97a3ed9c-0526-44ac-8b98-aec9ab171768,AdaptiveSwarmGradientDescent,True,centre,0.5380366,0.27363566,0.04397909,0.0011083881,0.1432403,ok
97a86a12-d276-4ccf-b4bd-789c827dfcc7,HybridPSODE,True,bounds,0.0013713452,3.0687778e-07,0.0011853904,0.9939559,0.0034871004,ok
97bfe40e-29cf-4b0f-bec4-6029aa83593b,HybridPSODE,True,bounds,0.0016892044,9.758556e-10,0.00072066166,0.96922636,0.028363789,ok
982be18a-e69e-442e-83bf-b1cb8e5ab344,AdaptiveSwarmGradientDescent,False,unif,0.76271856,0.023529312,0.10666637,0.026149783,0.08093598,ok
9871d3e3-2755-4112-ac76-8cf730413a68,DynamicSwarmOptimizer,True,bounds,0.22218421,0.00013521017,0.101354875,0.6340846,0.04224105,ok
98ad5e88-1c8d-4320-9b59-1dcf8f7f53e5,HybridPSOSA,False,unif,0.68874055,0.14393952,0.057181843,0.008840188,0.1012979,ok
98dd94c4-7def-4be2-9d83-0fa08b3e2bfb,AdaptiveSwarmGradientDescent,True,centre,0.45143238,0.37865958,0.050466985,0.00037927876,0.11906175,ok
98ec6017-e622-436b-9c18-75ec55b3aba4,HybridPSODE,True,bounds,0.26510817,0.0001518017,0.16386716,0.53156257,0.03931027,ok
98f1b0aa-30cb-401b-9f99-f2c24bfe20b2,AdaptiveSwarmGradientDescent,True,centre,0.23144734,0.60879225,0.030414548,5.5505727e-05,0.12929037,ok
99390eab-b5b3-4e1c-a151-012f0bad224d,HybridPSOSA,False,unif,0.6955379,0.13871117,0.06840293,0.016560461,0.080787525,ok
9972bed5-7d58-4ac6-a631-3a3feff676a1,PSO_DE_Hybrid_Improved,True,bounds,3.3193879e-15,1.2050493e-26,2.4105654e-17,0.99998826,1.171325e-05,ok
9a0eae75-7614-454a-9695-e1c227cf24fc,AdaptiveSwarmGradientDescent,False,unif,0.71148837,0.11089574,0.06760948,0.0036822117,0.10632415,ok
9a8dcb83-8081-4375-8a70-0f464f6fc26f,SwarmOptimizer,True,bounds,0.034190997,5.395791e-06,0.08549158,0.8706665,0.009645503,ok
9a9dce04-8eb3-4204-8dd7-623018479e87,SwarmOptimizer,True,bounds,0.0039875675,4.6718688e-07,0.005045278,0.9824923,0.008474342,ok
9b7be540-9c34-484c-8d24-84fcac248345,AdaptiveSwarmGradientDescent,True,bounds,0.0022031823,4.773227e-08,0.0017878611,0.99464715,0.0013618271,ok
9bdf32ae-52e0-4079-8c12-4d0fccfa6a13,AdaptiveSwarmGradientDescent,False,unif,0.74017835,0.11981056,0.05883064,0.009406693,0.07177379,ok
9cd4292d-ac9e-448f-b0f8-beead890c5f4,HybridPSOSA,False,unif,0.79707724,0.0261936,0.093570806,0.01959571,0.06356262,ok
9d525c90-2bd3-436e-9a10-b386308488f7,AdaptiveSwarmOptimizer,True,centre,0.49521574,0.34781265,0.060268633,0.0009956615,0.095707275,ok
9d587eac-9137-40b4-b766-ef8db88884ac,SwarmOptimizer,True,bounds,0.18911245,5.3747237e-05,0.100028954,0.6559922,0.054812633,ok
9db42b03-2516-4f5a-b497-b64e3580bc4d,AdaptiveSwarmGradientDescent,True,bounds,0.22371951,0.0008699043,0.1669636,0.5144676,0.09397937,ok
9e0ed135-91b4-4b74-a3eb-f8eb92a4ea55,PSO_DE_Hybrid,True,centre,0.50196886,0.28441334,0.055584263,0.0018942509,0.1561393,ok
9e142c80-de07-4f8b-b40e-0599eea5b2b1,EnhancedAdaptiveSwarmGradientDescent,True,centre,0.55673134,0.2862418,0.06601887,0.0012708025,0.089737095,ok
9e6f20a2-c3c4-4414-b39b-82699b193b55,AdaptiveSwarmGradientDescent,False,unif,0.7236735,0.082605556,0.10723542,0.017847555,0.06863797,ok
9e861576-df52-444a-abca-6d731bbb7872,AdaptiveSwarmChaosMemory,True,centre,0.09659181,0.7670981,0.0045903646,2.1881672e-06,0.13171753,ok
9e9138d3-741f-4c4d-914e-4ef1ee166044,SwarmOptimizer,True,centre,0.20057595,0.6606302,0.015036644,3.045892e-05,0.1237268,ok
9f2a2bc0-16a4-4a17-bb80-fdf4e206ec1b,AdaptiveSwarmHarmonySearch,True,bounds,0.71260023,0.015908638,0.08158908,0.13054535,0.05935674,ok
9f2cb53f-e72f-44d3-9c7d-82d848cf929f,SwarmOptimizer,True,bounds,0.082507476,2.3182067e-06,0.11401061,0.7783656,0.025113981,ok
9fae9bbe-505d-4c84-9d10-de2ec05aa5ad,AdaptiveSwarmHarmonyOptimization,True,disc,0.67399,0.022249926,0.14947611,0.11171305,0.042570855,ok
9fc66a7d-34a8-4068-81ba-321b58b60b86,AdaptiveSwarmGradientDescent,True,bounds,0.4368208,0.0012402844,0.14637014,0.36705726,0.04851153,ok
a0429983-e0ea-470f-a36c-966ab7f85e73,HybridPSODE,True,bounds,0.008694817,4.6281972e-08,0.007995946,0.9749023,0.00840691,ok
a05c74ef-e6b5-4156-8940-4b36b4a60992,PSO_DE_Hybrid,True,bounds,1.512189e-12,7.2192963e-26,8.0861546e-14,0.9999835,1.653208e-05,ok
a0ae8cf9-bfa0-4926-b7f6-3eb91589248d,EnhancedAdaptiveSwarmGradientDescent,True,bounds,0.6498127,0.023225535,0.051970787,0.19885907,0.07613193,ok
a100de28-9150-4daf-a25e-30a14206d7ec,PSO_DE_Hybrid,True,centre,0.41773167,0.44359097,0.032195635,0.0007085867,0.10577311,ok
a105db9a-2554-48e4-bf35-3eeb2778df50,HPSO_ADE,True,bounds,0.085188374,1.3021658e-05,0.07071404,0.8255726,0.018511925,ok
a1368a62-272d-4e0b-9b4b-9611db309bee,AdaptiveSwarmHarmonyOptimization,False,unif,0.73295075,0.0205647,0.14887984,0.04527936,0.052325405,ok
a1409176-615a-4a26-943c-8d3eba6c8a68,AdaptiveSwarmOptimizer,False,unif,0.7196442,0.005022415,0.17476268,0.060978055,0.039592706,ok
a15b1251-5198-488f-a135-ba7163cb991a,HPSO_ADE,True,bounds,0.09770443,4.8296397e-06,0.06933651,0.79206234,0.0408919,ok
a1b0955c-703a-4468-af63-c7f0270758b6,AdaptiveSwarmGradientDescent,True,bounds,1.2769464000000001e-16,1.011804e-30,7.8222109999999995e-19,0.99999,1.0133665e-05,ok
a220d292-9234-48a0-a98a-5dd8eadc7e98,HybridPSOSA,False,unif,0.6647935,0.15766841,0.07694775,0.004404557,0.0961858,ok
a29d24bb-fe22-462b-8358-abd1e9025c6b,SwarmOptimizer,True,bounds,0.0009864081,4.6507176e-10,0.00051306334,0.9927069,0.0057937102,ok
a2a94e6f-4c73-4aa6-8889-c903bd731b36,HybridPSODE,True,bounds,0.00011324495,2.1160446e-08,0.00017070328,0.99854517,0.0011708315,ok
a2ae48f7-c694-432c-bfa9-444454eac727,ChaoticSwarmOptimizer,False,unif,0.7417414,0.06286237,0.12089306,0.015354062,0.059149045,ok
a2b35c15-7e3c-4a55-b206-d73e1493cbec,EnhancedAdaptiveSwarmGradientDescent,True,bounds,0.43947095,0.00045271957,0.10173683,0.40486556,0.05347393,ok
a2cab229-78e1-4a18-a37b-ed7aea997598,AdaptiveSwarmGradientDescent,False,unif,0.7498409,0.071211025,0.08636062,0.020384047,0.07220332,ok
a2ec1bdf-9b89-45ea-8ae0-aa633ceec528,AdaptiveSwarmGradientDescent,True,bounds,0.39039904,0.00089984556,0.17332685,0.39939734,0.035976928,ok
a303da0b-1d09-4427-a464-c976c893da5d,EnhancedAdaptiveSwarmGradientDescent,False,unif,0.7183927,0.030111095,0.105231866,0.079437785,0.066826515,ok
a33eaefe-523a-4cca-85ea-268b82af3b79,HybridPSODE,True,bounds,0.0004218447,2.0822315e-09,0.00033698574,0.99639064,0.002850543,ok
a3855f0f-5b2f-4455-a602-776e783d6295,PSO_DE_Hybrid,True,bounds,0.0014728248,1.9474132e-06,0.00029469925,0.9933785,0.004851971,ok
a3a505a3-1f4b-4422-9c67-dbfd179f3151,AdaptiveSwarmHarmonyOptimization,True,disc,0.59673685,0.0043110834,0.19204083,0.14148085,0.065430395,ok
a3e5a75c-31d7-42c4-8a5c-e1ccea5ff80e,AdaptiveSwarmGradientDescent,False,unif,0.6631571,0.067114845,0.1613611,0.0038468894,0.10452008,ok
a434ea9c-4b7b-417a-b121-c723c6fc9ef2,AdaptiveSwarmGradientDescent,False,unif,0.75731695,0.017959228,0.12963754,0.032425664,0.06266062,ok
a4372647-4f43-4e7d-ade0-c8a576fc6762,PSO_DE_Hybrid,True,centre,0.30575436,0.4509527,0.01910708,0.013503862,0.21068192,ok
a455ee82-be7e-46af-99cd-7ce4d7847b77,AdaptiveSwarmOptimizer,True,disc,0.5121131,0.0016512874,0.31857902,0.101098225,0.06655837,ok
a48bcb71-24b1-4b29-a1d4-ed0cda36cb80,EnhancedAdaptiveSwarmGradientDescent,True,centre,0.396046,0.43196526,0.054500453,0.00019233821,0.117295966,ok
a503ba23-b593-4e13-9079-6f564edd95da,AdaptiveSwarmGradientDescent,True,bounds,0.3223411,0.00024034045,0.12343341,0.49521932,0.05876573,ok
a59f7667-18ed-4294-b12c-0f7f30661da8,ChaoticSwarmOptimizer,True,bounds,0.5154486,0.00050947175,0.21176264,0.232415,0.03986434,ok
a5fb0bb8-90f5-4c4f-b58e-fec5d59ee93e,SwarmOptimizer,True,bounds,0.10995747,1.0982274e-05,0.13387704,0.72668225,0.02947234,ok
a6a29b5f-b8d9-4624-b75d-ecc0c7e4443e,SwarmOptimizer,True,centre,0.32253742,0.53857404,0.026242644,0.00016037229,0.11248557,ok
a742b010-a45c-4ed0-b920-65a161eed67f,AdaptiveSwarmGradientDescent,False,unif,0.74017835,0.11981056,0.05883064,0.009406693,0.07177379,ok
a74bb6d0-3d6c-4713-9c2b-585a444083c8,AdaptiveSwarmHarmonyOptimization,False,unif,0.6971082,0.02293822,0.16521828,0.059562206,0.055173106,ok
a79022c3-ff22-4623-9bfb-183fbe838d1b,AdaptiveSwarmGradientDescent,True,centre,0.3858735,0.47369853,0.033865225,0.00079205993,0.105770744,ok
a7c30645-7eba-431f-b3eb-6fab21b37c82,HybridPSODE,True,bounds,3.2041844e-05,1.982041e-11,3.813379e-05,0.99892837,0.0010014615,ok
a7d68d0b-9d19-48c9-bc21-5482775115cd,HybridPSOSA,True,gaps/clusters,0.32316807,0.21880582,0.048556965,0.0006280412,0.40884113,ok
a80de81b-3ba8-4920-93f5-ace87b81ac82,AdaptiveSwarmGradientDescent,True,centre,0.5031699,0.37663704,0.03561817,0.0005038043,0.084071115,ok
a81d6bfa-677d-4fad-bee9-0d75d9b7502b,AdaptiveSwarmGradientDescent,False,unif,0.7236738,0.08261855,0.10721864,0.017847534,0.06864147,ok
a835e5e2-d847-4084-924a-3142a2f384e0,AdaptiveSwarmGradientDescent,False,unif,0.7489769,0.04578763,0.10362907,0.03587213,0.0657342,ok
a8f3b4e2-4c8a-4de1-9e16-e81e682d13f2,HybridPSOSA,False,unif,0.7746162,0.025646547,0.12614867,0.013690422,0.05989816,ok
a90c7ec3-f055-4e9c-b0b5-47363e923e36,ChaoticSwarmOptimizer,True,bounds,0.013321551,3.083984e-07,0.041849405,0.9379083,0.0069204792,ok
a9371199-56a8-48ee-9a33-1a562582fa52,AdaptiveSwarmGradientDescent,True,bounds,0.00013364386,5.3592426e-11,8.951526e-05,0.9991995,0.00057739246,ok
a96d8e4d-0c28-49e7-8ca9-6628917294de,AdaptiveSwarmGradientDescent,True,bounds,0.08467237,1.2968531e-05,0.05566703,0.8388735,0.020774186,ok
a9e87c9a-b1c1-4539-9e8a-c3ffbfb60b92,EnhancedAdaptiveSwarmGradientDescent,True,centre,0.49174792,0.3598895,0.03778269,0.00018547603,0.11039443,ok
aa516599-9548-42ea-8ddf-09c937394ac1,AdaptiveSwarmOptimizer,True,bounds,1.3151567e-10,3.6125522e-24,1.6440205e-11,0.9999372,6.2838095e-05,ok
aa51f814-107b-4b06-b8ef-7b7e8b658c9b,AdaptiveSwarmGradientDescent,True,bounds,4.2070255e-06,1.9224934e-12,1.7739743e-06,0.99981916,0.00017481032,ok
aa6915f5-78c9-4756-8077-85a945493c40,PSO_DE_Hybrid,True,bounds,0.00041602636,1.5477538e-07,0.00027275074,0.9953683,0.0039427793,ok
ab5a928d-ce1b-4a6d-b3cc-554d0b09fa65,AdaptiveSwarmGradientDescent,True,centre,0.3664883,0.46822357,0.03737549,0.00010380279,0.12780876,ok
ab7042b5-17f2-4d24-80d7-de1f112e8f25,AdaptiveSwarmGradientDescent,True,bounds,0.17488085,3.7348553e-05,0.0882321,0.7182283,0.018621413,ok
ababc136-5b2a-4b6b-8f1b-f095ed647a71,PSO_DE_Hybrid,True,centre,0.41447908,0.44249114,0.040127244,0.0012264453,0.10167605,ok
abd117b1-bd8e-4997-93f0-ddc61c84bcc5,AdaptiveSwarmGradientDescent,True,bounds,0.51081,0.0016155792,0.14155056,0.30795097,0.038072925,ok
ac1d2e17-04d3-4580-9f42-d8e07094aea8,EnhancedAdaptiveSwarmGradientDescent,False,unif,0.6192874,0.22777887,0.059866,0.00036409288,0.092703566,ok
ac211ea4-e635-4376-b9c7-050a4b1ff43a,HybridPSODE,True,bounds,0.01461121,2.0595515e-07,0.011663745,0.9621679,0.011556849,ok
acf440e3-353f-4b56-a588-f47c2e356098,AdaptiveSwarmGradientDescent,True,bounds,0.24063118,0.0008127292,0.068347946,0.6578199,0.032388143,ok
aea81b0e-6104-41d7-b3c6-8576c6c4c547,ChaoticSwarmOptimizer,True,bounds,5.870569e-07,3.2295777e-14,2.9769075e-07,0.9997203,0.00027883236,ok
aeb18ec7-1ce5-4653-8761-3eed979697f0,AdaptiveSwarmHarmonyOptimization,False,unif,0.70744693,0.006317202,0.16590519,0.07614657,0.044184137,ok
af1a77e0-fedd-49dd-8ece-36b94336eac3,HybridPSODE,True,bounds,1.4693396e-10,6.1646857e-22,1.0314036e-11,0.9998385,0.0001615394,ok
af3a875f-9a26-4707-86ca-7bc3f5ff9997,DynamicSwarmOptimizer,True,bounds,0.25832534,0.00022521502,0.28404555,0.41854462,0.03885925,ok
af6932e6-f85e-4311-a291-2fdb44ca1802,AdaptiveSwarmGradientDescent,True,bounds,1.1531006e-09,8.424746e-18,9.947777e-10,0.999897,0.000102927304,ok
af6d319e-520c-4aac-a0fc-076480378937,EnhancedAdaptiveSwarmGradientDescent,True,bounds,0.3995928,0.00037723323,0.084301904,0.4559185,0.059809566,ok
afd93406-8e46-4bb4-8f14-ff806fa81522,HybridOptimizer,True,bounds,4.7917014e-17,2.1599002e-34,6.0277485e-20,0.9999612,3.8860766e-05,ok
afdc1bd9-3e6f-4896-97f9-82d064660a51,AdaptiveSwarmGradientDescent,True,bounds,0.4889614,0.0008249106,0.16088256,0.31208202,0.03724914,ok
aff02f1c-6172-4b66-b056-5181cd75043a,HybridAdaptiveSwarmQuantumLeap,True,centre,0.5452144,0.23123424,0.13573548,0.0066057765,0.08121009,ok
b039be84-76fb-4f0b-807a-02c8c00da7c8,AdaptiveSwarmGradientDescent,True,gaps/clusters,4.943038e-09,0.32208472,2.5877184e-10,7.858996e-21,0.6779152,ok
b045cde9-e929-4303-834c-c01ed9b9c02e,AdaptiveSwarmHarmonyOptimization,True,disc,0.6655631,0.010990837,0.1764907,0.08206101,0.064894386,ok
b051decc-93f8-4096-b460-18518e20e01c,AdaptiveSwarmHarmonyOptimization,False,unif,0.7567096,0.032051314,0.09434029,0.060369194,0.056529652,ok
b08b65b4-a5a5-4654-b13f-9f953fb75870,AdaptiveSwarmGradientDescent,True,bounds,0.036418833,4.056596e-07,0.042502277,0.86242104,0.05865742,ok
b08c1cd8-7179-4318-a2de-d8da71b6897b,SwarmOptimizer,True,disc,0.61036164,0.050618887,0.1756176,0.1170149,0.046387,ok
b0d7e98e-1aef-4b9e-9fd8-ec5e96f60e66,AdaptiveSwarmGradientDescent,False,unif,0.78182673,0.07425028,0.06521735,0.009260427,0.06944521,ok
b1bb9ea1-5e18-44c0-bba1-97a370251a04,AdaptiveSwarmGradientDescent,True,bounds,0.15868714,0.00028927723,0.07689626,0.7227434,0.041383915,ok
b1c0b96c-6643-404f-ae8b-4b66d5320a06,HybridPSOSA,False,unif,0.8158943,0.028892884,0.08825455,0.0108492095,0.056109108,ok
b20c7b62-3bac-42d4-a01f-b9c109ffb72f,AdaptiveSwarmGradientDescent,False,unif,0.68451935,0.009157508,0.12139406,0.13975398,0.045175165,ok
b2e5c1b0-9e6a-4b11-afce-3f1855bd636e,SwarmOptimizer,True,bounds,0.043708436,6.121839e-07,0.063117996,0.8701375,0.023035496,ok
b311fb86-12eb-4750-8c82-fd9ff4aac9fc,AdaptiveSwarmGradientDescent,False,unif,0.69991744,0.088040665,0.11815262,0.031567696,0.062321536,ok
b31fd5c4-1f42-4dd8-b8b3-ae9757cf6077,AdaptiveSwarmHarmonyOptimization,True,bounds,0.6076764,0.016175086,0.13533702,0.14217754,0.09863405,ok
b3435a3c-6dff-4e95-b111-ba8319775bc9,AdaptiveSwarmGradientDescent,True,centre,0.0103478,0.8354492,0.00100641,3.3315792e-09,0.15319653,ok
b36209cf-8c97-4045-bb7a-51774c80fe95,DynamicSwarmOptimizer,True,bounds,0.012719749,2.3969406e-08,0.012193796,0.96540916,0.009677337,ok
b38435e3-8f78-4e24-b3cf-e3247a9f7793,ACPSO,True,bounds,0.20300552,0.00013991367,0.18396139,0.5782535,0.034639638,ok
b3c46cca-954a-432a-bcb1-c55a32a961f4,PSO_DE_Hybrid,True,centre,0.542651,0.31156883,0.040681884,0.0017058989,0.1033924,ok
b3e54adf-1cd5-468b-94b6-504bf2796084,PSO_DE_Hybrid,True,centre,0.48037735,0.31988314,0.0531537,0.0009574496,0.14562832,ok
b3ef2abd-63d6-41a9-bf40-01575b272a2b,EnhancedAdaptiveSwarmGradientDescent,True,bounds,0.6240486,0.004511937,0.13770857,0.17454727,0.05918362,ok
b580196a-1f92-43ea-8bf9-b49d430107a4,EnhancedHybridPSO_DE,False,unif,0.69605523,0.0015010512,0.19085708,0.07309194,0.038494673,ok
b5ce5c4d-9452-443f-a840-91aefbf1b823,AdaptiveSwarmGradientDescent,False,unif,0.74283135,0.116676904,0.057150703,0.011562733,0.07177836,ok
b60bd47a-e9b2-4e13-a405-138d98d0817c,AdaptiveSwarmGradientDescent,False,unif,0.73930085,0.08593231,0.08659336,0.018705111,0.06946834,ok
b61e5d72-1b0b-4aa5-b8d2-830a2b0b7fd2,AdaptiveSwarmGradientDescent,True,bounds,0.25812238,5.7149206e-05,0.26380986,0.427284,0.050726585,ok
b69eb815-c3bb-4405-9254-9d28e7433c2e,EnhancedAdaptiveSwarmGradientDescent,True,bounds,0.47279328,0.0005224122,0.15631978,0.31280312,0.057561375,ok
b6d09f96-e1ba-4220-9eb1-93a8479714e8,EnhancedAdaptiveSwarmGradientDescent,True,bounds,0.4942363,0.0010705066,0.14758813,0.3157308,0.041374277,ok
b6dc3cac-c4e2-419b-8b95-d822a858b3e5,HybridPSODE,True,bounds,0.19920596,0.00012565861,0.19803177,0.55844414,0.044192392,ok
b73ceda7-4bd3-45ff-8264-7ff3175f9ea0,AdaptiveSwarmGradientDescent,False,unif,0.75834215,0.09706237,0.06336411,0.0122393435,0.06899197,ok
b74ac8d9-9c78-4619-b02b-773ae637d04f,AdaptiveSwarmGradientDescent,False,unif,0.74173737,0.07551513,0.090799786,0.0118997805,0.08004803,ok
b76b214f-ae9d-4af0-8b76-893fb95803fa,PSO_DE_Hybrid,True,bounds,0.001293941,1.818589e-05,0.00024833556,0.97590935,0.022530174,ok
b7badcec-dd37-4fe4-a845-aa4c9946dae9,DynamicSwarmOptimizer,True,bounds,0.05418689,2.9614588e-07,0.062072527,0.8646184,0.0191219,ok
b7dfc047-ed7b-47f1-866b-5c5f53c0a7f8,HybridPSOSA,False,unif,0.75579804,0.025242198,0.13570407,0.013992228,0.06926348,ok
b7fe9451-6b82-4161-913b-c45de9b072ac,AdaptiveSwarmGradientDescent,True,bounds,0.22897199,3.4111254e-05,0.25446504,0.4700338,0.04649508,ok
b843d625-3ef5-41c0-992c-72262a81cc2a,HybridPSODE,True,bounds,0.4445805,0.0006301466,0.1629354,0.34293586,0.048918128,ok
b84ed206-770a-4ebb-a01d-dba9f1720763,EnhancedAdaptiveSwarmGradientDescent,True,disc,0.62931114,0.00450652,0.15797457,0.15390494,0.054302894,ok
b877a6cb-99a8-4b95-b869-948af9cc9413,PSO_DE_Hybrid,True,bounds,0.00027294533,2.4235288e-07,0.000121951234,0.99560386,0.0040010577,ok
b8c55754-ba20-489a-97bc-ae5d40e4319d,SwarmOptimizer,True,bounds,0.010053093,2.2444993e-08,0.0087333545,0.94577914,0.03543433,ok
b90b580c-226b-491e-8cf5-c35a325186b5,AdaptiveSwarmHarmonySearch,False,unif,0.791938,0.01617073,0.11315107,0.01787828,0.060861874,ok
b922b109-9297-4062-9888-99e2a88ee2b5,AdaptiveSwarmGradientDescent,True,bounds,0.0024431238,8.871259e-09,0.0015988763,0.99331033,0.0026476658,ok
b92f754b-f168-4414-afc4-78d5923a9336,PSO_DE_Hybrid_Improved,True,bounds,0.18201867,0.0057075643,0.034719087,0.73276263,0.044792037,ok
b9abd057-0736-4663-8f64-886af71de836,AdaptiveSwarmGradientDescent,True,bounds,0.34365174,0.00024153804,0.1777074,0.43531576,0.043083534,ok
b9b052c8-b150-437a-98e5-0c61ade60bd2,AdaptiveSwarmOptimizer,False,unif,0.72697735,0.06863185,0.108347274,0.022830902,0.07321268,ok
b9e01f5f-a2a0-40cc-8fde-eb85a257fb77,DynamicSwarmOptimizer,True,bounds,0.08787593,4.181135e-05,0.033798546,0.7784635,0.09982027,ok
ba171a47-71f8-449a-9ebb-faf36c484ee4,HybridPSOSA,True,bounds,0.09524365,1.5621293e-06,0.11348162,0.75554365,0.035729505,ok
ba4b666a-6277-440f-8f9b-67c62bd1864b,AdaptiveSwarmGradientDescent,False,unif,0.72598946,0.12114757,0.06635344,0.0044265212,0.08208297,ok
ba6be580-043a-48d5-a15f-6b7694ea0cce,SwarmOptimizer,True,disc,0.47631302,0.0006611596,0.2947895,0.14916909,0.079067215,ok
bab48040-c2fe-436f-be65-52926b3d33e5,SwarmOptimizer,True,bounds,0.03555605,3.2839512e-07,0.056667764,0.89784163,0.009934171,ok
bac5495a-a22c-4d4e-b63a-88e703241a67,AdaptiveSwarmGradientDescent,False,unif,0.7903565,0.025409723,0.11498795,0.009318469,0.059927423,ok
bad8050c-9e55-49ad-8282-3ec6fec66115,SwarmOptimizer,True,bounds,0.009406359,9.4535455e-09,0.011802546,0.97310066,0.0056904554,ok
bae79a0d-2215-4a7c-ae8d-1886c3ef5ebd,AdaptiveSwarmGradientDescent,True,centre,0.38771713,0.43432456,0.048538677,0.0009651915,0.12845448,ok
bae8bbb1-e223-401f-8c8b-577adb00e006,HybridPSOSA,True,bounds,0.61501575,0.0046474067,0.15622883,0.17236558,0.051742442,ok
baef7ce0-0428-4d87-96d7-c821d4ddc94c,AdaptiveSwarmHarmonyOptimization,False,unif,0.81564826,0.026351446,0.06422383,0.033503015,0.060273487,ok
bb25d459-b1e6-4419-a618-439f37a638e6,AdaptiveSwarmOptimizer,False,unif,0.6640373,0.023903795,0.19530284,0.0477987,0.06895737,ok
bb5cfb3f-7979-4f7c-8076-eee43a4206f6,EnhancedAdaptiveSwarmGradientDescent,True,bounds,0.5402955,0.0050029084,0.078825705,0.3150289,0.060847055,ok
bb65f752-c1ac-447d-8eca-2c628120bd86,HybridPSOSA,False,unif,0.7022896,0.14831814,0.04574667,0.013088552,0.090556964,ok
bb6f5eea-2810-4a26-9b07-9141e4ae339a,AdaptiveSwarmHarmonyOptimization,False,unif,0.6192546,0.0018614463,0.123605825,0.20226896,0.05300913,ok
bb8bfd2d-f63a-4b89-b259-9d4ecaf5291d,EnhancedAdaptiveSwarmGradientDescent,True,centre,0.49174792,0.3598895,0.03778269,0.00018547603,0.11039443,ok
bbb029de-aa64-4bd2-960f-432fa2bcbd3b,AdaptiveSwarmGradientDescent,True,centre,0.60371834,0.23661307,0.045994982,0.0005226147,0.11315099,ok
bbd16d53-947c-4f70-b97d-04ddd2091811,AdaptiveSwarmGradientDescent,True,bounds,1.2074322e-09,1.7101966999999998e-18,6.0824845e-10,0.9999715,2.8466113e-05,ok
bbf79b46-c783-4b60-8680-76e7cb3dd3f8,AdaptiveSwarmOptimizer,True,bounds,0.50229347,0.001035786,0.19053091,0.24453497,0.061604876,ok
bc0e5356-c8f0-4927-bd90-4af3975b4c44,EnhancedAdaptiveSwarmGradientDescent,True,bounds,0.106594265,7.6157535e-06,0.02329468,0.83182925,0.038274147,ok
bc59b1b6-6a99-40c4-ad2c-e7b4d2c2c2c9,EnhancedAdaptiveSwarmGradientDescent,True,bounds,0.36113387,0.0006295034,0.16809425,0.42424178,0.045900606,ok
bcaaab0c-673f-4f0c-bf3c-4b1117fa77cf,AdaptiveSwarmGradientDescent,True,bounds,2.357254e-05,6.061228e-10,1.185755e-05,0.9988524,0.0011121363,ok
bd233598-de2f-420e-ba8f-6d0b7a6853da,HybridPSODE,True,bounds,0.0009408891,3.1748518e-10,0.00033924408,0.9960348,0.002685071,ok
bdefc529-991b-4880-842a-a9fdfe29f3f4,AdaptiveSwarmOptimizer,True,bounds,0.33892494,0.0008364551,0.27822667,0.33699673,0.045015194,ok
bdfdb9d9-94a1-4a11-a958-6b47aa99c886,DynamicSwarmOptimizer,True,bounds,0.044993553,1.7294993e-06,0.033874262,0.9103656,0.010764842,ok
be6ddbbb-b1b3-4bf0-b8d4-d69c21576d39,AdaptiveSwarmGradientDescent,True,bounds,0.05567009,1.0145851e-06,0.031386692,0.8889046,0.02403761,ok
be729fb3-4a74-4b75-8967-cdc5916d7517,HybridPSOSA,False,unif,0.76486653,0.025264423,0.14076538,0.012376788,0.056726832,ok
be7fbbc7-e685-43eb-a4a3-c09637a62831,DynamicSwarmOptimizer,False,unif,0.7627363,0.0156886,0.14897615,0.0078946,0.064704366,ok
bebd8bfe-5986-44b9-8c91-67418f3383f4,AdaptiveSwarmGradientDescent,True,bounds,0.010409052,1.7338363e-07,0.0065716207,0.97966987,0.003349313,ok
becb8f66-b85b-4047-80ce-23545fd3bfd6,AdaptiveSwarmGradientDescent,True,bounds,0.68074816,0.0058139367,0.10421417,0.14715217,0.06207156,ok
bee748d0-2920-4e53-9083-b10ffa533583,PSO_DE_Hybrid,True,centre,0.44719577,0.424053,0.034139134,0.00040888722,0.09420322,ok
beef09c8-b3f4-48c0-b67a-d54bdec90f7c,PSO_DE_Hybrid_Improved,True,bounds,0.0027192547,9.9510785e-08,0.0016653494,0.99346143,0.0021537717,ok
bf460764-8e2e-47ee-9f77-0576b739a198,AdaptiveSwarmGradientDescent,True,bounds,0.0012158629,1.9560284e-08,0.0010539998,0.9966072,0.0011228037,ok
bfbaf185-fce4-4633-a07b-5a3414250799,SwarmOptimizer,True,bounds,0.0052484823,4.2213797e-09,0.005328623,0.9809578,0.008465094,ok
c0134e24-199d-4097-9bfa-73357e83fce3,HybridPSODE,True,bounds,0.0078342045,4.744601e-07,0.006225865,0.957146,0.028793424,ok
c075e188-c238-4cd3-85d9-bc789317ac56,AdaptiveSwarmGradientDescent,True,centre,0.44039136,0.43081227,0.033813156,0.000623118,0.0943601,ok
c07e8a91-b960-473a-aebd-2a20f4c8111b,EnhancedAdaptiveSwarmGradientDescent,True,centre,0.40364632,0.39074486,0.07840863,0.00018252169,0.12701765,ok
c0834f5d-4642-44a8-977c-a3ec46ff5736,EnhancedAdaptiveSwarmGradientDescent,True,gaps/clusters,4.523796e-06,1.0594046e-14,4.1494005e-07,0.16927639,0.8307187,ok
c08e2f43-f740-446c-b315-cf160fc40f89,AdaptiveSwarmGradientDescent,False,unif,0.7975583,0.011634342,0.1014449,0.038760167,0.050602287,ok
c094aed2-ca1a-4ed4-8b60-4125521089d3,ChaoticSwarmOptimizer,True,bounds,0.0030958964,5.2146305e-09,0.0021447851,0.9897617,0.0049975244,ok
c13b16cd-9bf2-415b-9efc-38145ec615c4,HybridOptimizer,True,bounds,4.7917014e-17,2.1599002e-34,6.027748e-20,0.9999612,3.8860766e-05,ok
c19f904c-04a6-48d5-9a21-2fc7139f88e5,AdaptiveSwarmGradientDescent,False,unif,0.73010576,0.03686609,0.12902868,0.039554253,0.064445205,ok
c1de2499-f5a0-428e-91d9-3795d93fefd6,SwarmOptimizer,True,bounds,0.009406359,9.4535455e-09,0.011802546,0.97310066,0.0056904554,ok
c22221e4-5bc8-440d-8111-6fce49e07ae7,PSO_DE_Hybrid,True,bounds,2.487829e-14,3.6146115e-25,2.1756691e-15,0.9999859,1.4160905e-05,ok
c28ace80-8ea1-4d97-883d-a7a76d8dd58a,AdaptiveSwarmHarmonyOptimization,False,unif,0.6534833,0.016825216,0.14615995,0.07408118,0.109450385,ok
c28dc10e-2280-4058-92a4-1cc8d0b62f8c,AdaptiveSwarmHarmonyOptimization,True,bounds,0.49478036,0.002248163,0.17785387,0.26744777,0.05766989,ok
c2a05c51-ec60-4f3a-91a8-3ebcd233bfd0,EnhancedAdaptiveSwarmGradientDescent,True,centre,0.2935276,0.54687726,0.02586994,0.000112343914,0.1336129,ok
c2ee9ed7-00a0-4d88-a48e-93aedf66a0f6,AdaptiveSwarmGradientDescent,True,bounds,0.60801864,0.010416885,0.09650473,0.22980902,0.055250715,ok
c2f0d784-4906-4fa1-b85e-e4276fb117b7,DynamicSwarmOptimizer,True,bounds,0.048356563,2.0429263e-06,0.07411616,0.86228657,0.015238682,ok
c32f37fd-ec36-40a7-b5fe-5d308bc98948,AdaptiveSwarmHarmonyOptimization,False,unif,0.69368035,0.014498751,0.13983569,0.071324036,0.08066113,ok
c3444421-08ba-4c6a-8da3-3d2b0a584159,AdaptiveSwarmHarmonyOptimization,False,unif,0.68654025,0.012392743,0.14495483,0.0963842,0.05972796,ok
c3830308-b3c2-4c34-9c73-ae19af18dfc7,AdaptiveSwarmOptimizer,True,disc,0.59084165,0.008264733,0.194362,0.145848,0.06068362,ok
c3a0717a-d6da-4401-9e16-96102b1fb94a,AdaptiveSwarmHarmonyOptimization,False,unif,0.7036135,0.010452721,0.15064318,0.08977085,0.04551981,ok
c3caa3a3-1ad1-4969-836c-5755080bf7da,AdaptiveSwarmHarmonyOptimization,True,disc,0.6257699,0.002100651,0.1893864,0.1285201,0.054222953,ok
c4412a67-2e2c-43a2-9168-a2dfd3b65e67,EnhancedAdaptiveSwarmGradientDescent,True,bounds,0.38294652,0.00060894276,0.088442475,0.47988057,0.048121467,ok
c44aee74-835b-4b0f-97d6-9674bd126ca0,AdaptiveSwarmGradientDescent,False,unif,0.8043381,0.047654368,0.070940755,0.0045284806,0.07253833,ok
c467fda8-c08d-4cc3-a5c2-79046fc497bd,AdaptiveSwarmGradientDescent,True,centre,0.2904926,0.5625515,0.036789365,0.00034035635,0.10982615,ok
c480fe28-d698-4cc9-8895-f68bd336aec8,PSO_DE_Hybrid_Improved,True,bounds,0.0007767818,1.8819428e-05,0.00011649034,0.9912103,0.007877649,ok
c4a06b62-f32c-4c73-a9c0-af7730b5fa84,AdaptiveSwarmGradientDescent,True,bounds,0.023618232,1.9273787e-07,0.006750175,0.9436935,0.025937874,ok
c4a92b83-2cd6-4ae5-9057-421617450907,EnhancedAdaptiveSwarmGradientDescent,True,bounds,0.48245072,0.0016610591,0.12726875,0.3486325,0.039986953,ok
c4ab8a78-8fd8-45f4-9c5e-d5e9bd238ef6,HybridPSODE,True,bounds,0.00035379836,3.651187e-08,0.0002884075,0.99159366,0.0077641057,ok
c4be05c6-70cd-475c-966d-12adc3095c22,AdaptiveSwarmGradientDescent,True,bounds,0.00014431543,1.9694531e-10,0.00038493116,0.9988592,0.0006115354,ok
c4d72dec-51e9-4f4d-b499-e1b44b0d6da1,SwarmOptimizer,True,bounds,2.38785e-05,5.6417588e-12,1.831929e-05,0.9995183,0.00043939933,ok
c5219296-634a-4350-80a2-1509a2210e00,DynamicSwarmOptimizer,False,unif,0.72570956,0.055637367,0.111321166,0.044189453,0.06314245,ok
c52b93d8-1cb9-4f47-b34b-ac9ff7eb7418,DynamicSwarmOptimizer,True,bounds,0.07555584,1.3143135e-05,0.04246532,0.8366793,0.045286406,ok
c595bca5-e120-4db2-8cf2-50c6a4dfc798,HybridPSODE,True,bounds,0.0052057644,1.850643e-07,0.0031400777,0.9733712,0.01828279,ok
c5bc66dd-666f-4e9f-be40-17cd552904b9,EnhancedAdaptiveSwarmGradientDescent,True,centre,0.19610184,0.67868525,0.013086064,2.0818601e-05,0.11210605,ok
c669f7b6-6fa9-4f5d-b775-308e84101be6,AdaptiveSwarmHarmonySearch,False,unif,0.76450986,0.045405556,0.09712012,0.0256668,0.06729759,ok
c7ced5bb-2383-4646-8cf9-c1b363991dcb,PSO_DE_Hybrid,True,centre,0.50337505,0.26260436,0.058149815,0.00070763234,0.17516316,ok
c7ebfec5-4674-4598-9a74-216fdf12dfc9,AdaptiveSwarmGradientDescent,True,bounds,0.068248786,2.7436956e-05,0.043705024,0.8651427,0.022876058,ok
c7f53bc9-110a-4c0c-afca-aaf4858351f6,EnhancedAdaptiveSwarmGradientDescent,True,bounds,0.45504427,0.00094244897,0.114238225,0.39167076,0.038104314,ok
c816f589-ce80-47a2-b58a-ebef60693f11,HybridPSOSA,False,unif,0.74372387,0.009849537,0.1533334,0.05020393,0.04288916,ok
c822d879-e374-4d87-8b3b-818b902b8f27,ChaoticSwarmOptimizer,True,bounds,5.870569e-07,3.2295777e-14,2.9769075e-07,0.9997203,0.00027883236,ok
c831ed37-52fa-4783-b49c-0f2128fff50e,EnhancedAdaptiveSwarmGradientDescent,True,bounds,0.43890554,0.0015359574,0.16103645,0.35762972,0.040892385,ok
c93cbba5-a75a-4d54-978c-b895ebc0481a,AdaptiveSwarmGradientDescent,False,unif,0.7733462,0.029870767,0.088110834,0.048743255,0.059928935,ok
c981e2d6-676b-43e7-98ca-ad6c3cacfeaa,PSO_DE_Hybrid,True,centre,0.50892866,0.33835852,0.0417307,0.00085592346,0.1101262,ok
ca028518-c9ed-4822-ac2a-38f867653051,EnhancedAdaptiveSwarmGradientDescent,False,unif,0.70008737,0.0114805745,0.112595655,0.10981423,0.06602217,ok
ca809a43-82d3-4ddb-9d7b-adddcbe45b33,HybridPSODE,True,bounds,0.00014865832,1.6145634e-08,0.00017131944,0.9981984,0.0014814839,ok
ca9d3e82-8793-4442-9a57-290e9907ec7a,AdaptiveSwarmGradientDescent,True,centre,0.20274048,0.62838763,0.015446198,7.9272504e-05,0.15334639,ok
cab3f07b-e8e0-494e-b563-2ecf4a0545e8,HybridPSOSA,False,unif,0.7183336,0.10107794,0.07335116,0.010928353,0.09630899,ok
caeabe72-c9c8-4b18-bd95-8c908d16ef1b,EnhancedAdaptiveSwarmGradientDescent,True,bounds,0.0005732708,6.134228e-10,0.00024191666,0.997237,0.0019478317,ok
cb1c8a4c-fd7f-4e5d-a198-80aaf4691d4e,HybridPSOSA,False,unif,0.7869888,0.010501934,0.10232848,0.052936416,0.047244415,ok
cb914f1c-7fca-45c9-a569-1803e786b84d,EnhancedAdaptiveSwarmGradientDescent,True,bounds,0.30645904,0.00044106724,0.048869453,0.587715,0.056515444,ok
cbaa47e8-781e-48eb-9348-57482be62da3,AdaptiveSwarmGradientDescent,False,unif,0.7670334,0.021924961,0.095243365,0.053402223,0.062396087,ok
cbad318d-5dea-4850-bcf5-2630b1d4f299,AdaptiveSwarmGradientDescent,True,bounds,0.00017517578,1.93825e-10,0.00014250753,0.9985995,0.0010828748,ok
cbc83173-531d-42f1-8031-88b8ed1d5094,AdaptiveSwarmGradientDescent,False,unif,0.68221474,0.20414574,0.03969214,0.005637272,0.0683101,ok
cbe563f5-5356-4ca3-ab1e-63c9e4e71ca1,AdaptiveSwarmGradientDescent,True,centre,0.5018274,0.36590835,0.04009711,0.00035018683,0.091816835,ok
cc269aa6-2e21-42cc-a2b9-71058bf8c3d9,AdaptiveSwarmGradientDescent,False,unif,0.7440716,0.06579925,0.11167816,0.009291085,0.06915987,ok
cc2f3dd2-0564-46ac-9507-beba906d344f,AdaptiveSwarmGradientDescent,False,unif,0.73398274,0.059070338,0.10363164,0.02100237,0.08231286,ok
cceb96f0-f1a8-4f80-bbf4-a7966f0cbd2a,HybridPSODE,True,disc,0.40851584,0.0003674262,0.29425347,0.23295358,0.063909695,ok
ccfb53ca-565e-45d0-a35f-b902d2ec85b7,AdaptiveSwarmHarmonyOptimization,False,unif,0.6978866,0.08361524,0.111987434,0.02483673,0.08167404,ok
cd49035a-70bd-4b35-8c0e-d0885097a448,SwarmOptimizer,True,bounds,0.04608939,1.30878e-06,0.057340674,0.80389327,0.09267541,ok
ce205a2e-f8c5-47cd-9803-603e2ee2a32c,AdaptiveSwarmGradientDescent,True,bounds,0.46015733,0.00025134368,0.19723848,0.2648185,0.07753442,ok
ce3ac29b-dbae-401c-8a73-32a40894a5e1,AdaptiveSwarmOptimizer,False,unif,0.7374193,0.004982799,0.118046924,0.08210026,0.057450663,ok
ce3bd09a-ad8b-4b51-8ab4-de65180b8f3d,EnhancedAdaptiveSwarmGradientDescent,True,bounds,0.24833098,0.000112967566,0.060345918,0.65353936,0.03767082,ok
ce567ac7-8201-4c79-8e9d-8195ed3a177f,AdaptiveSwarmGradientDescent,True,bounds,9.446819e-10,1.0787754499999999e-17,1.19407e-09,0.9998519,0.00014805033,ok
cec0df4f-27be-4720-a26d-797e5f08b76f,AdaptiveSwarmHarmonyOptimization,True,disc,0.6257699,0.002100651,0.1893864,0.1285201,0.054222953,ok
cee01cb8-ea4c-48c9-bfce-291c58c8242d,PSO_DE_Hybrid,True,bounds,2.0581989e-13,2.1047629999999998e-26,1.4949827e-14,0.9999913,8.650886e-06,ok
cf25d448-6db2-48e1-9652-f5a813d45ba3,AdaptiveSwarmGradientDescent,True,centre,0.17914619,0.6488341,0.022956166,3.6447178e-05,0.14902708,ok
cf3a8e31-5064-4bcd-a8de-19d5e604fb16,PSODEOptimizer,True,disc,0.48028272,0.0022788174,0.2912025,0.17007144,0.056164514,ok
cf3b6b22-0f53-481e-8a6b-77e3d24c966e,AdaptiveSwarmGradientDescent,False,unif,0.69395083,0.13813236,0.0959916,0.0074096257,0.06451566,ok
cfc21c95-ab1c-4b32-86a4-19fb42198fca,AdaptiveSwarmHarmonySearch,True,gaps/clusters,0.6767549,0.019329272,0.07706562,0.06078853,0.16606167,ok
cff224d8-1d94-400f-b1f8-b4743746c106,AdaptiveSwarmGradientDescent,True,bounds,0.0005190186,3.8230493e-08,0.0001914463,0.99880826,0.00048118783,ok
cfff6283-738c-440f-bafa-c56fab394bcd,HybridPSOSA,False,unif,0.782199,0.028851459,0.11989353,0.014561829,0.054494165,ok
d01da024-3fa4-41a3-9bcf-9032531626e3,AdaptiveSwarmGradientDescent,True,centre,0.3859837,0.41856307,0.03270329,0.00028239665,0.16246745,ok
d033e230-eb45-4a7c-b5c5-30b7c3d674ef,AdaptiveSwarmGradientDescent,True,centre,0.4684288,0.35223642,0.06803372,0.00069546374,0.11060554,ok
d08c8572-4803-4203-b907-2ded5f817db0,AdaptiveSwarmGradientDescent,True,centre,0.07859056,0.7495578,0.00596971,2.906882e-06,0.16587904,ok
d0f5f0f9-454c-4b27-af96-428422e3274f,AdaptiveSwarmHarmonyOptimization,False,unif,0.72330457,0.017304897,0.12961137,0.06968248,0.060096763,ok
d11cadd3-73a9-434c-b4da-00ebe7243ec8,AdaptiveSwarmGradientDescent,False,unif,0.67793584,0.16459265,0.08090012,0.0069661373,0.06960531,ok
d1359e0a-5ae9-4cab-9e95-821cf5ea2add,SwarmOptimizer,True,bounds,0.041249815,3.2872217e-07,0.06310521,0.88060606,0.015038639,ok
d2089abc-b8f4-40ac-ac62-a9530a1cc32c,AdaptiveSwarmChaosMemory,True,centre,0.024464536,0.8777844,0.0014629245,8.5185945e-08,0.09628812,ok
d20976dc-fb5b-495c-9106-f5faacaea746,AdaptiveSwarmGradientDescent,False,unif,0.63466734,0.14940839,0.11546788,0.00054706505,0.0999093,ok
d2165599-4780-4b1d-b0a7-94fefda2788a,AdaptiveSwarmOptimizer,False,unif,0.7302176,0.0065215332,0.1545786,0.056541007,0.052141346,ok
d218d236-8697-41e5-86f3-5531ae0b6b56,DynamicSwarmOptimizer,True,bounds,0.06473909,3.2798558e-05,0.019188005,0.89312536,0.022914818,ok
d24f04b7-8beb-493e-93aa-9ebb7e812106,SwarmOptimizer,True,bounds,0.009406359,9.4535455e-09,0.011802546,0.97310066,0.0056904554,ok
d27749f7-1ac8-402f-a7ba-f2a6c6936ed3,AdaptiveSwarmHarmonyOptimization,False,unif,0.73995996,0.015528761,0.10258605,0.07553963,0.0663856,ok
d2782f48-e378-4d65-ac0d-995b5ac499f2,AdaptiveSwarmOptimizer,True,bounds,0.5608247,0.0021235992,0.14441955,0.2139184,0.07871379,ok
d2afe666-8f81-4a0d-b099-80b580b9f9ef,HybridPSODE,True,bounds,4.0730242e-07,9.595496e-16,2.5534928e-07,0.9998385,0.00016081399,ok
d2cbc8c8-5e78-4b2f-ae44-c00463c3cbf9,HybridPSODE,True,bounds,0.004048428,1.1650695e-08,0.004005913,0.9889146,0.0030310112,ok
d2fa32be-8435-41d2-94ab-d5a822aae25e,HPSO_ADE,True,bounds,0.22972056,0.00054412824,0.14991817,0.56873155,0.051085602,ok
d30699c8-2fd0-4664-875a-f2c0e405be05,AdaptiveSwarmOptimizer,True,bounds,0.49619657,0.0024364877,0.2157813,0.24103014,0.04455551,ok
d30f9b0f-df19-41db-8a4e-99d486039e3f,HybridPSOSA,False,unif,0.61704993,0.0011470395,0.17177334,0.14782462,0.062205095,ok
d40944dd-77d8-4795-bea4-1d60e7cee5e4,AdaptiveSwarmOptimizer,True,disc,0.5070363,0.026217455,0.28592655,0.1201338,0.060685895,ok
d4118c17-2886-41df-b9fe-edfb93985452,SwarmOptimizer,True,bounds,0.16073784,1.8077862e-05,0.089197755,0.7212282,0.028818179,ok
d48a8565-2aa0-4e61-a253-44f1b66cce39,AdaptiveSwarmGradientDescent,False,unif,0.72784555,0.017030457,0.098692045,0.085020445,0.07141149,ok
d4bc391c-2f8c-4910-bd86-07af581dc102,AdaptiveSwarmGradientDescent,True,centre,0.44039136,0.43081227,0.033813156,0.000623118,0.0943601,ok
d5245942-7b3c-4cb3-b958-ff1b8271f561,HybridPSOSA,False,unif,0.6919137,0.14082724,0.06973205,0.019354358,0.078172654,ok
d55cbdc7-379b-44bd-9bac-72052ab1a166,AdaptiveSwarmGradientDescent,True,bounds,0.43046388,0.059756584,0.1664201,0.2748847,0.068474755,ok
d5730be0-8586-4e7d-b547-8ba42289bc5a,AdaptiveSwarmGradientDescent,False,unif,0.68592894,0.1296321,0.10384029,0.003494439,0.07710428,ok
d58ae711-d78c-465b-b8b2-de842efb1426,AdaptiveSwarmGradientDescent,True,bounds,0.021982638,6.915151e-07,0.010908386,0.9538717,0.01323656,ok
d5b1280d-dd34-47e2-b9c3-2377499ca68b,AdaptiveSwarmGradientDescent,True,bounds,9.825355e-08,5.0090826e-15,5.2081617e-08,0.9993129,0.0006869222,ok
d5b372c1-82b5-47d8-a6e9-c9c8f347b34b,SwarmOptimizer,True,centre,0.54099905,0.2514271,0.095933154,0.0014072036,0.11023352,ok
d5dac70e-f055-421f-b656-3f2de7f44db8,SwarmOptimizer,True,centre,0.19059,0.6378116,0.013896121,2.405086e-05,0.15767828,ok
d72cb8b5-5133-4010-9647-9702a358c484,DynamicSwarmOptimizer,False,unif,0.6968065,0.110299364,0.10792448,0.0018507192,0.08311893,ok
d734c38c-94a7-401a-82ed-f3c953e5b0bf,EnhancedAdaptiveSwarmGradientDescent,False,unif,0.7282084,0.050005782,0.08836124,0.08710929,0.046315186,ok
d77f63c1-26b1-41d4-baaa-c3c8e9c19e69,AdaptiveSwarmGradientDescent,True,centre,0.4067932,0.46943745,0.025823126,0.00026217056,0.09768406,ok
d80f3778-4864-4e90-b82f-373ef19d3138,EnhancedAdaptiveSwarmGradientDescent,False,unif,0.6864296,0.02951991,0.10885191,0.106142774,0.06905584,ok
d82f2da1-7f51-422c-8bd8-9f9b9c081404,PSO_DE_Enhanced,True,bounds,0.001089677,6.903896e-07,0.00013430786,0.9911106,0.007664709,ok
d83d9d6b-8838-47a6-bb08-f36a89989432,DynamicSwarmOptimizer,True,bounds,0.06473909,3.2798558e-05,0.019188005,0.89312536,0.022914818,ok
d8514040-a067-48c5-91c9-217bb102786d,AdaptiveSwarmGradientDescent,True,bounds,0.5219921,0.0012152287,0.0742877,0.3674298,0.03507512,ok
d85ad07d-fa8d-4de4-9286-bb20fdd672e6,AdaptiveSwarmGradientDescent,True,bounds,0.52575064,0.0029762895,0.1066408,0.31447357,0.05015872,ok
d8a57be4-972b-4aa5-99a3-03a68a3014f2,SwarmOptimizer,True,bounds,0.056824796,3.0172707e-06,0.017229022,0.91562366,0.010319554,ok
d8c257c3-9729-4dfd-b67f-13b3c52f2a6d,AdaptiveSwarmGradientDescent,True,centre,0.19351184,0.67549103,0.028929148,2.4537696e-05,0.10204341,ok
d91adb41-0aee-4228-a005-3c551b9347f7,AdaptiveSwarmGradientDescent,True,bounds,0.06770964,1.9689326e-06,0.04765882,0.8595929,0.0250366,ok
d961fd19-723a-40c4-bf89-9eb32a017058,EnhancedAdaptiveSwarmGradientDescent,True,centre,0.49174792,0.3598895,0.03778269,0.00018547603,0.11039443,ok
d97d1eba-1213-4dcd-a6f4-13e099ee3d00,SwarmOptimizer,True,bounds,0.15783285,0.0002482287,0.03228124,0.7943307,0.015306996,ok
d98e9dda-3941-4c5a-98ef-e471ed07aeae,SwarmOptimizer,True,bounds,1.2190365e-16,3.7332986000000003e-31,9.633071e-19,0.9999859,1.4098531e-05,ok
d9a0764a-9bdd-4093-8880-7025b21af166,AdaptiveSwarmGradientDescent,False,unif,0.731624,0.020867929,0.16214323,0.022790082,0.062574744,ok
d9ab4fc9-6c63-41fe-a4ea-08fd2345e810,HybridPSOSA,False,unif,0.7691264,0.01112512,0.12428594,0.055618715,0.039843842,ok
d9d8e128-adb0-4882-9d28-c8b88bec14cb,SwarmOptimizer,True,bounds,1.4356257e-07,1.7374516e-15,1.5402262e-07,0.9998754,0.00012419635,ok
da3070b7-a188-4e9c-82e8-8e8ebb338201,AdaptiveSwarmGradientDescent,True,bounds,1.6522489e-15,2.2176171e-30,3.8996693e-16,0.9999933,6.5957765e-06,ok
da46af32-cfe2-43df-854d-7bfae8b26221,HPSO_ADE,True,bounds,0.04934622,1.1634785e-06,0.10721173,0.8331531,0.010287751,ok
da696acb-10f8-404b-a4b1-4837c232b0ad,HybridPSODE,True,bounds,2.3283005e-06,6.6644677e-13,6.2934314e-06,0.99952096,0.00047040894,ok
da89c76d-4d52-4aae-ac49-ba7f6623d501,AdaptiveSwarmHarmonySearch,True,gaps/clusters,0.6767549,0.019329272,0.07706562,0.06078853,0.16606167,ok
db3f93b1-582b-45cf-812c-9ffefa28a24f,AdaptiveSwarmGradientDescent,True,bounds,0.23023908,0.00079233304,0.10647732,0.57727957,0.08521165,ok
db50fc85-6667-4155-bf30-e0d81b6c456c,AdaptiveSwarmGradientDescent,True,centre,0.4155578,0.3715641,0.061482817,0.0011236479,0.1502716,ok
db5d9ef4-d320-4d1f-8f3b-e5802875aa4e,HybridPSODE,True,bounds,8.26121e-05,2.515623e-11,6.681399e-05,0.9982699,0.001580695,ok
db65963c-bcbb-4c96-b9f8-4a57fa9584db,AdaptiveSwarmOptimizer,True,disc,0.59031045,0.02423255,0.2186176,0.110189654,0.056649804,ok
dc4eef3f-1f81-443b-86d9-14f1da2f5ef2,AdaptiveSwarmChaosMemory,True,gaps/clusters,0.14776102,0.049714703,0.01987556,0.34713387,0.43551484,ok
dc651605-1f3f-47b1-8f72-590b0a03a966,SwarmOptimizer,True,bounds,0.055731565,1.3656733e-06,0.12103685,0.80832464,0.0149055915,ok
dc7bf13d-0a06-4dfb-8ebf-16ccbac70352,AdaptiveSwarmGradientDescent,True,centre,0.38068575,0.4729537,0.032208733,0.00014973334,0.114002034,ok
dc9d767d-40ce-4122-82a2-f228ef5d0050,DynamicSwarmOptimizer,False,unif,0.7044358,0.03497645,0.14900938,0.044017635,0.06756072,ok
dca904f7-884a-4bbc-822e-79a28a4be00e,AdaptiveSwarmGradientDescent,True,centre,0.37755102,0.44950208,0.04556692,0.00010002656,0.12728003,ok
dcca6b8b-39be-4059-bb91-17abea521b89,HybridPSOSA,False,unif,0.6647935,0.15766841,0.07694775,0.004404557,0.0961858,ok
dcf0f299-061b-4730-9378-9614daa37c83,AdaptiveSwarmGradientDescent,False,unif,0.7972191,0.05150082,0.07906126,0.009190427,0.06302843,ok
dd0340a1-52d4-45cb-8adc-886d5b8b77a0,AdaptiveSwarmGradientDescent,True,bounds,0.077247,1.2138159e-05,0.091774285,0.82172185,0.009244735,ok
dd140fc3-9621-4ada-86f9-b972b8707b3d,AdaptiveSwarmGradientDescent,True,bounds,0.043953277,3.6878416e-06,0.059393663,0.8411395,0.055509906,ok
dd99f2ac-c9ea-45ae-a7cf-a33e3a0f5e94,AdaptiveSwarmGradientDescent,True,gaps/clusters,5.9773554e-11,2.8281607e-23,8.691676e-12,0.34325987,0.6567401,ok
de3adcb3-8808-41f4-a605-dda51cdce3aa,PSO_DE_Hybrid,True,centre,0.5297089,0.32152182,0.04623217,0.0015440582,0.10099299,ok
de5efd96-7489-4c6b-bd7d-cda81ce4632a,AdaptiveSwarmGradientDescent,True,centre,0.4647313,0.36650738,0.038097825,0.00052325905,0.13014019,ok
de6f81b5-3990-4b93-a10f-b8a158d3d77b,AdaptiveSwarmOptimizer,True,bounds,1.2928764e-10,8.97517e-13,3.543478e-13,0.9887204,0.011279581,ok
de8b0677-afb4-42f6-b9c3-33df9b4bdbd4,AdaptiveSwarmGradientDescent,False,unif,0.6740859,0.16511422,0.06537149,0.0026547487,0.0927737,ok
deb3f281-b39e-4273-b032-45bcd900708f,PSO_DE_Hybrid_Improved,True,bounds,0.00011841192,1.972192e-08,3.104682e-05,0.9981591,0.0016912998,ok
debcc78d-5aa9-4135-a1d3-bc19d4c3738d,AdaptiveSwarmHarmonyOptimization,True,disc,0.5755421,0.024778087,0.18946105,0.1360895,0.07412924,ok
dec86bfd-dcba-4522-9da5-8d65849299db,AdaptiveSwarmGradientDescent,False,unif,0.7350322,0.06401064,0.10732068,0.02186352,0.07177292,ok
dee6d0e7-694a-4b9c-8220-d882eaf2060b,HybridPSOSA,True,disc,0.57251894,0.015089707,0.21970086,0.14593187,0.046758678,ok
df676bc4-ac7e-4844-a7f3-a8d496621ee0,PSO_DE_Hybrid,True,bounds,0.004764921,7.772039e-06,0.0009695649,0.98681414,0.00744373,ok
df697b6b-8a20-4bb0-8ba1-d4ffa5afa5d2,AdaptiveSwarmOptimizer,True,bounds,0.5811027,0.009284762,0.16875672,0.188274,0.0525818,ok
dfb46d7e-f111-48b3-8a17-5855a2003981,AdaptiveSwarmOptimizer,True,disc,0.57582283,0.002173802,0.23713283,0.11591303,0.06895749,ok
dfc491e3-f69d-4648-a8da-0fb367b5479f,AdaptiveSwarmGradientDescent,True,bounds,0.15868714,0.00028927723,0.07689626,0.7227434,0.041383915,ok
e0529ff4-6bf5-4ff2-8e99-db93a759b4e8,EnhancedAdaptiveSwarmGradientDescent,False,unif,0.70008737,0.0114805745,0.112595655,0.10981423,0.06602217,ok
e088dad1-7786-4653-b462-f9e827ab21f4,PSO_DE_Hybrid,False,unif,0.66414624,0.14065829,0.10008953,0.00631447,0.08879147,ok
e0d7ef6f-b854-4141-a4ae-543bce23a05b,HybridPSODE,True,bounds,0.031702697,6.489979e-07,0.039634574,0.91525334,0.013408786,ok
e0f22fc9-ed71-4352-ac4a-a8b168dcf8c2,AdaptiveSwarmHarmonyOptimization,True,disc,0.528828,0.008135453,0.23341408,0.15646677,0.07315568,ok
e0ff5248-bb5e-4306-a3a6-f186ec165255,AdaptiveSwarmOptimizer,True,bounds,0.11654303,2.5009203e-05,0.07665075,0.76394635,0.042834844,ok
e130cb67-5e69-446d-9a0a-1c3298e4fc9e,AdaptiveSwarmGradientDescent,False,unif,0.6947103,0.10073177,0.1054522,0.0086880345,0.09041767,ok
e1a0451a-90e0-4f15-b687-720f5bc3ba26,AdaptiveSwarmGradientDescent,True,bounds,0.09754079,2.2001925e-05,0.04021983,0.83863306,0.023584297,ok
e21f4637-ce66-489d-ba15-5dbbb02259a1,EnhancedAdaptiveSwarmGradientDescent,True,centre,0.49174792,0.3598895,0.03778269,0.00018547603,0.11039443,ok
e285d728-0414-40a8-84cb-b5b8b3eafde1,PSO_DE_Hybrid,True,centre,0.5093691,0.33753285,0.042113338,0.0012424968,0.10974227,ok
e2dd6719-ab29-4c1f-bf1d-37de95729fd5,HybridPSODE,True,bounds,0.33629698,0.00036578378,0.2581155,0.35575444,0.049467288,ok
e2f0e8fd-167a-4442-954a-f6537026e1e3,AdaptiveSwarmGradientDescent,False,unif,0.64143366,0.016053993,0.15135956,0.14644094,0.044711836,ok
e2f1817e-93a5-4abe-8cd4-e27b6adecd71,AdaptiveSwarmGradientDescent,False,unif,0.6483445,0.20573094,0.06260418,0.0026416846,0.08067875,ok
e3137c1e-d0e0-40e9-ae39-f56f397df19f,SwarmOptimizer,True,bounds,0.009406359,9.4535455e-09,0.011802546,0.97310066,0.0056904554,ok
e31e1503-6dc7-4171-9b29-bd6e41f9453e,SwarmOptimizer,True,bounds,0.0046073105,1.5771733e-09,0.008948168,0.97722226,0.009222284,ok
e334af85-6224-4908-acde-0977b641509a,AdaptiveSwarmGradientDescent,False,unif,0.7971889,0.011727231,0.12284575,0.015844423,0.052393764,ok
e34bfc83-4232-45cd-9cf4-eeed4304f044,DynamicSwarmOptimizer,False,unif,0.69660664,0.022193955,0.17954281,0.026100243,0.07555637,ok
e36cd849-e0bc-4efa-b7c3-e44f586249b5,HybridOptimizer,True,bounds,4.7917014e-17,2.1599002e-34,6.0277485e-20,0.9999612,3.886077e-05,ok
e3794ddf-3a26-423a-b3e6-79bf0153f5e3,PSO_DE_Hybrid,True,bounds,0.0008906644,1.13524074e-07,0.00042832913,0.9958514,0.002829589,ok
e39c5899-8301-4988-9874-b90f9c4f3857,EnhancedAdaptiveSwarmGradientDescent,False,unif,0.6876648,0.11829406,0.095493525,0.003304725,0.09524284,ok
e3ac95c4-0926-49f5-9cdd-ee9ab6140858,DynamicSwarmOptimizer,True,bounds,0.015147053,1.1879879e-06,0.019439261,0.9457445,0.019668061,ok
e3bac12f-29f5-45a3-9dbd-da5387542d39,AdaptiveSwarmGradientDescent,False,unif,0.7793533,0.04486362,0.10601065,0.009932114,0.059840262,ok
e3d0e8ba-7c7c-446c-a771-133cd2858e8d,HybridPSODE,True,bounds,0.0020391375,2.2261677e-10,0.0010936296,0.99133235,0.0055348207,ok
e40cbe2a-3df8-4000-8aa7-4c53b20183b1,AdaptiveSwarmGradientDescent,True,bounds,0.0023284538,1.22084e-07,0.0026018429,0.9872104,0.007859213,ok
e424cac9-a0fd-4a83-a669-a06874a70a12,PSO_DE_Hybrid,True,centre,0.55871147,0.26631624,0.038349986,0.0011284488,0.13549393,ok
e4583e37-b6eb-41d2-969d-c84a53a9ace7,EnhancedAdaptiveSwarmGradientDescent,False,unif,0.73860985,0.05768282,0.076345354,0.07348374,0.05387821,ok
e49ea7e6-3e97-4930-934f-8ef099ac3c68,AdaptiveSwarmHarmonySearch,False,unif,0.791938,0.01617073,0.11315107,0.01787828,0.060861874,ok
e50f6689-ed45-4348-b2ca-b5eb6f090667,DynamicSwarmOptimizer,False,unif,0.7220274,0.016033618,0.16921902,0.012734395,0.07998554,ok
e532e733-b140-4713-9184-b363321f03bf,AdaptiveSwarmHarmonyOptimization,False,unif,0.81564826,0.026351446,0.06422383,0.033503015,0.060273487,ok
e53f71fd-0d92-4fe5-a3a0-d708182cdf44,AdaptiveSwarmGradientDescent,True,centre,0.5285648,0.33245236,0.0507235,0.0010167982,0.08724262,ok
e54fd89b-3e57-4d54-bcae-7144e64fba0b,ACPSO,True,bounds,0.2419807,0.00012263996,0.17013475,0.5511644,0.03659759,ok
e561bcc8-bec8-4bb5-82c9-cca3cebe257d,EnhancedAdaptiveSwarmGradientDescent,True,centre,0.2629821,0.5768645,0.025337264,1.0811832e-05,0.13480537,ok
e5b8851c-8e66-4f9f-bd02-382774d29b63,EnhancedAdaptiveSwarmGradientDescent,True,centre,0.6146337,0.25114343,0.04553687,0.0014908315,0.087195165,ok
e5cec7e5-05b2-4c70-b6f3-321b009e79c3,AdaptiveSwarmGradientDescent,False,unif,0.65436566,0.10734527,0.1031119,0.004926723,0.13025045,ok
e5e40c01-70fd-44c2-9344-c3acc205c18f,AdaptiveSwarmHarmonySearch,False,unif,0.6537987,0.0214093,0.096519545,0.030324575,0.19794786,ok
e6004bf1-410d-45fc-a807-84a91ddc85cb,HybridPSOSA,False,unif,0.71502745,0.08522056,0.09084736,0.0027314029,0.10617314,ok
e648ef07-7e27-4cad-9e9a-e9b1183924e1,DynamicSwarmOptimizer,True,bounds,0.05990529,3.3801339e-06,0.041117486,0.8831849,0.015788972,ok
e68d5431-95d3-4f12-9c31-1c7b36efaa4f,AdaptiveSwarmGradientDescent,True,centre,0.51429856,0.22572216,0.15014961,0.0010972716,0.10873242,ok
e6a0f537-cd6d-43ad-96ac-f02e606496d2,DynamicSwarmOptimizer,True,bounds,0.17765354,5.238441e-05,0.16878259,0.5890974,0.06441413,ok
e6fe9914-8fac-40d7-bbe7-5e07ac295a9e,AdaptiveSwarmGradientDescent,True,centre,0.492414,0.3724447,0.045060925,0.00040979334,0.089670554,ok
e7a9d827-b288-4b1a-ac90-4d4cb518160c,HybridPSOSA,False,unif,0.75217193,0.028848445,0.15324725,0.013527115,0.052205183,ok
e7b29618-968d-44ef-9d1f-16176fcdb5df,SwarmOptimizer,True,bounds,0.041249815,3.2872217e-07,0.06310521,0.88060606,0.015038639,ok
e7dc5130-f52a-4468-92e1-a798e729a037,AdaptiveSwarmOptimizer,True,bounds,0.5965544,0.024420911,0.1341426,0.1823759,0.06250628,ok
e849aa47-bb86-4c93-96d1-086dcad4c30a,AdaptiveSwarmOptimizer,True,disc,0.6429206,0.0153183695,0.23071954,0.054623924,0.056417506,ok
e88f603b-3a5f-492d-8511-941a188cc02e,EnhancedAdaptiveSwarmGradientDescent,False,unif,0.74962234,0.066556826,0.06751935,0.06542932,0.05087216,ok
e977af72-43f5-4f1c-afef-16562aaf0bee,AdaptiveSwarmGradientDescent,False,unif,0.77407855,0.030122172,0.115310766,0.02312481,0.057363726,ok
ea03b009-b807-4f98-90d3-04ef95649fdd,DynamicSwarmOptimizer,True,bounds,0.06473909,3.2798558e-05,0.019188005,0.89312536,0.022914818,ok
ea2ebe00-c20c-4932-a741-2101e7ca83dc,HybridPSODE,True,bounds,0.31215,0.00026428283,0.13376555,0.5204324,0.033387728,ok
eaa56f47-f040-4f57-89e4-6f43149bf564,DynamicSwarmOptimizer,True,bounds,0.2752904,8.998315e-05,0.17519905,0.46137252,0.08804802,ok
eadceb6d-aa91-46d7-8ad2-1b62564c32f2,HPSO_ADE,True,bounds,0.085188374,1.3021658e-05,0.07071404,0.8255726,0.018511925,ok
eb676379-2dc7-4817-bd79-b6c804286d57,AdaptiveSwarmOptimizer,True,disc,0.43366256,0.0011844749,0.38856062,0.12671867,0.04987361,ok
ecadb201-7fd7-4a4d-b3e4-bc416f761c1c,AdaptiveSwarmGradientDescent,False,unif,0.62763005,0.20939937,0.050248384,0.0027417748,0.10998043,ok
ed8e4d2d-87f9-40d5-bbd6-7c018e4c3552,SwarmOptimizer,True,bounds,0.0024130654,9.584186e-09,0.017579488,0.9782751,0.0017323109,ok
eda27496-a116-421a-b9a0-9ddc0d2baf20,AdaptiveSwarmHarmonyOptimization,True,disc,0.6297127,0.003438993,0.23734514,0.08789395,0.04160929,ok
ee7e247f-30b3-45c3-9507-b4b44d019451,AdaptiveSwarmHarmonySearch,True,gaps/clusters,0.6623403,0.01957744,0.09209749,0.060494147,0.16549057,ok
eed16d43-0852-4998-bc45-80fdc7429107,AdaptiveSwarmGradientDescent,True,bounds,0.0004955914,8.9704015e-11,0.00033003176,0.99847907,0.0006952623,ok
eeed778b-3b42-4ac7-ab19-71ae6ba0c62a,HybridPSOSA,False,unif,0.8014299,0.011643045,0.103824854,0.032951005,0.0501512,ok
eefb7790-8969-4996-b880-5fc6756a531b,HybridPSODE,True,bounds,0.00011324495,2.1160446e-08,0.00017070328,0.99854517,0.0011708315,ok
ef2c2a97-8482-4a40-94ca-348427b8fa3d,AdaptiveSwarmGradientDescent,False,unif,0.72760975,0.11976228,0.063912526,0.0009215769,0.08779377,ok
ef4a30c4-c466-49b0-9642-02045640e50e,PSO_DE_Hybrid,True,centre,0.47826275,0.3454923,0.071507916,0.00066954887,0.10406737,ok
ef879959-df5f-40a3-bff4-31f71305e101,AdaptiveSwarmHarmonySearch,False,unif,0.758795,0.011493979,0.12109171,0.040294014,0.068325296,ok
efaa1e21-413f-445e-b287-1b87c8f065c0,EnhancedChaoticSwarmOptimizer,True,bounds,0.43784317,0.00020407452,0.22262001,0.29471093,0.044621773,ok
efcc3fe1-0a68-4d0e-bc94-d2448a32ddc7,EnhancedAdaptiveSwarmGradientDescent,True,bounds,0.025334368,9.318458e-07,0.026660716,0.9374305,0.010573531,ok
eff70187-1bf2-4cdf-9511-27738788a383,HybridPSODE,True,bounds,0.06343143,5.094856e-07,0.02576133,0.8812984,0.029508326,ok
f00939fc-52cf-41ad-8bca-e88b6959e2b8,AdaptiveSwarmGradientDescent,True,bounds,5.8507435e-08,1.0905073e-14,9.568421e-08,0.9998883,0.00011147328,ok
f00a5389-89ec-4862-a42c-8e79433cdb3e,EnhancedAdaptiveSwarmGradientDescent,True,centre,0.49174792,0.3598895,0.03778269,0.00018547603,0.11039443,ok
f0344abe-64a1-4159-a9d9-76c2954f28a0,AdaptiveSwarmGradientDescent,True,bounds,0.00047561145,2.9974706e-10,0.00021985234,0.9987342,0.00057039305,ok
f03b9eba-1c27-48cc-bcdd-f74f80e47fc1,EnhancedAdaptiveSwarmGradientDescent,False,unif,0.7763434,0.057458065,0.10776232,0.0047683427,0.053667895,ok
f0c09d51-c844-4a4e-8c8c-b74823f19615,AdaptiveSwarmGradientDescent,False,unif,0.7365506,0.0825004,0.08705152,0.017172812,0.07672465,ok
f0d1d6d0-cb18-4fb9-a61e-925078508ca6,AdaptiveSwarmGradientDescent,False,unif,0.6550433,0.056430936,0.1257376,0.086862,0.07592607,ok
f0e97db0-de36-48f7-b4cd-fde62f463fbf,PSO_DE_Hybrid_Improved,True,bounds,0.004997018,6.670864e-07,0.001520244,0.9873953,0.006086743,ok
f130681f-1a82-454e-b8b9-75c3c83e5a65,EnhancedAdaptiveSwarmGradientDescent,True,bounds,0.37124535,0.00027620493,0.22238746,0.34781638,0.05827459,ok
f167dfac-f9cc-474b-8cdc-4946a1952ab1,SwarmOptimizer,False,unif,0.7555613,0.05392353,0.09870781,0.008905747,0.08290166,ok
f1a7c37f-19e7-4f0c-bf61-4f2e82724dff,PSO_DE_Hybrid,True,bounds,0.0014728248,1.9474132e-06,0.00029469925,0.9933785,0.004851971,ok
f1b18502-2c67-4dd4-81d9-4e01a6e0ff23,EnhancedAdaptiveSwarmGradientDescent,True,bounds,0.43964487,0.00221049,0.09303936,0.4284101,0.036695234,ok
f1c04b05-2721-4143-aa79-4e3c91c55767,AdaptiveSwarmHarmonySearch,True,gaps/clusters,0.6767549,0.019329272,0.07706562,0.06078853,0.16606167,ok
f1c15632-6116-4c92-9a6d-7764e11fdd91,SwarmOptimizer,True,bounds,0.1301245,3.4256936e-05,0.044737916,0.797317,0.027786296,ok
f1ee3274-23fa-4fe9-8dad-706a46202a80,AdaptiveSwarmOptimizer,True,bounds,1.9831454e-11,3.7488378e-17,4.6867024e-14,0.9995101,0.0004898867,ok
f279eb78-c1e2-4fb8-8448-87ab66ed8e03,AdaptiveSwarmOptimizer,True,bounds,0.4439125,0.0008969996,0.20407054,0.29499054,0.056129493,ok
f28ea8d5-15fb-4fc7-9e74-f1c0b35df283,AdaptiveSwarmOptimizer,True,bounds,0.35780334,0.00019077727,0.20181921,0.40656763,0.033619083,ok
f293cc26-09c7-44f9-8d4c-1f4f05446d05,HybridPSOSA,False,unif,0.67504096,0.020452183,0.20945902,0.03921069,0.055837166,ok
f2ba7752-7fd2-4f04-a7b1-9e0839f3c115,AdaptiveSwarmOptimizer,True,centre,0.12919538,0.71076083,0.010434468,4.678263e-06,0.14960463,ok
f2caf2f5-99f1-41ca-a3e5-ad9545377bc6,AdaptiveSwarmGradientDescent,True,centre,0.54000866,0.29929432,0.041253835,0.0049342075,0.11450895,ok
f3432983-b3ac-4e48-95ee-d530eb4d1b2f,EnhancedAdaptiveSwarmGradientDescent,True,bounds,0.11699013,1.7650184e-05,0.06322896,0.7941702,0.025593057,ok
f3740c86-546f-414c-8eb7-8bd84c95f519,AdaptiveSwarmGradientDescent,True,bounds,0.15868714,0.00028927723,0.07689626,0.7227434,0.041383915,ok
f3f0c7c0-e9bb-44f6-8fa4-c25211bc06bd,EnhancedAdaptiveSwarmGradientDescent,True,disc,0.62752545,0.0037058922,0.14704946,0.13034488,0.09137438,ok
f404c512-8fca-47ce-9a57-abb9068dd61e,PSO_DE_Hybrid_Improved,True,bounds,0.000292324,1.2612934e-07,0.00016147498,0.9973543,0.002191761,ok
f43453c7-a185-4381-a5b4-37ce5ac0ede6,PSO_DE_Hybrid,True,centre,0.4985401,0.32028145,0.041051865,0.0011197354,0.13900681,ok
f4748168-f4c5-4c2b-864d-18cb18e5144a,AdaptiveSwarmOptimizer,True,bounds,0.077869356,2.8358695e-06,0.04726735,0.69399154,0.18086892,ok
f49aab32-1ca4-4427-98d4-b4ccd9216393,HybridPSODE,True,bounds,0.013531561,2.4256048e-09,0.010170521,0.93510735,0.041190628,ok
f4d46525-e48e-41ae-8357-b299f0dc4358,AdaptiveSwarmGradientDescent,True,bounds,0.45687047,0.0012355301,0.15918323,0.33432707,0.048383657,ok
f5576381-3d4a-41fb-8f1a-26183e675d9a,HybridPSODE,True,bounds,0.0021924493,4.270587e-09,0.003849525,0.9924722,0.0014857856,ok
f55865c2-c590-40d8-ab42-c309f05062a2,DynamicSwarmOptimizer,True,bounds,0.28326127,8.032229e-05,0.23733625,0.41830063,0.061021555,ok
f5698e46-afc9-48a0-868d-720a25779eef,AdaptiveSwarmHarmonyOptimization,False,unif,0.69368035,0.014498751,0.13983569,0.071324036,0.08066113,ok
f597d95a-f827-4c5a-b79e-c6d8e7e7f20e,AdaptiveSwarmGradientDescent,True,bounds,0.010573648,9.593953e-07,0.005491255,0.9793337,0.0046004425,ok
f5bf1b8f-09b5-4304-b2da-f7585595a560,HybridPSOSA,False,unif,0.77561915,0.031956363,0.11219768,0.008457477,0.071769305,ok
f5c2fd66-8947-46c9-8702-a1dc81dd09be,AdaptiveSwarmHarmonySearch,True,gaps/clusters,0.6767549,0.019329272,0.07706562,0.06078853,0.16606167,ok
f5f61a5b-50c9-4010-a147-b12b8893f0b5,EnhancedAdaptiveSwarmGradientDescent,False,unif,0.62671226,0.0074775266,0.1558169,0.15093303,0.059060313,ok
f604fe52-ba1a-47e4-b28d-8ddd4b7a0f9c,EnhancedAdaptiveSwarmGradientDescent,False,unif,0.73860985,0.05768282,0.076345354,0.07348374,0.05387821,ok
f61eb4f3-a9d6-4992-9a33-cc9e4036d150,AdaptiveSwarmHarmonyOptimization,False,unif,0.6652193,0.010436424,0.23443961,0.0325021,0.05740255,ok
f666942d-cbbc-40d2-989c-b3e3d50a6732,AdaptiveSwarmGradientDescent,True,bounds,0.5326971,0.001836824,0.10183786,0.3290663,0.034561936,ok
f6b3c76e-62cd-4959-b728-d581ebb09ba6,AdaptiveSwarmOptimizer,True,disc,0.54669195,0.0011788626,0.2290093,0.15142475,0.07169517,ok
f6bdf902-cd2c-4769-aa27-e05c316e32e2,SwarmOptimizer,True,bounds,1.2152693e-06,9.002796e-12,2.9694772e-07,0.99975073,0.00024786487,ok
f6e61d80-095b-424d-a698-6fd222691d88,AdaptiveSwarmGradientDescent,False,unif,0.75194937,0.04355806,0.11106589,0.030103076,0.06332364,ok
f6f8872e-672b-45e3-9d3a-2593457b72c5,AdaptiveSwarmOptimizer,True,disc,0.59254926,0.0050782138,0.21054259,0.14172325,0.050106674,ok
f7432928-8b46-44d4-892c-270845f574f7,AdaptiveSwarmOptimizer,False,unif,0.62666637,0.0034304608,0.21110225,0.094915226,0.06388568,ok
f774e404-16c3-4c38-9478-40a63bdba790,SwarmOptimizer,True,bounds,0.045123257,1.1740023e-06,0.115042076,0.82502776,0.014805699,ok
f816ed24-6a3a-49fb-9f4f-52e9f0967f09,AdaptiveSwarmOptimizer,True,disc,0.6842295,0.0045393063,0.21208909,0.057819497,0.041322663,ok
f81d0719-5cf3-4b69-8fb7-0af83c24e6cd,SwarmOptimizer,True,centre,0.26341224,0.5679211,0.024496023,2.4256475e-05,0.14414637,ok
f82b575c-2981-4294-8927-3dae0bec88bb,AdaptiveSwarmGradientDescent,True,bounds,0.063977584,4.500278e-05,0.03993014,0.886963,0.009084328,ok
f83b596e-559a-4503-878d-73e093775afc,HybridPSODE,True,bounds,3.0707633e-05,2.2023673e-11,3.18528e-05,0.99954575,0.00039169905,ok
f84db021-d39a-4776-871c-e477ded1eaf6,AdaptiveSwarmGradientDescent,False,unif,0.64061034,0.015866935,0.14729369,0.15151224,0.044716828,ok
f87b09dd-08ba-4011-8bb7-9677e67fc679,AdaptiveSwarmHarmonySearch,True,gaps/clusters,0.6853997,0.025732905,0.064580075,0.058107078,0.16618016,ok
f96b22ac-ecc2-4f59-b51c-73517b46d2f0,EnhancedAdaptiveSwarmGradientDescent,True,centre,0.15856394,0.66241634,0.010947365,1.1523081e-05,0.16806081,ok
f96f2d5b-9abf-4fcb-b8d4-ab605b133d7e,AdaptiveSwarmHarmonyOptimization,True,disc,0.6132241,0.01734156,0.16837908,0.1319739,0.06908137,ok
f9b5975c-0a66-43d3-a820-debc74ece927,AdaptiveSwarmOptimizer,True,disc,0.46641922,0.0014022922,0.33094287,0.1524503,0.048785336,ok
f9bf5bfb-1281-4604-a153-9e0fcdbdf167,AdaptiveSwarmGradientDescent,True,bounds,1.7963198e-07,7.4320395e-13,6.493818e-08,0.9998503,0.0001494675,ok
f9ee3a19-e35d-4396-b160-15f9437a24e8,AdaptiveSwarmGradientDescent,False,unif,0.7342206,0.121538386,0.064257026,0.01676411,0.0632199,ok
fa1294ac-9055-40f6-9672-72e26ef0f8f8,HybridPSOSA,False,unif,0.75186193,0.020549545,0.13652721,0.014182249,0.07687914,ok
fa9dae2e-eab1-420e-9b5e-00141e804a74,PSO_DE_Hybrid,True,centre,0.48275524,0.33492762,0.05901314,0.0002918401,0.12301214,ok
faf4e791-fd61-4114-a8d5-202586ff9a2d,AdaptiveSwarmGradientDescent,True,centre,0.3157702,0.51004785,0.06273951,8.014097e-05,0.1113623,ok
faf6099a-9b51-4788-939f-d9a9bf93f9c0,AdaptiveSwarmGradientDescent,False,unif,0.676157,0.16796668,0.09164523,0.0057710325,0.058460094,ok
fb612407-4848-416a-b798-43a873c28ee4,AdaptiveSwarmHarmonyOptimization,False,unif,0.6446947,0.0050277305,0.1404603,0.16792229,0.041894965,ok
fb8ac594-7a9c-4f64-a84a-8349fabb6cec,AdaptiveSwarmGradientDescent,True,centre,0.18355255,0.64519954,0.025328532,3.6530295e-05,0.14588282,ok
fc7b2d55-3492-481a-ab8f-9659e6c7be99,EnhancedAdaptiveSwarmGradientDescent,True,bounds,0.10668858,5.1044462e-06,0.045554344,0.81853116,0.029220825,ok
fd1ad81b-cb63-41e9-979e-e13857166d5a,AdaptiveSwarmGradientDescent,True,bounds,0.05848133,1.237953e-06,0.018605513,0.90079653,0.02211546,ok
fd37cb97-c934-4abf-bf32-29b2528e5ebf,AdaptiveSwarmGradientDescent,True,bounds,0.33109972,0.000116277486,0.10407885,0.53021204,0.03449311,ok
fd4b192d-05dd-474d-ab33-488006cce3b6,PSO_DE_Hybrid,True,bounds,5.3231182e-14,1.3117128999999998e-25,3.7446954e-15,0.99999076,9.245116e-06,ok
fe30a76b-a2cc-47b4-bfa1-99c911995f53,AdaptiveSwarmGradientDescent,True,bounds,1.8316125e-05,1.6999345e-13,5.0602994e-06,0.99954873,0.0004279003,ok
fe6f2cce-1085-493d-9bf4-71756ea1a29e,HybridPSODE,True,bounds,0.011926334,1.8543016e-08,0.011873467,0.9684722,0.00772795,ok
fea00127-b2be-482d-8239-4ea7685af952,PSO_DE_Hybrid,True,gaps/clusters,0.54912364,0.18211976,0.06713096,0.00029256634,0.20133309,ok
ffef51cf-3ad1-4a19-b558-5d7b3d7b5555,AdaptiveSwarmChaosMemory,True,centre,0.12610964,0.7544665,0.006812995,4.18707e-06,0.112606704,ok
fed787a1-d272-4593-a39b-2308fbb9ae8f,AdaptiveSwarmGradientDescent,True,bounds,0.16878638,0.00045345584,0.12896235,0.6464929,0.055304877,ok
ff324817-cd3f-49a7-8b21-a57eb796f970,AdaptiveSwarmGradientDescent,True,bounds,0.069637574,1.7580481e-06,0.02602278,0.8574885,0.046849377,ok
ff8be127-a348-4022-affb-a7e09da366c4,AdaptiveSwarmGradientDescent,False,unif,0.7738534,0.1211371,0.044075143,0.0025828793,0.05835157,ok
