id,name,bias_detected,bias_class,rejection_count,status
b608a7e4-4e7c-4eaf-bf26-e627e3052a00,AQPSO,False,none,0,ok
a50cc813-b37d-4545-b0b3-8f74a3abafa7,AQPSO,False,none,0,ok
258b606b-54ac-43ff-8fd2-27216ab97cf2,HybridPSODE,False,none,0,ok
bd15055b-c5b3-47b9-a5fe-45a98559405e,HybridPSODE,False,none,0,ok
7de6ea21-cd5a-4750-8862-23b674696af7,HybridPSODE,False,none,0,ok
101216af-8d1f-4c8a-a8f3-cbb9be5e398f,HybridPSODE,False,none,0,ok
59800581-71c3-4e6e-b9af-92888d31d7c0,HybridPSODE,False,none,0,ok
41a5d52e-102a-4f4e-8471-f4f64e15960f,HybridPSODE,False,none,0,ok
453ba690-ade1-4063-a7f7-d9e2d5a35523,HybridPSODE,False,none,0,ok
9d8a926e-e686-40d9-b88e-3d9ee2ec454c,HybridPSODE,False,none,0,ok
fc08803c-f253-4425-bfb6-b8050dd60b59,HybridPSODE,False,none,0,ok
214c504c-84be-46a2-90b4-e5562b283669,HybridPSODE,False,none,0,ok
2d2b4655-a285-46e8-93ad-261f416efc8a,HybridPSODE,False,none,0,ok
3e0b864c-ca42-489d-9dbc-909220efe509,HybridPSODE,False,none,0,ok
d767ce2e-d408-49a2-8ec1-3e4df54f1541,HybridPSODE,False,none,0,ok
438cfce0-5342-4acf-9201-021de48b08da,HybridPSODE,False,none,0,ok
9c856a6b-e5fe-4ad5-9980-1c2d52e32b5e,HybridPSODE,False,none,0,ok
022cbd81-a75c-42f5-ae23-75f6dc30d87f,HybridPSODE,False,none,0,ok
23c2fbe1-f758-4b99-898e-de735f368bcf,HybridPSODE,False,none,0,ok
6a985a81-48ea-4030-964e-4dd2ad5b1988,HybridPSODE,False,none,0,ok
27eef7f5-ba8f-4199-bf86-132b43c79915,HybridPSODE,False,none,0,ok
8fa84223-5245-4dc0-a33a-1ffef82a524b,HybridPSODE,False,none,0,ok
802db772-62bc-43f0-8aa9-cba0ba922f12,HybridPSODE,False,none,0,ok
a468113a-ecc1-4e49-9c2d-3ee0ab749848,HybridPSODE,False,none,0,ok
4c711dbc-d9f1-4aec-ab01-5a07666f4462,HybridPSODE,False,none,0,ok
18620584-1660-4b80-b34d-b9d2e9a06eab,HybridPSODE,False,none,0,ok
065940df-fab4-459a-b57a-159cd7847b08,HybridPSODE,False,none,0,ok
3de28898-5a2d-4ea3-98f4-e3990a2f4ced,HybridPSODE,False,none,0,ok
3623bdfb-0207-4493-9465-514b557c032c,HybridPSODE,False,none,0,ok
69b0e08d-4e2c-4a3a-aee8-f44701ef11f5,HybridPSODE,False,none,0,ok
5c0ee661-816c-4011-a2ee-4a5807542f4d,HybridPSODE,False,none,0,ok
d5b14d52-4f02-4dec-a4ea-6e1042d97a0b,HybridPSODE,False,none,0,ok
16b9675f-9533-44b0-9b2a-e6a24039b042,HybridPSODE,False,none,0,ok
8920d517-d6a7-4343-9e35-50a7a51535d6,HybridPSODE,False,none,0,ok
42e4e620-f32a-46a0-9bfb-36f5adaf4826,HybridPSODE,False,none,0,ok
8560b321-8f1d-4a1c-b07b-e540644a318b,HybridPSODE,False,none,0,ok
004530ac-0620-474d-876a-cc9f02116aef,HybridPSODE,False,none,0,ok
a50a2979-5995-401b-bf07-1f195833c994,HybridPSODE,False,none,0,ok
d7facc5e-a102-4590-bce1-0c543ec22c3d,HybridPSODE,False,none,0,ok
a8327033-2866-452b-a0e8-4943ac9c76c7,HybridPSODE,False,none,0,ok
5ab6f9a7-c465-4982-9fa5-3874725a322b,HybridPSODE,False,none,0,ok
510dcb70-d171-4e00-967c-6bbcbb83ab4e,HybridPSODE,False,none,0,ok
f3fec1f1-b6c4-45fd-9f68-6627b3bbc09d,HybridPSODE,False,none,0,ok
e5f00906-d33b-414f-8836-17bc24ddd8db,HybridPSODE,False,none,0,ok
f8cac418-f780-4184-9918-2bd4e5c1fe51,HybridPSODE,False,none,0,ok
afb7a790-e16e-4977-afd1-09567b01d16d,HybridPSODE,False,none,0,ok
ac2c7a06-485f-4c76-b7e8-009394b4451e,HybridPSODE,False,none,0,ok
474a1b21-51ce-448e-a1da-b5dc38db0fe9,HybridPSODE,False,none,0,ok
90ec0156-328b-49a5-8fe3-a15eea223d21,HybridPSODE,False,none,0,ok
b048a5e5-6edd-4d6d-94c3-a64833da2a1a,HybridPSODE,False,none,0,ok
ec5ca183-5f2d-4d29-ad1c-e7dcdd17af10,HybridPSODE,False,none,0,ok
0d18523f-6565-4c2c-8e01-313a448147de,HybridPSODE,False,none,0,ok
22f4dbe0-ebf3-4ace-9842-dae6a374e5b9,HybridPSODE,False,none,0,ok
0adb6c4e-fc4c-44c4-99a5-988e286d5d00,HybridPSODE,False,none,0,ok
63c67837-9d2d-4da5-b272-49f720ba7305,HybridPSODE,False,none,0,ok
f103f161-2e87-4f78-960f-323e67f3a821,HybridPSODE,False,none,0,ok
0231a722-15e1-44db-b653-4ff2360d89d4,HybridPSODE,False,none,0,ok
d7d7b755-5f12-4a5c-b7fa-b4a5319d294a,HybridPSODE,False,none,0,ok
f1fecc8d-d0b4-4af1-82a6-90f8cde4a74e,HybridPSODE,False,none,0,ok
c974acca-1477-4b6f-824b-b0dd1d8af9e8,HybridPSODE,False,none,0,ok
f3056d22-2a9c-4238-b128-e431751c5efd,HybridPSODE,False,none,0,ok
4583361b-dfe7-477a-8d4e-dcd36f82d040,HybridPSODE,False,none,0,ok
05227aa8-fbfc-47c9-ba7c-375bcba464c3,HybridPSODE,False,none,0,ok
4defe8aa-795b-4c3b-adaf-45bfc8eccb33,HybridPSODE,False,none,0,ok
2ce848e9-42ef-43ca-b853-b3105b69a8c8,HybridPSODE,False,none,0,ok
d3604ea8-8f46-45bb-a491-53c419c6da64,HybridPSODE,False,none,0,ok
3ab84b5a-7bd0-42f7-b9c3-c7c69e6b55df,HybridPSODE,False,none,0,ok
5ceaf4c6-87b2-4023-837e-bd5d29422a34,HybridPSODE,False,none,0,ok
929a2d00-7a21-48e5-bfcf-cc9deb9cf4b3,HybridPSODE,False,none,0,ok
743c87bf-18d4-49ff-87b6-0fcea9c86d6c,HybridPSODE,False,none,0,ok
de43d584-be55-4e68-acf2-ead0a40fedd7,HybridPSODE,False,none,0,ok
de013f74-a0d8-4071-b28b-cd16f8509cf4,HybridPSODE,False,none,0,ok
861a1a70-0f73-4a0d-820b-29ecce46ef2c,HybridPSODE,False,none,0,ok
3797d2d1-d339-42d7-a036-f0030663f8bb,HybridPSODE,False,none,0,ok
f8c16afd-7d11-4e22-9de9-340929e89792,HybridPSODE,False,none,0,ok
4b7c8618-1591-40e0-ba51-382a57dd1d97,HybridPSODE,False,none,0,ok
0589bdc9-4ce6-469c-94a5-7d41e5ec061c,HybridPSODE,False,none,0,ok
1c9954c6-1ccd-42a5-8ce6-2bea2f5c854d,HybridPSODE,False,none,0,ok
70797634-5d6b-464a-9734-3a501eb7dc77,HybridPSODE,True,Center,66,ok
00bd4e88-c73d-4646-8355-d0a92380c7f8,HybridPSODE,False,none,0,ok
0f29846f-08e0-42cc-9c62-2894639032c2,HybridPSODE,False,none,0,ok
f76fb690-5e10-47b0-a73d-737b60091c3c,HybridPSODE,False,none,0,ok
4bfb8ca2-8fcc-4f83-8531-ffc9a15410d8,HybridPSODE,False,none,0,ok
5ec7c40a-9f73-420f-873f-080d5392e518,ProbabilisticSwarmOptimizer,False,none,0,ok
59111d9d-edca-4538-8a94-ad30aa727ea2,ProbabilisticSwarmOptimizer,False,none,0,ok
b2f791d9-eca8-4013-8dc8-61f2d831c735,ProbabilisticSwarmOptimizer,False,none,0,ok
cf99eebe-c472-4af7-b824-b495db538d59,ProbabilisticSwarmOptimizer,False,none,0,ok
fab59b67-b42f-4b80-b928-3bafb509500e,HybridPSODE,False,none,0,ok
221bf2da-115d-4e91-aeb8-047eaff57d5a,HybridPSODE,False,none,0,ok
1efa1637-3fcb-49bd-8b73-c78e0eeb498f,ProbabilisticSwarmOptimizer,False,none,0,ok
6353cee3-6ac8-4aea-8b80-6dadf9f6b61c,HybridPSODE,False,none,0,ok
3d76ec3e-d24b-4252-b922-6b03041bf2a5,ProbabilisticSwarmOptimizer,False,none,0,ok
cca6ec03-3583-4691-8f78-23e785efe56c,ProbabilisticSwarmOptimizer,False,none,0,ok
c0d2b5e6-8b73-4c31-9ae5-aec55ceb9066,ProbabilisticSwarmOptimizer,False,none,0,ok
79ef240e-673c-469d-b5cd-db950e36b0b4,ProbabilisticSwarmOptimizer,False,none,0,ok
c366117a-b543-4008-bb52-8f1c8990b7a2,ProbabilisticSwarmOptimizer,False,none,0,ok
1df3acf8-3af2-4f15-b279-d6a6eb337a8e,ProbabilisticSwarmOptimizer,False,none,0,ok
e43700a7-cebc-4cd3-8c82-ff0f1f4de5b2,ProbabilisticSwarmOptimizer,False,none,0,ok
60ac0dcf-3cd5-4b2f-bbce-a2db81790d83,ProbabilisticSwarmOptimizer,False,none,0,ok
787b75f3-5e67-48e1-96a0-172862b32e65,ProbabilisticSwarmOptimizer,False,none,0,ok
f9b7aa50-3d81-42e0-b766-593a0780b9f9,ProbabilisticSwarmOptimizer,False,none,0,ok
c4a1caa8-8eed-46a9-9e7d-0376b4b7d0a3,ProbabilisticSwarmOptimizer,False,none,0,ok
da319396-bebc-4d45-9e14-956da00c119e,ProbabilisticSwarmOptimizer,False,none,0,ok
69af1cb4-ec60-4d18-9e73-bf04ff2b2112,ProbabilisticSwarmOptimizer,False,none,0,ok
7388c4ce-2ede-498d-ade7-045041a0f3cd,ProbabilisticSwarmOptimizer,False,none,0,ok
3bf75826-7df3-42b5-9e2a-e7b121f43e5a,ProbabilisticSwarmOptimizer,False,none,0,ok
5acc38f8-1b68-47b2-9a4d-4f01eb407726,ProbabilisticSwarmOptimizer,False,none,0,ok
8ec309e0-565a-47d0-b6af-5deff79f6bf9,ProbabilisticSwarmOptimizer,False,none,0,ok
55c6866a-6d08-4131-b7b2-1402b89ad7ec,ProbabilisticSwarmOptimizer,False,none,0,ok
7b0ba577-6711-4c56-ab25-667b9fabe6b1,ProbabilisticSwarmOptimizer,False,none,0,ok
164f78a4-085a-4b1f-9847-a6a6a3bc29eb,ProbabilisticSwarmOptimizer,False,none,0,ok
550143b9-1c0e-4283-958b-33519816b34b,ProbabilisticSwarmOptimizer,False,none,0,ok
bc2be867-bdfa-4c9b-baac-80d6504f9ef5,ProbabilisticSwarmOptimizer,False,none,0,ok
e4415519-922d-43a2-8cb4-747712854faa,ProbabilisticSwarmOptimizer,False,none,0,ok
31599934-a139-4e69-a3fb-4a54642dd730,ProbabilisticSwarmOptimizer,False,none,0,ok
9b2f5890-37b6-4f85-9266-3af49227b4f5,ProbabilisticSwarmOptimizer,False,none,0,ok
39a90f52-244a-4411-8a20-83198489ea8c,ProbabilisticSwarmOptimizer,False,none,0,ok
ed858111-1730-469d-81fc-506069a52a4d,ProbabilisticSwarmOptimizer,False,none,0,ok
f911b537-a702-4905-b088-538f305fb079,ProbabilisticSwarmOptimizer,False,none,0,ok
27d970a4-3dac-4f34-9e51-56dc38f921d2,ProbabilisticSwarmOptimizer,False,none,0,ok
889be46a-5740-4e0f-aebc-16e4b1dd0078,ProbabilisticSwarmOptimizer,False,none,0,ok
b84292d1-de8a-45d2-8ac0-7773f4ece454,ProbabilisticSwarmOptimizer,False,none,0,ok
f435bac2-3f07-444f-9c5e-b3a22d112be7,ProbabilisticSwarmOptimizer,False,none,0,ok
08b7aa19-aac2-4655-8cf0-ba726aa9bc88,ProbabilisticSwarmOptimizer,False,none,0,ok
d9bda000-7c00-4fb3-9bbc-22d87cf719d6,ProbabilisticSwarmOptimizer,False,none,0,ok
aca8226f-6940-47da-9e78-fcc5631dfbca,ProbabilisticSwarmOptimizer,False,none,0,ok
8f709d38-58e2-41ab-93fe-dd56eea649b4,ProbabilisticSwarmOptimizer,False,none,0,ok
0173f71a-a297-4aa9-bf84-e2abc0e52ed3,ProbabilisticSwarmOptimizer,False,none,0,ok
e4be5ab6-6c20-4d89-8530-51da0139a544,ProbabilisticSwarmOptimizer,False,none,0,ok
11772dfd-53d9-49e4-9086-09a21c6ac632,ProbabilisticSwarmOptimizer,False,none,0,ok
2d74e5d3-3285-4124-af04-18939f626ee2,ProbabilisticSwarmOptimizer,False,none,0,ok
e35414e9-734c-42f8-b922-2ddea2908ba1,ProbabilisticSwarmOptimizer,False,none,0,ok
f55ee884-7535-4d7f-a6f9-07392efd85a1,ProbabilisticSwarmOptimizer,False,none,0,ok
d89c6d3c-9d47-46d9-b495-a596d8abf354,ProbabilisticSwarmOptimizer,False,none,0,ok
51803f46-4be0-4128-8cfa-7b2f16c79db4,ProbabilisticSwarmOptimizer,False,none,0,ok
2dca1e2d-fa1c-4e85-9f61-cdf06513c7eb,ProbabilisticSwarmOptimizer,False,none,0,ok
d1f8809e-fa46-4a34-ae42-ef5babb2bc50,ProbabilisticSwarmOptimizer,False,none,0,ok
6bb63e17-0d4f-4173-a8d0-445505f938a7,ProbabilisticSwarmOptimizer,False,none,0,ok
1eca67df-17cd-4530-b23b-fd16381094de,ProbabilisticSwarmOptimizer,False,none,0,ok
f6637163-cfe9-4745-ab37-6f71191a6224,ProbabilisticSwarmOptimizer,False,none,0,ok
9b63e781-26e7-418d-b657-79cd47e356de,ProbabilisticSwarmOptimizer,False,none,0,ok
da147cbc-96f8-4550-9ce3-a5a58c0108a7,ProbabilisticSwarmOptimizer,False,none,0,ok
98105b64-4c09-46a5-ba21-51ac4c75c0ec,ProbabilisticSwarmOptimizer,False,none,0,ok
81127923-43be-44f6-9c21-927e41b38c55,ProbabilisticSwarmOptimizer,False,none,0,ok
8f201350-072f-41eb-87ff-35547bd95b77,ProbabilisticSwarmOptimizer,False,none,0,ok
012d3e9e-c43f-4858-9328-18b57e9cb9bd,ProbabilisticSwarmOptimizer,False,none,0,ok
1386a6d9-bf2d-40cf-ab84-1dbceb159c76,ProbabilisticSwarmOptimizer,False,none,0,ok
582d9269-a14d-4295-8b6d-0c46aa899d07,ProbabilisticSwarmOptimizer,False,none,0,ok
78dc8c7c-182d-46af-92b8-ccd56b99998e,ProbabilisticSwarmOptimizer,False,none,0,ok
8ed61519-a8e8-41da-8e08-0bf63680e1bb,ProbabilisticSwarmOptimizer,False,none,0,ok
ac84aa7c-6731-47ba-ab56-f1cf72263b42,ProbabilisticSwarmOptimizer,False,none,0,ok
0323ca20-93cf-4417-b24d-0ab68cfa0ebe,ProbabilisticSwarmOptimizer,False,none,0,ok
70d13795-ef59-4fcc-8a61-99249c0ada6e,ProbabilisticSwarmOptimizer,False,none,0,ok
fcbc644b-8cc6-4417-96f3-1d3950dc3963,ProbabilisticSwarmOptimizer,False,none,0,ok
20de0db0-b495-40bf-af6a-66f5a8c1c748,ProbabilisticSwarmOptimizer,False,none,0,ok
73c88b18-5db0-40ad-8398-e1c9cadf3364,ProbabilisticSwarmOptimizer,False,none,0,ok
61c26202-a31c-4d92-bf13-60cf5a317a70,ProbabilisticSwarmOptimizer,False,none,0,ok
e1e048f8-ed38-41a6-9a46-2486654eb68d,ProbabilisticSwarmOptimizer,False,none,0,ok
206cb149-ab69-46d3-812c-4f32f1ed8200,ProbabilisticSwarmOptimizer,False,none,0,ok
4c15f86d-f173-4872-910e-671e8bb09f45,ProbabilisticSwarmOptimizer,False,none,0,ok
2a10232d-0395-4537-9de6-b9ef43c28f87,ProbabilisticSwarmOptimizer,False,none,0,ok
c94656a0-a4d7-468d-a901-ffe9c5495063,ProbabilisticSwarmOptimizer,False,none,0,ok
8d8911b7-c305-477c-8b01-a94c7aedd9e9,ProbabilisticSwarmOptimizer,False,none,0,ok
838da829-50b3-4c85-a6f2-696c5e5d0e84,ProbabilisticSwarmOptimizer,False,none,0,ok
4fec650f-e201-432e-91ab-569220597905,ProbabilisticSwarmOptimizer,False,none,0,ok
ec754a3b-13c9-470a-92be-30e7e584d432,ProbabilisticSwarmOptimizer,False,none,0,ok
ac11e54a-0f84-4c88-b0f1-be19b94b084d,ProbabilisticSwarmOptimizer,False,none,0,ok
52e8d009-0567-471d-8ff4-298f6bb919dd,PSODEOptimizer,False,none,,ok
63fd9189-8423-40b5-a00a-e01020c1bb9b,PSODEOptimizer,False,none,,ok
1dafaa89-a2e9-41a7-9c1f-af8d1b045e55,PSODEOptimizer,False,none,,ok
d8ec1b8a-1968-4dd3-9995-868a0bbba371,PSODEOptimizer,False,none,,ok
71cd5bc2-2911-4ba4-8efc-e5213ac83c2f,PSODEOptimizer,False,none,,ok
fcdc43ea-a111-4aed-98a7-2bf277674b3d,PSODEOptimizer,True,Discretization,21,ok
754b73e0-cd86-479d-847c-bede09b08b65,PSODEOptimizer,True,Discretization,21,ok
aaf21071-7ade-4859-854f-cc6e41b1e684,PSODEOptimizer,False,none,,ok
b91fe5be-75dc-41d5-bab3-e603db9f8200,PSODEOptimizer,True,Discretization,22,ok
d1b78490-a8ed-42be-89c4-5d8c3ab721f4,PSODEOptimizer,False,none,,ok
df914c5b-e652-45cd-ba66-c3a38f8aac25,PSODEOptimizer,False,none,,ok
ad6c334a-5a5a-47a2-b578-cf11c854b31d,PSODEOptimizer,True,Discretization,21,ok
f38093c7-9080-4d28-8f47-06d79b1b3448,PSODEOptimizer,True,Discretization,21,ok
c3455235-b436-435f-8051-1a06b97c886b,PSODEOptimizer,True,Discretization,21,ok
a0d50611-5db0-4178-a068-4287a9071533,PSODEOptimizer,True,Discretization,21,ok
244d55be-e8b8-4e9f-9e17-e6bba81b6a2a,PSODEOptimizer,False,none,,ok
25beab1a-7ecb-4643-872c-27fa1ba8b8d9,PSODEOptimizer,True,Discretization,10,ok
baae1b73-bbdd-46cf-9159-d562a07b0a46,PSODEOptimizer,False,none,,ok
b5cd34c1-1aa8-4b3f-9487-f066c5cc395a,PSODEOptimizer,True,Discretization,15,ok
9efd43af-22e0-4c76-8d2a-bd31164d6170,PSODEOptimizer,True,Discretization,15,ok
6456ea07-3f48-4946-b7df-b9a2e82e9e83,PSODEOptimizer,False,none,,ok
369899ce-f696-4b98-b57e-32cd7817a175,PSODEOptimizer,True,Discretization,15,ok
f47334bd-ddf6-4ffa-8a8d-23404c6f4446,PSODEOptimizer,True,Discretization,15,ok
46babf2e-c389-4bc6-a074-ff1fc5afdb54,PSODEOptimizer,True,Discretization,16,ok
52435cec-45f7-4097-b246-a1878067dc3b,PSODEOptimizer,True,Discretization,16,ok
5fb17cfa-85dd-43b8-9436-e38d8d2701c3,PSODEOptimizer,True,Discretization,15,ok
187be94c-21eb-4e5e-ae51-cb7cf1ed2bb9,PSODEOptimizer,False,none,,ok
817271d0-bce6-43a0-b517-1ea6737145d6,PSODEOptimizer,False,none,0,ok
c931e5bf-5236-4612-a4c2-f6db20435362,PSODEOptimizer,False,none,0,ok
d496b927-839e-425f-bb45-45fd1da5e8c6,PSODEOptimizer,False,none,0,ok
69a5bbc7-7db1-4709-847c-2d85cf1ca445,PSODEOptimizer,False,none,0,ok
eae2a939-2aa9-4d7d-b9d2-9038d3becda4,PSODEOptimizer,False,none,0,ok
7099dd11-a02a-4390-aed1-e15a22118f13,PSODEOptimizer,False,none,0,ok
8c379d8b-689d-4f05-b6ea-83050288b073,PSODEOptimizer,False,none,0,ok
f277fa78-d824-49ef-95f7-5e2bc7a52b1e,PSODEOptimizer,False,none,0,ok
86e1fc25-f94f-466f-875f-39068d5e6190,PSODEOptimizer,False,none,0,ok
78dabf51-2b8e-429a-a458-d4cb49a188f5,PSODEOptimizer,False,none,0,ok
4cf64321-482a-4e82-8f1e-43200097cd82,PSODEOptimizer,False,none,0,ok
83ea23b3-c644-4b25-ab1a-087772473b3e,PSODEOptimizer,False,none,0,ok
d6a98865-d987-4ac8-9c7b-b47ac0c3c1b7,PSODEOptimizer,False,none,0,ok
6c6a2049-be6a-428a-8d28-d030990122d8,PSODEOptimizer,False,none,0,ok
e9f94225-743a-40d7-9d35-33b66453e528,PSODEOptimizer,False,none,0,ok
60523c78-2566-4fe0-b24a-1d3849718559,PSODEOptimizer,False,none,0,ok
579288e0-f225-48f1-9150-9c72923341d6,PSODEOptimizer,False,none,0,ok
36d4229d-1b8a-48f8-8528-ad7c240a492e,PSODEOptimizer,False,none,,ok
833e5b19-874c-403c-a8fb-1760556e2eff,PSODEOptimizer,True,Discretization,15,ok
c6452feb-76d7-4af2-adbf-c4b6b53c60e8,PSODEOptimizer,False,none,0,ok
14fe04e9-067a-4c0d-9c43-31fa183c6b0f,PSODEOptimizer,False,none,0,ok
3a4ee92e-bd32-4727-9514-fad878ed5180,PSODEOptimizer,False,none,0,ok
79807076-ab46-4185-8050-e07b7ee19b78,PSODEOptimizer,False,none,0,ok
3dfe9a0e-7d22-4068-9965-84269733c7a2,PSODEOptimizer,False,none,0,ok
c550dd8a-3b21-4b4f-8d93-4e030bf6f647,PSODEOptimizer,False,none,0,ok
46c3d907-95ed-4342-acda-29fbd3a67486,PSODEOptimizer,False,none,0,ok
788c565d-2a13-4b9d-a236-de35c5cfed90,PSODEOptimizer,False,none,0,ok
55c88259-5638-4f06-b40d-106b9226d97a,PSODEOptimizer,False,none,0,ok
4f833de7-d8bf-453d-bec4-4e55d2e9baf8,PSODEOptimizer,False,none,0,ok
1da5b878-002f-48d6-9177-afb4fc756e03,PSODEOptimizer,False,none,0,ok
9f7b27f2-8d2c-451e-a7f7-a29a3fa61483,PSODEOptimizer,False,none,0,ok
91115adf-3de0-4e76-a2fa-4732224283d8,PSODEOptimizer,False,none,0,ok
b2d704e5-9c0b-45b5-b87a-9a502297b5f4,PSODEOptimizer,False,none,0,ok
aebb21be-1188-4c6f-b29f-36f413a081c8,PSODEOptimizer,False,none,0,ok
39b8a405-06a8-4ae7-a62f-1ec257e7993e,PSODEOptimizer,False,none,0,ok
31fb2e9e-e1b4-4efe-9418-14307ffad6ce,PSODEOptimizer,False,none,0,ok
d71aa0ef-deea-464e-957f-0e746ba2c73d,PSODEOptimizer,False,none,0,ok
57b7f4a8-b120-427c-a3f4-dc347dc243c8,PSODEOptimizer,False,none,0,ok
143757a0-93a3-4290-b9ed-0fdc4adcc4b9,PSODEOptimizer,False,none,0,ok
8e8c0627-bd5d-4e41-8844-158439ffa97d,PSODEOptimizer,False,none,0,ok
fd9932cd-7348-43b5-8c0e-62f64603996a,PSODEOptimizer,False,none,0,ok
cd545a7e-976a-4811-8a79-5dab580be6f2,PSODEOptimizer,False,none,0,ok
e6b1889e-2b64-436a-9a54-d615d2c53a9a,PSODEOptimizer,False,none,0,ok
7f95c3ed-9ed4-4d19-aa61-cdb3be2ab5b2,PSODEOptimizer,False,none,0,ok
c345c539-cc60-4c9c-a35d-4caef72681ac,PSODEOptimizer,False,none,0,ok
dfc81983-be2a-4950-9087-9c670f99a6e4,PSODEOptimizer,False,none,0,ok
18a2d2b3-51eb-44d4-9d3e-71402410abc6,PSODEOptimizer,False,none,0,ok
2109a640-459a-4682-8110-bfa4b7461c05,PSODEOptimizer,False,none,0,ok
876b207a-94ae-4bd7-ab2c-fd49eeff74a1,PSODEOptimizer,False,none,0,ok
cdc0e42e-65b8-4c56-9ee8-92f67f0ba91c,PSODEOptimizer,False,none,0,ok
65726fcf-9cf5-4200-9f75-435bb81f0591,PSODEOptimizer,False,none,0,ok
22f97943-5e8d-4105-bb90-cad2bf8a2b8d,PSODEOptimizer,False,none,0,ok
81d8b633-59c3-4912-b849-c6c963e345ed,PSODEOptimizer,False,none,,ok
e23a5584-2977-4f6c-807f-f5274c5daebf,PSODEOptimizer,False,none,0,ok
0707e3bd-70e0-4c94-8ee2-26dff4c7fe2b,PSODEOptimizer,False,none,0,ok
b2144789-fc29-442b-a8f2-522e88fb19ea,PSODEOptimizer,False,none,0,ok
ddfa0f2f-4d54-4590-8250-c35b8fad8a46,PSODEOptimizer,False,none,0,ok
ae49878b-e2df-4f98-8d0a-e1f3e2118efe,PSODEOptimizer,False,none,0,ok
6e3a0660-6710-4afe-aa70-a762ba3815d1,PSODEOptimizer,False,none,0,ok
d0d12683-e835-49d4-a88b-f58d8397f808,PSODEOptimizer,False,none,0,ok
4246d9e5-0000-4069-b260-910e4daf4825,PSODEOptimizer,False,none,0,ok
c0a87ca2-1ff8-4983-8f25-320e381fe310,PSODEOptimizer,False,none,0,ok
2440de4e-becf-4c27-83ed-7dbac12254eb,PSODEOptimizer,False,none,0,ok
68e5a71f-9aa2-4d5f-955a-6be924cf96f4,PSODEOptimizer,False,none,0,ok
c5dbab23-fa90-49fb-814d-350c6b533c59,PSODEOptimizer,False,none,0,ok
e09cac76-7408-4eb0-8a8d-e26197c85e04,PSODEOptimizer,False,none,0,ok
c428a0c6-da17-4389-8d72-42c3638c4d8f,PSODEOptimizer,False,none,0,ok
7ff4f7bf-3225-48e3-bcf6-893edc53c0d7,PSODEOptimizer,False,none,0,ok
bfc19cc8-6ae5-4b0c-9b22-5875128ab0b5,PSODEOptimizer,False,none,0,ok
5a7be9fe-a107-49c1-b533-68f6173a5c4e,PSODEOptimizer,False,none,0,ok
1807796c-fdb5-4db7-8b6a-6240a1bec863,PSODEOptimizer,False,none,0,ok
e7535d44-fb59-4c6a-a330-cf3487fcd57e,AdaptiveSwarmGradientDescent,False,none,0,ok
29e94573-553e-45e1-af2f-c9678ae1b024,EnhancedAdaptiveSwarmGradientDescent,False,none,0,ok
1e6923ee-7858-4944-a591-ae257783d78b,EnhancedAdaptiveSwarmGradientDescent,False,none,0,ok
804b2c80-b5c7-4225-b11c-6422fcce62be,EnhancedAdaptiveSwarmGradientDescent,False,none,0,ok
41c5875f-384a-4b5c-b336-5199b66b0d2e,EnhancedAdaptiveSwarmGradientDescent,False,none,0,ok
83ee1f37-1e42-4fdd-b98e-cb4a9693624a,EnhancedStochasticSwarmDescent,False,none,0,ok
7b85912c-21f7-4754-8092-a83aaab16e96,EnhancedAdaptiveSwarmGradientDescent,False,none,0,ok
a97c84c0-10f2-455a-8082-f6837d0f8e59,EnhancedAdaptiveSwarmGradientDescent,False,none,0,ok
f1c86716-d4a5-4cac-befc-66eaa905fde9,EnhancedAdaptiveSwarmGradientDescent,False,none,0,ok
3798ce98-d9ca-46df-8faf-fea540eca124,EnhancedAdaptiveSwarmGradientDescent,False,none,0,ok
415ce9da-e874-4a47-aba7-a12d8e876531,EnhancedAdaptiveSwarmGradientDescent,False,none,0,ok
feadc10a-c86b-49eb-bbc0-ee4e0b48dcb4,EnhancedAdaptiveSwarmGradientDescent,False,none,0,ok
bb4a46cc-f825-45a2-a161-6a878526ef87,HybridQuantumInspiredSwarm,False,none,0,ok
489120ca-a7bb-45cc-a5db-c35b70a962b5,EnhancedAdaptiveSwarmGradientDescent,False,none,0,ok
5818810d-860e-4693-848a-22fcf06d45ad,QuantumInspiredEnhancedSwarmDescent,False,none,0,ok
8afc183d-3f88-4228-a343-547cb08cf6eb,EnhancedAdaptiveSwarmGradientDescent,False,none,0,ok
078c410e-d545-4247-bd4f-60bee331e4c2,EnhancedAdaptiveSwarmGradientDescent,False,none,0,ok
a3b92867-e3f0-4647-8830-93e5a6680d77,EnhancedAdaptiveSwarmGradientDescent,False,none,0,ok
ce4fc99a-9227-4321-8084-89e82d66d625,QuantumInspiredAdaptiveSwarm,False,none,0,ok
ac3401d3-7b5b-4ed2-8526-e228e5652451,EnhancedAdaptiveSwarmGradientDescent,False,none,0,ok
c0ad0c48-5eea-49cc-99a7-f2ba8d4ba4b1,EnhancedAdaptiveSwarmGradientDescent,False,none,0,ok
86abbff2-5fab-43bd-89ce-ace39c9358be,EnhancedAdaptiveSwarmGradientDescent,False,none,0,ok
b1dbfc78-d83e-4fd4-baa8-6dfbb921238e,EnhancedAdaptiveSwarmGradientDescent,False,none,0,ok
a6221e18-f2c1-450e-835a-d8d8c18163cd,EnhancedAdaptiveSwarmGradientDescent,False,none,0,ok
95f79642-96a7-43fe-901e-e09a34c79407,EnhancedAdaptiveSwarmGradientDescent,False,none,0,ok
691fd3ff-b0d5-47ba-a73f-d108aedc0723,EnhancedAdaptiveSwarmGradientDescent,False,none,0,ok
391124f8-830a-496f-b52a-3e29145020b1,EnhancedAdaptiveSwarmGradientDescent,False,none,0,ok
6cef04f9-7c78-455e-a924-3a515874c206,GradientEnhancedSwarm,False,none,0,ok
5a0d52f6-514b-47c2-a1c1-1bee05d2db88,EnhancedAdaptiveSwarmGradientDescent,False,none,0,ok
7b2b4cd2-6cbb-4e58-b3c0-348c15c619b6,EnhancedAdaptiveSwarmGradientDescent,False,none,0,ok
aca6db95-4478-4ec5-95cf-e8793e69fc2e,EnhancedAdaptiveSwarmGradientDescent,False,none,0,ok
bdd748d0-42fb-4010-ab97-2397269c915c,ImprovedMultiInfluenceSwarmOptimization,False,none,0,ok
9db29bc9-1b40-46c1-84d4-54b7ffc1cc62,EnhancedAdaptiveSwarmGradientDescent,False,none,0,ok
f04d211f-37aa-4a39-a5f9-20053969f0d5,EnhancedAdaptiveSwarmGradientDescent,False,none,0,ok
6c17869b-4f28-4121-bef7-77d0f0b51634,EnhancedAdaptiveSwarmGradientDescent,False,none,0,ok
35e48b7c-53c4-437d-876e-aa474e83fd7f,EnhancedAdaptiveSwarmGradientDescent,False,none,0,ok
324b2fa0-bd4a-4f9c-bb51-066db66d3c03,EnhancedAdaptiveSwarmGradientDescent,False,none,0,ok
379a9aef-bf85-4f3b-8285-0a425323730d,EnhancedAdaptiveSwarmGradientDescent,False,none,0,ok
008d4299-6f26-49e5-bad9-413983e9a3b9,EnhancedAdaptiveSwarmGradientDescent,False,none,0,ok
6c93fd60-03c5-45fa-baa8-deccde99345e,EnhancedAdaptiveSwarmGradientDescent,False,none,0,ok
f582fdfb-c5cc-40d7-8a6d-088e9cf20367,EnhancedAdaptiveSwarmGradientDescent,False,none,0,ok
db00a854-39da-4209-99dd-d97f26b598b3,EnhancedAdaptiveSwarmGradientDescent,False,none,0,ok
9c50a23f-f406-463a-abf1-6b500a485958,EnhancedAdaptiveSwarmGradientDescent,False,none,0,ok
ec92c92a-6653-4535-80a6-bc381d68899c,EnhancedAdaptiveSwarmGradientDescent,False,none,0,ok
90dd6ef0-d98e-4344-9003-3bffcc13c667,EnhancedAdaptiveSwarmGradientDescent,False,none,0,ok
18a6ebb6-4cc2-4e8e-b8e3-8573b6ac922f,EnhancedAdaptiveSwarmGradientDescent,False,none,0,ok
8b37af0d-a097-40f1-825c-69cbbdfff5b4,EnhancedAdaptiveSwarmGradientDescent,False,none,0,ok
52c53d63-55f4-47f3-8eb4-95f61c3edc1a,EnhancedAdaptiveSwarmGradientDescent,False,none,0,ok
aeacece5-1e7a-464e-a49c-9278e90140c3,EnhancedAdaptiveSwarmGradientDescent,False,none,0,ok
7d6c861a-89d9-48fc-976d-7926fc2c654f,EnhancedAdaptiveSwarmGradientDescent,False,none,0,ok
8a9c767d-5e6b-4ba5-8763-a3bb5e4f713e,EnhancedAdaptiveSwarmGradientDescent,False,none,0,ok
bde5d296-af64-4ee1-b1f3-a3ee589405ac,EnhancedAdaptiveSwarmGradientDescent,False,none,0,ok
9889f519-84d7-4084-9e82-adfbff698abe,EnhancedAdaptiveSwarmGradientDescent,False,none,0,ok
9e966033-9496-42ec-b29a-db4da3737424,EnhancedAdaptiveSwarmGradientDescent,False,none,0,ok
6ee269e1-5d06-4c2b-a88b-0659778902da,EnhancedAdaptiveSwarmGradientDescent,False,none,0,ok
5aa437f4-0021-42a2-b138-8180eda18661,SynergisticSwarmHeatmapDiversification,False,none,0,ok
f2a81a24-092b-4d60-b6f6-7f24b9192f93,EnhancedAdaptiveSwarmGradientDescent,False,none,0,ok
2a42ba93-29ab-41ca-b8d8-19dbb01fa517,EnhancedAdaptiveSwarmGradientDescent,False,none,0,ok
854f08ba-06ed-4459-a853-2a62b0da56eb,QuantumInspiredSwarm,False,none,0,ok
c7e7546d-e6d6-4363-8122-9fb154b5ba33,EnhancedAdaptiveSwarmGradientDescent,False,none,0,ok
9959a344-e691-496e-94bb-cc910a895678,EnhancedAdaptiveSwarmGradientDescent,False,none,0,ok
5baa7250-7a56-4272-82cf-f1046bbce31a,EnhancedAdaptiveSwarmGradientDescent,False,none,0,ok
69ef3135-0cc8-4633-8a5a-49b302f23a90,EnhancedAdaptiveSwarmGradientDescent,False,none,0,ok
de759519-7a5a-488a-9132-8fc8f6f13ebf,QuantumInspiredAdaptiveSwarm,False,none,0,ok
8621624b-97d4-4401-9d64-b28afdb7d204,EnhancedAdaptiveSwarmGradientDescent,False,none,0,ok
9c968ae1-c912-4d02-9c70-33e3013c8466,EnhancedAdaptiveSwarmGradientDescent,False,none,0,ok
54238f8f-27ec-499b-9cf0-70f883876e6b,EnhancedAdaptiveSwarmGradientDescent,False,none,0,ok
d1126026-d4e4-4f32-beab-43869a92a665,EnhancedAdaptiveSwarmGradientDescent,False,none,0,ok
1ff7b535-6596-4492-9226-2ec7c145b940,EnhancedAdaptiveSwarmGradientDescent,False,none,0,ok
4e8dce12-77b7-4a36-9307-fdbbe2bbdd15,HybridSwarmGradientAccent,False,none,0,ok
1132e035-21ab-4135-b7ef-5b6cc7f62ce4,EnhancedAdaptiveSwarmGradientDescent,False,none,0,ok
cc8ed030-20b5-4f73-b075-504cc4e69cd5,EnhancedAdaptiveSwarmGradientDescent,False,none,0,ok
e3527b32-986c-4de9-a4e2-dcd06074f5be,EnhancedAdaptiveSwarmGradientDescent,False,none,0,ok
6032227e-2b15-4373-8393-3e1455ee4823,EnhancedAdaptiveSwarmGradientDescent,False,none,0,ok
d16ffc75-86f4-4b15-af6e-a736bcff5214,EnhancedAdaptiveSwarmGradientDescent,False,none,0,ok
0516215c-6b38-45eb-9ad4-66cbb959f2be,EnhancedAdaptiveSwarmGradientDescent,False,none,0,ok
8ba235ac-308d-4b45-8a73-4cd1b7154e3e,EnhancedAdaptiveSwarmGradientDescent,False,none,0,ok
870f37c8-33d6-473d-9198-bbba84872664,EnhancedAdaptiveSwarmGradientDescent,False,none,0,ok
3654bdd8-775f-41dc-87ed-e58a7fb8b46f,EnhancedAdaptiveSwarmGradientDescent,False,none,0,ok
c878b012-7d98-40e9-8f50-65ae5a94fa90,EnhancedAdaptiveSwarmGradientDescent,False,none,0,ok
d3046df3-7108-4d3e-a14d-5ff16f71b03a,EnhancedAdaptiveSwarmGradientDescent,False,none,0,ok
1026bd90-5e73-4491-9007-3c46646bf446,EnhancedAdaptiveSwarmGradientDescent,False,none,0,ok
6deb411b-40ec-4af5-9508-31130549f269,EnhancedAdaptiveSwarmGradientDescent,False,none,0,ok
546fb8c0-424c-4e46-9bb0-3dce8a2df2f5,EnhancedAdaptiveSwarmGradientDescent,False,none,0,ok
38e01f7a-066a-4b9a-b3d7-03d0614e5043,EnhancedAdaptiveSwarmGradientDescent,False,none,0,ok
2aa985fe-5da1-45a1-853c-98182ec18ce2,EnhancedAdaptiveSwarmGradientDescent,False,none,0,ok
2b90b335-9d29-455a-b4a9-f7f95da66773,EnhancedAdaptiveSwarmGradientDescent,False,none,0,ok
cb122a3e-bf9f-4a4e-8e03-da0467b5f0a2,HybridPSOSA,True,Discretization,114,ok
32ec7f91-548d-4d28-b274-1fc6ae670747,HybridPSOSA,False,none,0,ok
538f8a06-e069-42f5-aaf2-0292d7f7a845,RefinedAdaptiveSwarmGradientDescent,False,none,0,ok
b4cb7f2b-1ed0-4db5-a41f-527597c0e1e3,EnhancedAdaptiveSwarmGradientDescent,False,none,0,ok
6233ad50-e1eb-4020-9552-00d711896b6f,EnhancedAdaptiveSwarmGradientDescent,False,none,0,ok
e3e33062-89f6-48c7-a7b9-1b4ae1379677,EnhancedAdaptiveSwarmGradientDescent,False,none,0,ok
48ac0c20-2ed8-43c4-8de9-91519c95b75c,EnhancedAdaptiveSwarmGradientDescent,False,none,0,ok
9ef16f2a-7ad3-46bd-940a-27034d6e31b6,EnhancedAdaptiveSwarmGradientDescent,False,none,0,ok
43362fd8-b18c-490c-ba9a-5278242238a9,EnhancedAdaptiveSwarmGradientDescent,False,none,0,ok
6956071b-658d-4e8c-8000-b542961b2fc6,EnhancedAdaptiveSwarmGradientDescent,False,none,0,ok
4bc6aeab-6e00-4966-a323-5262008171e5,EnhancedAdaptiveSwarmGradientDescent,False,none,0,ok
b8493fad-2651-4310-9c9e-b6c15242f9ce,EnhancedAdaptiveSwarmGradientDescent,False,none,0,ok
91028b8f-a980-41e8-8918-6087d1ffa986,EnhancedAdaptiveSwarmGradientDescent,False,none,0,ok
504173c2-a5b6-4f19-9d20-d700150f5cc7,EnhancedAdaptiveSwarmGradientDescent,False,none,0,ok
b0d9dd1d-d348-441b-90b6-920e3bff005d,CollaborativeSwarmSearch,False,none,0,ok
2a05aa38-192e-44ac-8f19-2f3b9587e561,CollaborativeSwarmSearch,False,none,0,ok
0d3b86ac-20cf-4a84-969f-b58a6b5fe397,CollaborativeSwarmSearch,False,none,0,ok
5a56637a-1f5a-4e2f-8c1c-fa9afbfe22bd,CollaborativeSwarmSearch,False,none,0,ok
d7360019-419c-4e7f-875f-ebae74c486c7,CollaborativeSwarmSearch,False,none,0,ok
33e0ef6b-7f55-4aba-b827-ba22f3b7077c,CollaborativeSwarmSearch,False,none,0,ok
8f7a312e-1e09-4396-8c69-534fcd994419,CollaborativeSwarmSearch,False,none,0,ok
67ab1f2e-ff1a-4aa1-925b-ed7c9929a1ef,CollaborativeSwarmSearch,False,none,0,ok
79821790-5515-4abf-9b20-84e946e453d3,CollaborativeSwarmSearch,False,none,0,ok
f5e6b071-43ef-4b5f-8e23-25f6b1ecd081,CollaborativeSwarmSearch,False,none,0,ok
b402c906-05c8-4e6f-af1d-8a0e17a89b4a,CollaborativeSwarmSearch,False,none,0,ok
1dda1490-f564-46a2-aca3-bc734a362043,CollaborativeSwarmSearch,False,none,0,ok
e029b68c-f17c-4605-81ee-849eb40fa263,CollaborativeSwarmSearch,False,none,0,ok
a13b0129-800b-4684-a606-d9bf37f1bd36,CollaborativeSwarmSearch,False,none,0,ok
e74b48f7-36b3-4270-b601-afcbf8dbdde4,CollaborativeSwarmSearch,False,none,0,ok
6f4c337e-0fab-4f00-ac78-77aadc5c84cd,CollaborativeSwarmSearch,False,none,0,ok
ad0db622-c1de-4412-9a4c-2a229551fac6,CollaborativeSwarmSearch,False,none,0,ok
e182214d-bdda-4f21-a7bb-c716cce6bc14,CollaborativeSwarmSearch,False,none,0,ok
ca29fe0f-1a38-4f2b-826e-fe3be5e9b9b4,CollaborativeSwarmSearch,False,none,0,ok
bef72a34-d3a7-4b6b-adc3-2ad2f1875f93,CollaborativeSwarmSearch,False,none,0,ok
019bab2f-bf74-494d-870c-5030fd4c0ef9,CollaborativeSwarmSearch,False,none,0,ok
2ef7242f-05f1-400d-851a-1fb790fddb4a,CollaborativeSwarmSearch,False,none,0,ok
c7bb254f-2b3d-41b4-8982-0f9e60c0a326,CollaborativeSwarmSearch,False,none,0,ok
059755e8-8d51-44ed-ae1d-cf5cb591ba2c,CollaborativeSwarmSearch,False,none,0,ok
e4b853d4-0064-45bc-b334-b8ef80a30498,CollaborativeSwarmSearch,False,none,0,ok
a0543462-5a7e-4c70-b355-06b8ccd524f9,CollaborativeSwarmSearch,False,none,0,ok
8ed086ac-2933-473b-9474-c6de9f319783,CollaborativeSwarmSearch,False,none,0,ok
f13dffe3-396f-4db5-9824-b76e7efdf58d,CollaborativeSwarmSearch,False,none,0,ok
3c1e6e54-f8bd-4de3-88cc-b817b5c5c50c,CollaborativeSwarmSearch,False,none,0,ok
e70b2480-26da-4803-b8fd-ddb170374fd9,CollaborativeSwarmSearch,False,none,0,ok
e55ce106-20db-42e8-b3ab-4df0e85b5195,CollaborativeSwarmSearch,False,none,0,ok
d2e1aae6-0647-4b7d-b6aa-0aa5a326d4e4,CollaborativeSwarmSearch,False,none,0,ok
e089c0a1-fad1-4a32-8295-0c73cba48697,CollaborativeSwarmSearch,False,none,0,ok
9679910b-f67a-4c57-8ff9-4a3dbbc38bda,CollaborativeSwarmSearch,False,none,0,ok
fd16fb11-e088-4569-95e7-32251398abcf,CollaborativeSwarmSearch,False,none,0,ok
df211487-422a-4f98-a5de-018e923669dc,CollaborativeSwarmSearch,False,none,0,ok
c5f9b571-7135-4099-9c4d-6a145ebea2b4,CollaborativeSwarmSearch,False,none,0,ok
139f7308-337a-48c2-b6d6-559f251398ea,CollaborativeSwarmSearch,False,none,0,ok
c698669d-eab8-4741-8bf9-842830058c51,CollaborativeSwarmSearch,False,none,0,ok
46d1767b-f807-4676-94e5-025603d8440c,CollaborativeSwarmSearch,False,none,0,ok
597fe817-1dc0-42b7-99eb-b34497b35c5f,CollaborativeSwarmSearch,False,none,0,ok
9b5a5e97-bcc1-423a-8fe5-1cb5498a93ff,CollaborativeSwarmSearch,False,none,0,ok
a243596e-cf3e-4a66-8242-325a35449cd8,CollaborativeSwarmSearch,False,none,0,ok
e81bf684-fa81-4124-8fe3-a01ffe5c1263,CollaborativeSwarmSearch,False,none,0,ok
086f9f73-aa86-46ac-854f-56a9b06c34fe,CollaborativeSwarmSearch,False,none,0,ok
9c6e680e-3021-4a79-b43d-f813eb16bef7,CollaborativeSwarmSearch,False,none,0,ok
e384b876-e959-4961-abc1-211a3d54a562,CollaborativeSwarmSearch,False,none,0,ok
5c9b2e0c-bbf0-4883-ae95-72f08515d9fd,CollaborativeSwarmSearch,False,none,0,ok
6a25e669-8896-4a64-b625-564eaff86b9b,CollaborativeSwarmSearch,False,none,0,ok
fb57dbc1-36b4-4a36-97da-4e560fd822ef,CollaborativeSwarmSearch,False,none,0,ok
3a827b7e-8744-4ac0-bdf7-e78e385da528,CollaborativeSwarmSearch,False,none,0,ok
206083d4-5325-4e1e-ba37-94977894c864,CollaborativeSwarmSearch,False,none,0,ok
6b756e5a-8e50-45c1-adb2-7404a375ae4f,CollaborativeSwarmSearch,False,none,0,ok
65f98d84-2bc5-4923-b2d0-ad76874d4681,CollaborativeSwarmSearch,False,none,0,ok
6a955d94-32de-4d94-aaea-e446c5dc2f7a,CollaborativeSwarmSearch,False,none,0,ok
87bbcc82-46d0-454f-b015-df5259abfcd4,CollaborativeSwarmSearch,False,none,0,ok
cec6d92f-afeb-4bde-8281-7de745b21359,CollaborativeSwarmSearch,False,none,0,ok
c714b7e9-76f3-426d-acac-07deb7802cdf,CollaborativeSwarmSearch,False,none,0,ok
45ceb80d-999c-4b4b-8858-21f85e56ff91,CollaborativeSwarmSearch,False,none,0,ok
1fc19f5b-2bbd-4649-823d-6a8d10b04ad0,CollaborativeSwarmSearch,False,none,0,ok
8df5bec2-681b-4ded-9b97-24d19f31b88c,CollaborativeSwarmSearch,False,none,0,ok
082fa3fc-b6f4-485b-843a-e3e5c6a1c854,CollaborativeSwarmSearch,False,none,0,ok
aa432576-f29d-4177-8b11-709aef3bce33,CollaborativeSwarmSearch,False,none,0,ok
f99a5dec-a622-49bd-ab8a-30043d0466aa,CollaborativeSwarmSearch,False,none,0,ok
601ce281-f27a-459b-b266-c36722e078cc,CollaborativeSwarmSearch,False,none,0,ok
986f717b-33f5-4bd9-b135-d97683f48f09,CollaborativeSwarmSearch,False,none,0,ok
192c3e58-14bb-4b78-a027-394cd7d786ad,CollaborativeSwarmSearch,False,none,0,ok
4d770e22-acac-46ad-9b55-abd7184a64a8,CollaborativeSwarmSearch,False,none,0,ok
aae821ec-80c3-4446-8f11-fe04405200b0,CollaborativeSwarmSearch,False,none,0,ok
19e8005a-5522-44e1-a4c6-95ce62c53d08,CollaborativeSwarmSearch,False,none,0,ok
9918417e-a593-4e85-abcf-f391a816f11f,CollaborativeSwarmSearch,False,none,0,ok
2cac352f-360b-41dd-bb34-6ed9c45badc1,CollaborativeSwarmSearch,False,none,0,ok
4e38d0a0-a38e-4130-b9dc-198b93e9e929,CollaborativeSwarmSearch,False,none,0,ok
031330ec-4cbf-4877-baab-1ae38a9efe14,CollaborativeSwarmSearch,False,none,0,ok
70c08124-2391-40cf-8d76-a5f8cd7d0c10,CollaborativeSwarmSearch,False,none,0,ok
8ca05f0c-5a8c-42d9-b88d-b3ceae28f418,CollaborativeSwarmSearch,False,none,0,ok
d55342b1-d7fb-4841-a6e7-df378c6130dd,CollaborativeSwarmSearch,False,none,0,ok
19d43f72-ec8f-4a23-a061-898ecab04374,CollaborativeSwarmSearch,False,none,0,ok
0675b8f9-9aa2-44dc-b96c-28951e77eb59,CollaborativeSwarmSearch,False,none,0,ok
b34c8c7f-0c9a-42e4-b47f-8c1b9fe5f77c,CollaborativeSwarmSearch,False,none,0,ok
2c13d184-a02b-40f3-88f4-48dbb74b6d67,CollaborativeSwarmSearch,False,none,0,ok
8f26488f-1093-4ae3-b81b-ae85bb196e78,CollaborativeSwarmSearch,False,none,0,ok
8fec3063-252e-4758-90bf-1e7c06ed73e1,CollaborativeSwarmSearch,False,none,0,ok
d94a6bd9-39f8-4d33-a8d1-5725fecaa449,CollaborativeSwarmSearch,False,none,0,ok
cc636521-ba26-4fea-add4-a2d52f470297,CollaborativeSwarmSearch,False,none,0,ok
a1d472a5-c92b-4852-9678-df5da7611f38,CollaborativeSwarmSearch,False,none,0,ok
76c5c652-f97b-434b-a367-2b75d307cd63,CollaborativeSwarmSearch,False,none,0,ok
3780aace-c3fb-4a0e-be39-7cf364d42bfd,HybridPSO_DE,False,none,0,ok
2ebf2e6a-6b82-4a46-8069-5adcd53df392,HybridPSO_DE,False,none,0,ok
d5b2774d-7ecc-4ce5-8bc0-e38808dc37d9,CollaborativeSwarmSearch,False,none,0,ok
40cb0d83-7c2c-42cf-9900-9f670f1f602e,CollaborativeSwarmSearch,False,none,0,ok
772460c0-4536-4f38-9dff-19ea4f8c0fbb,CollaborativeSwarmSearch,False,none,0,ok
cb5f3fc7-6986-400a-88b9-699f19b2b438,CollaborativeSwarmSearch,False,none,0,ok
acb0efd9-c4c5-42a9-a4c8-b4d2d3994402,CollaborativeSwarmSearch,False,none,0,ok
61cc1040-0a9a-4b28-81fd-e54abe58650a,CollaborativeSwarmSearch,False,none,0,ok
80567531-5025-4320-baa1-73a123e38d4a,CollaborativeSwarmSearch,False,none,0,ok
b23a7c93-632c-4ef9-b7ea-091d974acf2e,CollaborativeSwarmSearch,False,none,0,ok
2d5e8f53-1d15-444e-b60d-88cb49408a01,CollaborativeSwarmSearch,False,none,0,ok
b69db86c-3e36-48c9-aa63-934b819572bf,CollaborativeSwarmSearch,False,none,0,ok
1b1e4a5f-c65a-4d08-89ea-5d70d23d31a1,HybridPSO_DE,False,none,0,ok
98dfafb0-b9b1-40a4-b35a-8e9ac9ce34c9,HybridPSO_DE,False,none,0,ok
ef5d1247-7693-46ee-9270-2eee8f6646da,HybridPSO_DE,False,none,0,ok
a2aa5911-3438-4b5a-ad6f-50e0a848554d,HybridPSO_DE,False,none,0,ok
65f48bf2-9771-4ccc-909b-2ff1da9b34ef,HybridPSO_DE,False,none,0,ok
c90b5e6d-a87b-48ec-80dd-4248a39bb0f0,HybridPSO_DE,False,none,0,ok
48050891-ecb3-486e-a656-1303ae2dd94b,HybridPSO_DE,False,none,0,ok
5effba22-9d38-4622-928f-255974b44768,HybridPSO_DE,False,none,0,ok
2c2c80f4-1381-406e-a92e-f54c9ea2dfb6,HybridPSO_DE,False,none,0,ok
eda8252f-22db-48a0-bb27-d4409d0bf3e6,HybridPSO_DE,False,none,0,ok
6094f493-9308-4dbf-b565-dd70a9b24c04,HybridPSO_DE,False,none,0,ok
48a3d0d1-d982-4ccf-aaa0-9120427c0c2a,HybridPSO_DE,False,none,0,ok
3f661715-c58d-4f6b-a75e-f57bb6ab9116,HybridPSO_DE,False,none,0,ok
ce6ecf9e-4efa-4b15-ab0c-4157711238d6,HybridPSO_DE,False,none,0,ok
d443b7e1-bc1a-40a3-b376-3b7de16ff774,HybridPSO_DE,False,none,0,ok
7500f3c0-25f8-401f-a672-649a0189258d,HybridPSO_DE,False,none,0,ok
79331a34-4e83-4945-8fb1-195e56768595,HybridPSO_DE,False,none,0,ok
7a7e033a-af00-4fbe-b556-9f25cc97718f,HybridPSO_DE,False,none,0,ok
1c227beb-0862-45d8-a9e9-ef3b038534dc,HybridPSO_DE,False,none,0,ok
21e7ee07-03bd-4b14-b97f-2ca1f474fa65,HybridPSO_DE,False,none,0,ok
33e5b281-3d4c-43a3-8c3d-4deb4fb37946,HybridPSO_DE,False,none,0,ok
49ec729e-8604-4cb7-b924-f97f4726efb4,HybridPSO_DE,False,none,0,ok
37535fdc-2329-4d46-85b2-3b79d5fa6888,HybridPSO_DE,False,none,0,ok
c7980326-b934-4840-afee-01e936f9688d,HybridPSO_DE,False,none,0,ok
1c6c5167-5aea-4079-84aa-c26a949d7209,HybridPSO_DE,False,none,0,ok
5d6d28b7-f14b-47c9-82cd-2bfa9eb2dfc6,HybridPSO_DE,False,none,0,ok
b8686272-89a5-400f-a5c3-ee66a030cf82,HybridPSO_DE,False,none,0,ok
9271e7a8-54b8-4777-b232-e6bc2f1fef5c,HybridPSO_DE,False,none,0,ok
85b14ed0-86fd-4478-8ee0-9c4f058faa12,HybridPSO_DE,False,none,0,ok
3704ed48-bafd-4cf6-8c1c-8adbc065657f,HybridPSO_DE,False,none,0,ok
81b5250c-340c-4866-8865-bc8921f767a0,HybridPSO_DE,False,none,0,ok
59a63354-28fd-4395-b065-05f2c2ca6de9,HybridPSO_DE,False,none,0,ok
cbd14ef0-f856-49df-8d98-c13ae3f295ea,HybridPSO_DE,False,none,0,ok
5daa1c04-c6ea-4992-9af9-293b7bafd43d,HybridPSO_DE,False,none,0,ok
63db6f79-8ca8-45ea-be78-98d3494cccff,HybridPSO_DE,False,none,0,ok
990a96f0-9a83-4467-9ee3-13c3e2af8fda,HybridPSO_DE,False,none,0,ok
c1846b49-eb44-4852-adfb-33ee40ed0836,HybridPSO_DE,False,none,0,ok
4c9239f3-9a97-4f47-9755-84af022ae237,HybridPSO_DE,False,none,0,ok
02565a5f-28cd-42df-8654-51b09838fe5d,HybridPSO_DE,False,none,0,ok
43b4f157-9e98-4e02-91c3-adfd784fdeda,HybridPSO_DE,False,none,0,ok
8a245a7b-65c1-4970-8e9c-28e1615e56e4,HybridPSO_DE,False,none,0,ok
4696dde5-5fd8-4d1f-b3b6-76fc67e37305,HybridPSO_DE,False,none,0,ok
e3bd2502-3a3a-45fa-8c05-b150455730f0,HybridPSO_DE,False,none,0,ok
59b5bf1f-2376-4bc0-a11f-5fa61e48b6cc,HybridPSO_DE,False,none,0,ok
382fab9d-be71-4b4d-9355-8b4314ac85d9,HybridPSO_DE,False,none,0,ok
0736c804-2ee6-4b9a-852b-991c45e50578,HybridPSO_DE,False,none,0,ok
560f334c-46b1-44a9-bcc3-f53634dfaaac,HybridPSO_DE,False,none,0,ok
b29d91e5-7d77-436a-857f-1e3dbde54bf1,HybridPSO_DE,False,none,0,ok
4d14bfa7-987b-481b-a9a4-6fa312d20698,HybridPSO_DE,False,none,0,ok
3ada0aef-9767-4556-838d-f57c6ce4950f,HybridPSO_DE,False,none,0,ok
421a5302-e0a8-4564-8220-7abb8df0543b,HybridPSO_DE,False,none,0,ok
8c61f198-ba63-4322-80f6-a92bbf1ae174,HybridPSO_DE,False,none,0,ok
1ff41c76-a775-4ca8-a7d9-fd06c4eefe92,HybridPSO_DE,False,none,0,ok
a28c3083-d29a-4a6d-b8f9-d9743908faf9,HybridPSO_DE,False,none,0,ok
217dcb42-c2ae-4df9-a1ce-5f2ff4b473db,HybridPSO_DE,False,none,0,ok
98c58f26-aa54-42db-b0bc-9d172e6f29a6,HybridPSO_DE,False,none,0,ok
7bda49cb-c794-4a9d-a5b4-12378aace2dc,HybridPSO_DE,False,none,0,ok
98d1d682-92cc-4965-a308-6c65d80c85c9,HybridPSO_DE,False,none,0,ok
eeee1402-d765-472e-97e3-43a5906ab859,HybridPSO_DE,False,none,0,ok
faa1bf41-240a-4aa1-b6ca-a8a01f62f478,HybridPSO_DE,False,none,0,ok
867884dc-7712-4317-a8ec-545ebc177740,HybridPSO_DE,False,none,0,ok
d040b7a7-bb61-4df0-8874-d24642826949,HybridPSO_DE,False,none,0,ok
e45ea119-f528-4771-ad16-3bf42327f9c2,HybridPSO_DE,False,none,0,ok
88df6203-92da-4074-8725-a1429cf4942c,HybridPSO_DE,False,none,0,ok
2bc87e5f-9706-4802-962a-94a335e43449,HybridPSO_DE,False,none,0,ok
ed274c32-336b-4d6f-9aa0-97fe15c6aafe,HybridPSO_DE,False,none,0,ok
8bc48135-c2c5-4e53-9ad9-aa94ff8071bb,HybridPSO_DE,False,none,0,ok
1c76afd6-9f6c-4002-8958-3042185455c7,HybridPSO_DE,False,none,0,ok
37c1a8c4-4201-4738-9528-3c09c1161e48,HybridPSO_DE,False,none,0,ok
bb3974ad-6654-4554-b621-ccba170d6d99,HybridPSO_DE,False,none,0,ok
e0ba07f7-1b62-4901-b247-852691c9b6b9,HybridPSO_DE,False,none,0,ok
ce960e74-c1ee-4a34-a259-25f3784bdd4e,HybridPSO_DE,False,none,0,ok
019012f8-80cc-4119-b23f-46d47e4ad6bf,HybridPSO_DE,False,none,0,ok
c7dea934-40d3-4580-a6c3-84b87ddc6549,HybridPSO_DE,False,none,0,ok
b61b4451-9b65-4848-af59-879b446b1e10,HybridPSO_DE,False,none,0,ok
cd4ec841-c558-4052-90bf-fcce8626e1c8,HybridPSO_DE,False,none,0,ok
4fe27401-26e3-42b7-972e-355cb4c542ca,HybridPSO_DE,False,none,0,ok
e880d745-213d-4ee1-ae32-c1fa5e0c187f,HybridPSO_DE,False,none,0,ok
066c2b6e-4f61-4a27-b5fe-0a82c9980f5a,HybridPSO_DE,False,none,0,ok
39a2ccfd-4dfd-4083-ba18-631dc7833ee0,HybridPSO_DE,False,none,0,ok
32b5258c-8a25-4d07-9c51-9b3e6543a1fd,HybridPSO_DE,False,none,0,ok
8b452778-f93a-43fa-8741-85eb1f4f716c,HybridPSO_DE,False,none,0,ok
a18e741d-95b2-4e0e-94bf-6b286d30a4a1,HybridPSO_DE,False,none,0,ok
a1faeca0-7149-4d90-8aab-124262fbc4b5,EnhancedChaoticDifferentialEvolution,True,Clusters,347,ok
b2689efd-32f0-485a-b949-5ed142d8bb0d,HybridPSO_DE,False,none,0,ok
19f6e0fa-f298-4c0b-8984-f4e70a5d7b99,HybridPSO_DE,False,none,0,ok
d7db80ea-7355-4695-99aa-3f7cca4230b5,HybridPSO_DE,False,none,0,ok
d8cfedbf-7dd7-4485-8ecd-1906ca872f4d,HybridPSOSA,False,none,0,ok
3fa42654-6ed0-46eb-b6f3-bf161a1e3664,QuantumAdaptiveSwarmOptimizer,False,none,0,ok
8db1d32e-ee7c-44af-acfe-e2f3de476e78,ChaoticAdaptiveSwarmOptimizer,False,none,0,ok
d386e5e1-8f11-4937-a600-d65da5e00535,DynamicPartitioningSwarmOptimizer,False,none,0,ok
b14c9020-b91e-4545-ad97-b63e0a07435d,HybridPSO_DE,False,none,0,ok
e9fe00a8-e1da-445e-87e6-1c3308e45594,HybridPSO_DE,False,none,0,ok
517971bf-1586-4e08-bdcd-9fed2f30a023,HybridPSO_DE,False,none,0,ok
ae7d957a-b4c1-4243-8847-60cd4469b6a6,HybridPSO_DE,False,none,0,ok
f3b0e2e0-dfd0-48c8-90d1-1a2bb48d47c1,HybridPSOSA,False,none,0,ok
154acd53-e187-4bc5-a776-2695172a8a5d,HybridPSOSA,False,none,0,ok
e5240468-ded8-44c0-9fa6-8fd54dea7067,HybridPSO_DE,False,none,0,ok
e00b98dd-9dfc-4948-bdc5-68bc0daa44e7,HybridPSO_DE,False,none,0,ok
8232bd21-2c9c-4643-a6ac-0bdad42eb8ce,HybridPSO_DE,False,none,0,ok
ab987d5f-fa1e-41f9-8e43-a9aeba196f73,HybridPSO_DE,False,none,0,ok
583dcd34-133f-4199-9a61-4860ae5eda1f,HybridPSO_DE,False,none,0,ok
57ec9a62-4323-4ae3-a4eb-0738d96916b1,AdaptiveMultimodalExplorer,False,none,0,ok
1ecf0ce3-8b0e-437e-8e55-b9e797e2a394,AdaptiveMultimodalExplorer,False,none,0,ok
abc591b5-bcbd-4bbe-8644-b4053022992b,ChaoticAdaptiveSwarmOptimizer,False,none,0,ok
98f6b578-8695-4722-9094-b307270c9ac4,ChaoticAdaptiveSwarmOptimizer,False,none,0,ok
58b25797-6eed-49bf-879d-8e44886fa8f7,EnhancedSwarmOptimizer,False,none,0,ok
dbf5295c-b988-465a-a465-cb5a72e6bb74,DynamicSwarmIntelligenceEnhancer,False,none,0,ok
f5b2c966-804a-4a3f-bbf6-6916b90fc24f,AdaptiveNeighborhoodExplorer,False,none,0,ok
e2c89de5-2b77-4d6e-869f-bf002bf3e9df,EnhancedAdaptiveMultimodalExplorer,False,none,0,ok
d0240387-35a1-4f47-815f-d5b7d12867e6,EnhancedDynamicSwarmOptimizer,False,none,0,ok
83611223-0da1-4a74-9d48-4d68e3db597e,EnhancedDynamicSwarmOptimizer,False,none,0,ok
d42d898b-8a6b-4b19-9ea3-fe02f42c5975,EnhancedDynamicSwarmOptimizer,False,none,0,ok
9faeff55-9aa5-4800-9739-d241995d72ec,EnhancedDynamicSwarmOptimizer,False,none,0,ok
6eb7ce34-e021-4955-910d-b1f0fac01945,HybridDynamicSwarmOptimizer,False,none,0,ok
9cc68000-095d-4e0e-817b-20ca23f039a1,EnhancedDynamicSwarmOptimizer,False,none,0,ok
aebb1db1-82c4-48da-bce8-8e28c1a55f59,EnhancedDynamicSwarmOptimizer,False,none,0,ok
df61bce6-8aad-4d5e-8c37-ae79947a00d4,AdaptiveDynamicSwarmOptimizer,False,none,0,ok
685238d2-55d1-4ff0-ac0e-7f471d535d7d,HybridDynamicPSO,False,none,0,ok
93078497-cb31-43c3-b81a-57a5266f121c,EnhancedAdaptiveMultimodalExplorer,False,none,0,ok
4b38fe37-1e0f-4d64-a8f2-450f65e0052b,EnhancedAdaptiveMultimodalExplorer,False,none,0,ok
93f13b27-d39e-4d9e-be49-1ef26ec6733e,HybridAdaptiveExplorer,False,none,0,ok
96c721ad-80a6-4031-9999-a548cd5235c9,EnhancedDynamicSwarmOptimizer,False,none,0,ok
888195c2-567f-4648-a683-64102ccbe423,EnhancedDynamicSwarmOptimizer,False,none,0,ok
b50b564f-8b09-4ad3-9baa-d95243536b49,AdaptiveSwarmOptimizer,False,none,0,ok
25e578f7-a2ef-4162-b073-f7958752c596,AdaptiveSwarmMutationOptimizer,False,none,0,ok
d3550c80-5b29-41eb-8d6b-3d26c73a58f8,AdaptiveMultiPhaseDynamicPSO,False,none,0,ok
d550f07c-0af6-4050-acf0-1fe78b663c68,AdaptiveMultiSwarmOptimizer,False,none,0,ok
540e8e44-0519-48a8-b999-a81a8335835d,EnhancedDynamicSwarmOptimizer,False,none,0,ok
42503b57-a5c5-46f7-9573-8d2e06d8d627,EnhancedDynamicSwarmOptimizer,False,none,0,ok
e69f0e85-1a00-42aa-9795-6c46c1f68efb,EnhancedDynamicSwarmOptimizer,False,none,0,ok
0625e277-a3d1-4274-9acd-90063e621f70,DynamicAdaptiveSwarmOptimizer,False,none,0,ok
cf25dd7a-83ff-437f-933a-e34b511b5966,EnhancedDynamicSwarmOptimizer,False,none,0,ok
72c7d49c-5a0c-4e40-951b-3738e93eff0a,EnhancedAdaptiveSwarmOptimizer,False,none,0,ok
81dc2457-4ad8-4590-953b-3a6f8b853156,EnhancedDynamicSwarmOptimizer,False,none,0,ok
802baac9-3c36-4dc3-851b-501bb74c3ccc,EnhancedDynamicSwarmOptimizer,False,none,0,ok
6d634eaa-4b46-4154-aca3-676f11b02b47,EnhancedDynamicSwarmOptimizer,False,none,0,ok
4ccf6ecb-d56a-4412-9fd3-1746c060eb97,AdaptivePhaseTransitionSwarmOptimizer,False,none,0,ok
a1dbabbb-fa9f-403f-9475-4a502b46b33b,EnhancedDynamicSwarmOptimizer,False,none,0,ok
4163596a-52e7-4f5b-a001-c49efd8a2878,RefinedDynamicSwarmOptimizer,False,none,0,ok
738703ca-e000-44b1-83eb-0238c52e18b9,EnhancedDynamicSwarmOptimizer,False,none,0,ok
ed37044d-58da-4e30-93bc-b5351ede27a2,EnhancedDynamicSwarmOptimizer,False,none,0,ok
06df8514-a54c-47b7-b2bb-17f0c7c51ea8,AdaptiveDynamicSwarmOptimizer,False,none,0,ok
98421e6b-9036-4502-ba78-3bd8da4cddee,AdaptiveLandscapeSwarmOptimizer,False,none,0,ok
bfe49788-1be2-4332-bec0-0b4d84da7513,EnhancedDynamicSwarmOptimizer,False,none,0,ok
d95e3672-5436-4b5e-9262-05ec813869cb,AdaptiveSwarmOptimizer,False,none,0,ok
493967ba-6bce-4b32-9f47-a47436cc7df4,EnhancedDynamicSwarmOptimizer,False,none,0,ok
79028a82-c88a-4da9-a068-3815f47bcb46,EnhancedDynamicSwarmOptimizer,False,none,0,ok
22f0ad84-787a-4b6c-8606-387415466154,EnhancedDynamicSwarmOptimizer,False,none,0,ok
6e57b185-867f-486d-8580-2fb65164b73c,EnhancedDynamicSwarmOptimizer,False,none,0,ok
fbc94d2e-e7ba-4c05-a5e7-93eaff028c35,EnhancedDynamicSwarmOptimizer,False,none,0,ok
113cb380-865a-422a-be30-3f82a87469e5,RefinedHybridPSO_DE,False,none,0,ok
4686322b-a62f-4af5-b98c-24a279fc1bfa,EnhancedHybridPSO_DE_Adaptive,False,none,0,ok
e95f227e-4100-402c-86bd-b186cf79e58e,AdaptiveDynamicSwarmOptimizer,False,none,0,ok
49b7292f-80db-4aac-a0fe-ee3173541573,EnhancedDynamicSwarmOptimizer,False,none,0,ok
29dd224f-5254-404f-a01d-b615cbb52452,EnhancedDynamicSwarmOptimizer,False,none,0,ok
57ca5004-47b5-4dcc-8b41-83e4d2eecf55,AdaptiveCompetitiveSwarmOptimizer,False,none,0,ok
5d9d579f-bf9c-4cb1-80b1-be420118f460,AdaptiveDynamicSwarmOptimizer,False,none,0,ok
5620805a-dc8b-44f2-bb60-3e2da67f71f5,AdaptiveChaoticSwarmOptimizer,False,none,0,ok
eccb78da-d04c-40f4-b6b3-3ce52096eb9c,EnhancedDynamicSwarmOptimizer,False,none,0,ok
37ba2798-dd2c-4f3f-8326-516a4bf01597,AdaptiveMemorySwarmOptimizer,False,none,0,ok
3ac62f7f-a0f8-4367-b4e1-c5cd752f7390,HybridAdaptiveSwarmOptimizer,False,none,0,ok
9232acad-74f4-4485-beaf-a022698caa8d,EnhancedDynamicSwarmOptimizer,False,none,0,ok
70105e3b-be63-4a42-90e1-7726baaa4a5b,EnhancedAdaptiveSwarmOptimizer,False,none,0,ok
df1a41ae-3e04-4a6f-92ff-4f6a6986c45b,DynamicSwarmOptimizer,False,none,0,ok
e7159f70-2922-4d78-bc3a-33b2a9af3d54,EnhancedDynamicSwarmOptimizer,False,none,0,ok
90921cdf-2d88-4db2-9941-7d61988359a1,EnhancedDynamicSwarmOptimizer,False,none,0,ok
e8785b46-9142-4bea-b0d7-c34ddcde7ad1,AdaptiveDynamicSwarmOptimizer,False,none,0,ok
eae6ab71-ddd3-44b3-8b33-00649e90ea87,HybridSwarmOptimizer,False,none,0,ok
944265a8-82ac-496b-a362-623ae06974bc,EnhancedDynamicSwarmOptimizer,False,none,0,ok
c909dca0-30a4-44e6-89b6-0b7b0b247e73,EnhancedDynamicSwarmOptimizer,False,none,0,ok
49f678e1-1986-4255-869a-92d162766bda,EnhancedDynamicSwarmOptimizer,False,none,0,ok
05c5affe-b928-4720-9447-6b022ba8aeee,RefinedDynamicSwarmOptimizer,False,none,0,ok
3f338156-d625-4f6f-be09-37d496fc7c04,EnhancedDynamicSwarmOptimizer,False,none,0,ok
b04b8f8d-6958-4687-bdbd-50d26381209b,EnhancedDynamicSwarmOptimizer,False,none,0,ok
5223aa83-2473-49cd-8d9f-971f06e68ff5,EnhancedDynamicSwarmOptimizer,False,none,0,ok
51f60aa8-6898-43bb-806e-ad17513da557,RefinedDynamicSwarmOptimizer,False,none,0,ok
83e6be81-db6a-4c3a-85e6-764e2fdc2209,EnhancedAdaptiveMultiPhaseSwarmOptimizer,True,Clusters,321,ok
dad073e4-eb88-4bf6-b662-a895dc491e21,DynamicSwarmOptimizer,True,Clusters,321,ok
04c36019-ff15-440f-9bd8-578053d5da97,AdaptiveMultiPhaseSwarmOptimizer,True,Clusters,321,ok
dcd022b6-5a51-41df-8ed5-23f250309c4c,AdvancedMultiSwarmHybridOptimizer,True,Clusters,346,ok
5588e7fc-835d-427f-b11f-90d8010fa1fd,DynamicSwarmOptimizer,True,Discretization,68,ok
019a68c8-712b-4754-aebe-265666589597,EnhancedDynamicSwarmOptimizer,False,none,0,ok
88883cf7-b70d-4b98-85af-b2629ce7a1f2,HybridSimulatedAnnealingPSO,True,Clusters,350,ok
e56a0725-10ba-443c-8a45-fbaedcfff87d,AdaptiveMultiPhaseSwarmOptimizer,True,Clusters,321,ok
416e5508-5141-448f-a7c4-c52d85fe2775,AdaptiveMultiPhaseSwarmOptimizer,True,Clusters,321,ok
92276eb8-d33a-4c24-b1a2-399350da2e59,EnhancedAdaptiveMultiPhaseSwarmOptimizer,True,Clusters,303,ok
8bb7071c-bf25-4db8-98a6-e707c146f115,AdaptiveMultiPhaseSwarmOptimizer,True,Clusters,321,ok
d48e8602-66b8-4026-9687-55360f8f375a,EnhancedDynamicPhaseTransitionSwarmOptimizer,True,Discretization,84,ok
577a103e-b017-4ebf-a2f9-53e692480710,DynamicPhaseTransitionSwarmOptimizer,True,Clusters,321,ok
3fd3081d-90f3-49cf-9e52-f58cfb1d6ce9,EnhancedDynamicPhaseTransitionSwarmOptimizer,True,Clusters,321,ok
e560caed-9a39-4a38-85e0-008a4bb10da7,DynamicPhaseTransitionSwarmOptimizer,True,Clusters,321,ok
ac80dce8-fe36-4b36-8421-95f1ffd6d6ba,DynamicPhaseTransitionSwarmOptimizer,True,Clusters,321,ok
f56b249b-13ba-4bba-9855-93a293d3d293,AdaptiveNeighborhoodSwarmOptimizer,True,Discretization,159,ok
6258355e-da5c-4b47-9e7b-a456a27877e1,DynamicPhaseTransitionSwarmOptimizer,True,Discretization,82,ok
353d3d71-9e97-47c0-8f25-59c190e89fad,EnhancedDynamicSwarmOptimizer,True,Discretization,49,ok
417c05b0-8768-4ae6-b978-628fe601f114,DynamicSwarmOptimizer,True,Discretization,88,ok
fb1d2f13-084d-4440-989d-ad8934c05ae7,DynamicSwarmOptimizer,True,Clusters,321,ok
475c683b-1e84-4a7a-bcba-25292092f93c,HybridSwarmTerrainOptimizer,True,Clusters,303,ok
2be28591-050c-49c3-ac5b-e7037d90fe47,AdaptiveMultiPhaseSwarmOptimizer,True,Clusters,321,ok
25b12e01-592b-4204-95e4-3ceb588a32ba,DynamicPhaseTransitionSwarmOptimizer,True,Discretization,63,ok
cb23f1b9-5b84-4369-bcc2-2af3cc572351,DynamicPhaseTransitionSwarmOptimizer,True,Clusters,321,ok
017d3981-4ed3-4a18-8c7c-1c294a299511,DynamicPhaseTransitionSwarmOptimizer,True,Clusters,321,ok
c1a19a83-0770-4a64-8cac-f687027a6912,DynamicPhaseTransitionSwarmOptimizer,True,Clusters,321,ok
802628c5-14ab-4caf-bf5f-95273f9bf512,DynamicPhaseTransitionSwarmOptimizer,True,Clusters,321,ok
7ad2ba5d-5020-4049-b1cb-1d07dd7ee354,DynamicPhaseTransitionSwarmOptimizer,True,Clusters,321,ok
29027062-05f8-438f-96e9-34721fe417d8,DynamicPhaseTransitionSwarmOptimizer,True,Clusters,321,ok
b725d528-6f34-4138-bc65-450864781d1c,AdaptiveMultiPhaseSwarmOptimizer,True,Clusters,321,ok
19d4c06d-4b48-46c5-8bcc-126d1c8c178e,EnhancedAdaptiveMultiPhaseSwarmOptimizer,True,Clusters,321,ok
ae0116b9-76c8-433a-8967-d497d280d6f1,AdaptiveClusteredSwarmOptimization,False,none,,ok
71c2579e-1dba-4603-8c6f-e711f0399a8f,EnhancedAdaptiveMultiPhaseSwarmOptimizer,True,Clusters,321,ok
171f47b0-192a-4c20-bb14-e73a8eb42df5,DynamicPhaseTransitionSwarmOptimizer,True,Clusters,320,ok
a1095e62-d534-4fb9-992d-8bb5c2bed5de,DynamicPhaseTransitionSwarmOptimizer,True,Clusters,321,ok
95a4e818-0334-45df-9bc4-c0b76a49e50a,AdaptiveMemorySwarmOptimizer,True,Clusters,321,ok
79eddee5-39ad-4528-9785-9b1707830076,DynamicPhaseTransitionSwarmOptimizer,True,Clusters,321,ok
c6966a71-d14b-4103-ad48-629bdca67348,EnhancedDynamicSwarmOptimizer,True,Clusters,321,ok
e4b0aac0-dce5-4122-969c-1b2543dd1d3c,EnhancedDynamicSwarmOptimizer,True,Clusters,321,ok
8f0ecaa2-da22-42f9-b495-7e2561b7c3f5,DynamicPhaseTransitionSwarmOptimizer,True,Clusters,321,ok
52de413c-7d38-4140-94c7-092e159afd2f,DynamicPhaseTransitionSwarmOptimizer,True,Clusters,321,ok
e5723cc1-999e-444a-97c0-e31c9236f59e,DynamicPhaseTransitionSwarmOptimizer,True,Clusters,321,ok
9181cad7-d931-41b6-a516-5f4bbc4c1792,DynamicPhaseTransitionSwarmOptimizer,True,Clusters,321,ok
33c3199a-39cc-42f3-9c45-c7630659b16d,EnhancedDynamicPhaseTransitionSwarmOptimizer,True,Clusters,321,ok
7a1e6e3a-598d-404e-8398-ca0810c1690b,DynamicPhaseTransitionSwarmOptimizer,True,Clusters,303,ok
5384b4db-5fcc-4748-b943-678e35c7bf93,DynamicPhaseTransitionSwarmOptimizer,True,Clusters,321,ok
4cb3d0e0-5846-4009-a492-cf3eb27dc621,DynamicPhaseTransitionSwarmOptimizer,True,Clusters,321,ok
8ebc51d9-2f73-4b8c-ae87-664e0c690f20,DynamicPhaseTransitionSwarmOptimizer,True,Clusters,321,ok
aadb3f24-0699-4a22-b7da-d42252d26bed,DynamicPhaseTransitionSwarmOptimizer,True,Clusters,321,ok
afd4a4ec-367a-4d3b-b6a3-a2cccbbc3081,AdaptiveVelocityDiversitySwarmOptimizer,True,Clusters,321,ok
50e496fd-98eb-45dd-be23-ffc9cefbc53e,DynamicPhaseTransitionSwarmOptimizer,True,Clusters,321,ok
7ecb3a45-e291-492b-bc92-402a0e3b2bd4,AdaptivePhaseTransitionSwarmOptimizer,True,Clusters,321,ok
02d36d02-87a4-4720-9d48-9fa54f3186ab,DynamicPhaseTransitionSwarmOptimizer,True,Clusters,321,ok
f406704c-bfd1-4045-9874-c4a3e3431c69,DynamicPhaseTransitionSwarmOptimizer,True,Clusters,321,ok
21de28f9-91d9-4679-8559-f44271b4fcec,DynamicPhaseTransitionSwarmOptimizer,True,Clusters,321,ok
f45241c6-244e-4ec7-a74e-4242784d14ee,DynamicPhaseTransitionSwarmOptimizer,True,Clusters,321,ok
196533d7-1d78-4947-ab04-90f3a13b0f75,DynamicPhaseTransitionSwarmOptimizer,True,Clusters,321,ok
4e2c1f95-9aad-4b44-89f4-215f407dae0b,DynamicPhaseTransitionSwarmOptimizer,True,Clusters,321,ok
b81a4fb9-dc11-4c28-8ad4-a1ac3ab76213,DynamicPhaseTransitionSwarmOptimizer,True,Clusters,321,ok
d99e6784-6fcb-4b75-8449-efa4c7e3b96a,DynamicPhaseTransitionSwarmOptimizer,True,Clusters,321,ok
1effaf5a-c1e6-4d58-ad70-2a8d8ff019aa,DynamicPhaseTransitionSwarmOptimizer,True,Clusters,321,ok
6d2be848-83fe-4dbd-a784-9df8cf1d199d,DynamicPhaseTransitionSwarmOptimizer,True,Clusters,321,ok
decdfa57-7ae8-405e-9c08-57a3313245c7,DynamicPhaseTransitionSwarmOptimizer,True,Clusters,321,ok
abc8e798-cda7-4dc6-8456-3612417a148a,DynamicPhaseTransitionSwarmOptimizer,True,Clusters,321,ok
1fa1d16a-8278-4695-9c39-e2a0d0eb259b,AdaptiveDynamicNeighborhoodSwarmOptimizer,True,Discretization,145,ok
592a9341-b478-46fb-9321-37a384736f1a,DynamicPhaseTransitionSwarmOptimizer,True,Clusters,303,ok
9aa74bbf-0b72-4d8c-96bc-35e7d3bee2d7,DynamicPhaseTransitionSwarmOptimizer,True,Clusters,321,ok
84535a68-37e2-462d-ad9e-347c08f51392,RefinedDynamicPhaseTransitionSwarmOptimizer,True,Clusters,321,ok
131ce475-5c95-41a9-b037-91b29dbe55d6,ImprovedHybridEvoPSO,False,none,0,ok
c8441018-1d6f-4788-89b4-e0c189a3b5c6,EnhancedSwarmAdaptiveDifferentialEvolution,True,Center,93,ok
39f75a5e-abc0-4028-979b-05a046d2ea08,DynamicPhaseTransitionSwarmOptimizer,True,Clusters,321,ok
24e5d42d-2084-48e5-ad9d-2f43364c3f0b,DynamicPhaseTransitionSwarmOptimizer,True,Clusters,321,ok
d8c7f2ce-a346-4719-b8f2-413dda8bf305,DynamicPhaseTransitionSwarmOptimizer,True,Clusters,321,ok
af6dc2ac-0a97-4cdc-9aea-a47a61a01c5b,DynamicPhaseTransitionSwarmOptimizer,True,Clusters,321,ok
1c0654a7-c2e1-46de-830e-3ae434ae785e,DynamicPhaseTransitionSwarmOptimizer,True,Clusters,321,ok
e25c6295-7fa6-43c1-8843-814ac9be6f2a,DynamicPhaseTransitionSwarmOptimizer,True,Clusters,321,ok
26961c6f-4edc-47dd-a46f-ac198921734b,DynamicPhaseTransitionSwarmOptimizer,True,Clusters,321,ok
c575fad4-6810-4621-ab9f-26ee6a17c221,ImprovedDynamicPhaseTransitionSwarmOptimizer,True,Clusters,321,ok
239b377f-4ca8-4e9a-8a4d-83195dd4e59a,DynamicPhaseTransitionSwarmOptimizer,True,Clusters,303,ok
24c8933e-b515-4385-ba58-f57796175690,DynamicPhaseTransitionSwarmOptimizer,True,Clusters,321,ok
42db5834-6845-4981-89cc-b1afbf567691,AdaptiveDiversitySwarmOptimizer,True,Discretization,57,ok
77a7b8c3-3aa7-475c-8d4e-6672fceafe3e,DynamicPhaseTransitionSwarmOptimizer,True,Clusters,321,ok
7312e6e4-64cf-4392-9221-eab3c127a421,DynamicPhaseTransitionSwarmOptimizer,True,Clusters,321,ok
ab797aab-9559-48d4-bc54-e2a8f8ead6b7,EnhancedDynamicEvoPSO,False,none,0,ok
3df63d4d-ef6c-49da-b288-1a9f712e1505,EnhancedDynamicEvoPSO,False,none,0,ok
2f7419ca-084b-465c-9ab3-7d013d6c52ac,EnhancedDynamicEvoPSO,False,none,0,ok
d1096668-61f0-4100-b267-98754f2807a7,EnhancedAdaptiveDifferentialEvolution,True,Clusters,185,ok
cd49c509-f7b0-4c84-aa4d-e75e5dbcb818,EnhancedAdaptiveDifferentialEvolutionQPSO,True,Center,91,ok
c9b91957-3351-42b5-9706-7f5e1784f9a7,AdaptiveDynamicEvoPSO,False,none,0,ok
ad598453-4b36-45ab-a137-722be10fe34d,AdaptiveDynamicEvoPSO,False,none,0,ok
c28886a8-a48c-4fe9-a70e-3b7c5fba3870,AdaptiveDynamicEvoPSO,False,none,0,ok
19837ddf-ca22-40ac-b0c8-808c81ad67dd,AdaptiveDynamicEvoPSO,False,none,0,ok
06688d99-3adc-4e47-be56-cb8a74429a5a,AdaptiveDynamicEvoPSO,False,none,0,ok
86674d06-9700-417f-8c88-447b66394744,EnhancedAdaptiveDynamicEvoPSO,False,none,0,ok
791eb34c-f293-45c8-9d9a-6e0a1b40198b,AdaptiveDynamicEvoPSO,False,none,0,ok
0e3dd58b-562c-46c7-8f36-0d8d8dc15cd8,EnhancedAdaptiveDynamicEvoPSO,False,none,0,ok
7fa315d0-6641-4b6b-8616-7aed5a6b838f,EnhancedAdaptiveDynamicEvoPSO,False,none,0,ok
547cb818-e287-437c-921b-961b98eb696f,AdaptiveDynamicEvoPSO,False,none,0,ok
2d5a39b6-759c-4826-929c-882ce0edfd71,EnhancedAdaptiveDynamicEvoPSO,False,none,0,ok
761f2007-6175-4be9-b6dd-90eff9f34c75,EnhancedDynamicEvoPSO,False,none,0,ok
b8acab32-bd23-4024-a1be-64f2a270cfab,AdaptiveDynamicEvoPSO,False,none,0,ok
9065a179-ab2f-4ab9-96ac-783f31d41159,AdaptiveDynamicEvoPSO,False,none,0,ok
3969f027-442b-4449-9a12-3d4487dbf4c6,EnhancedAdaptiveDynamicEvoPSO,False,none,0,ok
04a976c1-9c2d-4422-a52d-defe0ab21469,AdaptiveDynamicEvoPSO,False,none,0,ok
752a664a-16b7-4f60-9799-86005d2127f2,ImprovedAdaptiveDynamicEvoPSO,False,none,0,ok
927bb062-2b1c-4cec-8caf-2f43be810f48,AdaptiveDynamicEvoPSO,False,none,0,ok
8a4cfedd-6a88-4921-8c93-bce2e140edc7,AdaptiveDynamicEvoPSO,False,none,0,ok
dcf91060-8040-46ac-88b7-515d96b535bd,RefinedDynamicEvoPSO,False,none,0,ok
cd871705-4dde-4121-9e24-84e7186a261a,AdaptiveDynamicEvoPSO,False,none,0,ok
69cd5971-d5e1-467c-be39-e4aa51578c2d,AdaptiveDynamicEvoPSO,False,none,0,ok
0fe79b5b-91d5-46b4-864a-bd83506565ef,AdaptiveDynamicEvoPSO,False,none,0,ok
c5052936-3dba-42d3-892f-4b554532ec46,EnhancedAdaptiveDynamicEvoPSO,False,none,0,ok
00457828-5b02-43cb-b48c-ab42a25c068a,AdaptiveDynamicEvoPSO,False,none,0,ok
554e2abf-89f0-4330-9d7d-f36614e28f2a,AdaptiveDynamicEvoPSO,False,none,0,ok
7072b2e7-2667-4a7a-9ddd-c33f28f4aa04,SynergisticDynamicEvoPSO,False,none,0,ok
92779faf-380e-48f7-a375-0932bfdf0936,AdaptiveDynamicEvoPSO,False,none,0,ok
46cfcd92-1d26-45d6-a035-0f6deb3edb20,EnhancedDynamicEvoPSO,False,none,0,ok
eaf53ff0-a620-427c-8736-4c363c17161c,EnhancedAdaptiveDynamicEvoPSO,False,none,0,ok
65a577b8-4c05-4a37-bcb2-7dd75a7a8a9b,AdaptiveDynamicEvoPSO,False,none,0,ok
353b3b62-7f14-4707-a191-fe0f6d101446,AdaptiveChaoticEvoPSO,False,none,0,ok
bd05ab73-8ac1-4f66-b9c9-b2c3ce3d2c3a,EnhancedAdaptiveDynamicEvoPSO,False,none,0,ok
71b01757-847d-4eb9-9732-38e687e870d0,AdaptiveDynamicEvoPSO,False,none,0,ok
a07474f2-91cf-4167-ae5a-02169f76266e,EnhancedAdaptiveDEPSO,False,none,0,ok
9900fd00-ff90-4f8d-8b1c-31b54bb9aa36,AdaptiveDynamicEvoPSO,False,none,0,ok
bed0a195-92e5-42ab-92f7-5cfcf91dac6d,AdaptiveDynamicEvoPSO,False,none,0,ok
225e7bba-6731-4781-b37b-9c07c62cbd8f,EnhancedDynamicEvoPSO,False,none,0,ok
efd91bdf-7401-45c6-b17b-4ad4750e83a3,AdaptiveDynamicEvoPSO,False,none,0,ok
50a718bb-502c-4efb-a33c-948cb094cab3,HybridAdaptiveEvoPSO,False,none,0,ok
ad761863-58f8-40cb-a7e6-a8dc6a65e64c,AdaptiveDynamicEvoPSO,False,none,0,ok
8b4740a5-b585-4778-9187-e0dafbca5156,EnhancedAdaptiveDynamicEvoPSO,False,none,0,ok
28411540-e478-426a-875f-7539d7d20069,EnhancedAdaptiveEvoPSO,False,none,0,ok
69636af4-241f-4bd0-b02f-88664aa0bb0e,AdaptiveDynamicEvoPSO,False,none,0,ok
048fd0ba-cd25-4259-95dd-1f270efa3ef2,AdaptiveDynamicEvoPSO,False,none,0,ok
400b32a9-5bcc-40bf-ba61-c979a11dae43,AdaptiveDynamicEvoPSO,False,none,0,ok
26ff3ae3-3d7f-4d85-ba0e-78c971ff692d,AdaptiveDynamicEvoPSO,False,none,0,ok
d53edc2c-dfe2-4cc3-ae03-03ff645e550c,RefinedAdaptiveDynamicEvoPSO,False,none,0,ok
59697a16-3dbd-4c8d-8465-c982add0ba18,EnhancedDynamicEvoPSO,False,none,0,ok
af995b12-c52b-4d7b-8aa3-10740d50bbd1,EnhancedChaoticEvoPSO,False,none,0,ok
2939d402-660b-40db-a4e7-4ba473261692,EnhancedAdaptiveDynamicEvoPSO,False,none,0,ok
5b0d1459-51fb-4abe-b199-ce88ec6c7834,AdaptiveDynamicEvoPSO,False,none,0,ok
dc99086f-66af-4786-b08b-dc5d0e87aa92,EnhancedAdaptiveDynamicEvoPSO,False,none,0,ok
0abbf0f4-c27d-4483-8d33-5333167cced3,EnhancedAdaptiveDynamicEvoPSO,False,none,0,ok
30191f12-ba14-4850-866d-05881ac684db,Enhanced_ADE_PSO_PhasedHybrid,False,none,0,ok
c16305b2-3dc4-4cc6-ac7c-ba36b7a646b7,EnhancedAdaptiveDynamicEvoPSO,False,none,0,ok
185add82-fd67-4ce5-adda-c5b4689303b8,EnhancedAdaptiveDynamicEvoPSO,False,none,0,ok
569db75d-458f-47d0-b28b-63e793a058b3,HybridSwarmEvolutionPSO,True,Bounds,175,ok
86c85610-59ab-4eed-af4a-b368c002c470,AdaptiveDynamicEvoPSO,False,none,0,ok
710aa0b0-5087-4d41-b8d1-895be1a41d6e,RefinedAdaptiveDynamicEvoPSO,False,none,0,ok
ff752a47-1957-4da4-b7ca-32f27667c349,AdaptiveDynamicEvoPSO,False,none,0,ok
0c05cd5e-e584-4ad6-8e4f-130948255edb,EnhancedAdaptiveEvoPSO,False,none,0,ok
61d207ed-90b6-4bd5-9888-91aadae63e51,EnhancedEvoPSO,False,none,0,ok
c649e5db-2cfb-4537-890c-2bf6c046c154,ImprovedHybridPSODNFM,False,none,0,ok
0c39c7ab-50e4-437a-81f3-42250f59fb96,AdaptiveMemoryCoopPSO,True,Discretization,48,ok
3278989e-fe31-4eb5-bbce-ae03a510557e,HybridSwarmEvolutionPSO,True,Discretization,188,ok
02d52d89-1b5f-4d05-a274-5d7e632b065c,HybridSwarmEvolutionPSO,True,Discretization,107,ok
459157e1-4cf9-46fc-9969-9d74e30c7b95,AdaptiveMultiAgentHybrid,False,none,0,ok
a412ffb4-f6d2-4d0c-a8bf-64df9a7182d1,DynamicPhaseBasedSynergisticEvolution,False,none,0,ok
12d97f57-1957-4b2e-a908-54673162a31a,EnhancedAdaptiveSwarmOptimization,False,none,0,ok
2f52de1e-da0c-4d56-b3d8-37db4fe8acd9,EnhancedHybridPSODE,False,none,0,ok
c1d7ddef-0de8-4d6c-9e5c-77e9ec5d5152,AdaptiveChaoticParticleSwarm,False,none,0,ok
1bd3065e-6e83-4118-90f0-2b2f719bb7fb,EnhancedAdaptiveChaosPSO,True,Discretization,19,ok
6813be18-f779-4820-a51e-d2696a17c869,EnhancedAdaptiveChaosPSOWithLevyAndMutation,True,Discretization,20,ok
ecd312d9-f5cd-4d68-a9c6-23fd07748301,EnhancedLevyChaosPSO,True,Discretization,4,ok
c1645ebc-eaa4-446f-bbd0-0645291b3ca5,EnhancedLevyChaosPSO,True,Discretization,4,ok
b9f1da57-f31e-47a4-a140-e25584be442d,EnhancedLevyChaosPSO,True,Discretization,37,ok
6661a016-67db-4082-a694-89c265d04eeb,EnhancedLevyChaosPSO,True,Discretization,23,ok
ea502045-6e01-4a02-8631-6c2be68e77e7,EnhancedLevyChaosPSO,True,Discretization,23,ok
dcf57ddb-8f7d-4eaf-8475-05755063b46f,RefinedLevyChaosPSO,True,Bounds,67,ok
aa698bc5-5c9d-4232-90e7-df13663656e0,HybridSwarmEvolutionPSO,True,Clusters,176,ok
cb7e1a12-143c-41e7-94ae-242942090fb8,EnhancedHybridSwarmPSO,True,Discretization,133,ok
efaf338d-f573-41f8-9182-1747f9876ef0,EnhancedHybridSwarmPSO,True,Bounds,274,ok
b269aca1-9412-4e61-b952-93f2294fded8,HybridSwarmEvolutionPSO,True,Clusters,184,ok
4df97bb2-6643-4b28-9fb7-55cc9029acbf,AdaptiveMultiAgentHybrid,False,none,0,ok
82beb061-43f3-4dce-82ec-b503baf47f3d,AdaptiveMultiAgentHybrid,False,none,0,ok
0560eb68-5334-4fa7-b1e8-970ece9b5a95,RefinedAdaptiveMultiAgentHybrid,False,none,0,ok
bf84fe29-7ca3-40e9-af57-55adb5134c1a,AdaptiveMultiAgentHybrid,False,none,0,ok
41d716b4-4424-4a5c-b713-3fcb1bf55f98,RefinedAdaptiveHybrid,False,none,0,ok
710a4cc0-eaef-4301-80ea-e1eaad87890b,AdaptiveCooperativeSwarm,True,Discretization,33,ok
77d4d1ae-8210-460f-a251-07fa7a63810b,AdaptiveCooperativeSwarm,True,Discretization,34,ok
79372dff-a2ce-4ec6-9798-8c59309a6e98,AdaptiveCooperativeSwarm,True,Discretization,32,ok
79a32032-0055-46de-af4a-ed2226df8a73,EnhancedLevyFlightParticleSwarm,False,none,0,ok
cb0cf37e-6bdf-40f2-9363-7ce51fad7076,EnhancedLevyFlightParticleSwarm,False,none,0,ok
06ecd00b-7150-4847-8aba-9df180e644de,EnhancedLevyFlightParticleSwarm,False,none,0,ok
1c6eb748-87dd-499d-8698-95006d161240,EnhancedLevyFlightParticleSwarm,False,none,0,ok
3a955fc1-ee45-4bf4-8593-c481e5b645f0,EnhancedLevyFlightParticleSwarm,True,Bounds,23,ok
bec39632-d249-411c-85df-bfce70688edc,AdaptiveChaoticParticleSwarm,False,none,0,ok
95fc108d-512b-4fd0-8bf8-8e1cb65701aa,AdaptiveChaoticParticleSwarm,False,none,0,ok
86cc69ab-e296-4241-881a-b5b2c2949761,AdaptiveChaoticParticleSwarm,False,none,0,ok
29238daa-12ad-438e-b8f4-6d7ba3ab18b9,AdaptiveChaoticParticleSwarm,False,none,0,ok
8ea1b6cb-85ed-4ad0-9e90-cb7bc8b16cb4,EnhancedLevyFlightParticleSwarm,False,none,0,ok
c526834b-50f7-41c1-8a46-ea2a2e99cc00,EnhancedChaoticLevySwarm,True,Gaps,2,ok
2646b3e1-597a-4f8a-92ad-a535680e588b,EnhancedChaoticLevySwarm,True,Gaps,3,ok
2e4ad70e-0790-491d-982e-5180ab92c9a0,EnhancedChaoticLevySwarm,False,none,1,ok
52568970-a6b9-4ef4-ad9d-db9ab016b88b,EnhancedChaoticLevySwarm,True,Gaps,2,ok
7ad4216f-2795-4ce6-a40d-b21ec2e31067,EnhancedDiverseChaoticLevySwarm,True,Gaps,2,ok
7e9bc4cd-be5f-47d6-9800-f96c1c99c418,EnhancedChaoticLevySwarm,True,Gaps,8,ok
355890e0-2696-44ef-adcf-8f5263c25fe7,AdaptiveChaoticLevySwarm,False,none,2,ok
93d12a2a-0df8-495e-b957-40d34cf9b2df,EnhancedChaoticLevySwarm,False,none,0,ok
090d55f3-22c6-4bed-ae50-15302966117f,EnhancedAdaptiveLevySwarm,False,none,0,ok
56e087a2-47c6-40df-b24f-3537f3c3b555,EnhancedChaoticLevySwarm,False,none,0,ok
c9876f5d-69b8-40d5-9030-636b83ca5f0a,EnhancedChaoticLevySwarm,True,Gaps,3,ok
d4cd4ebc-ba9c-4f93-9cf5-e7b8deebe412,EnhancedChaoticLevySwarm,False,none,1,ok
0100990f-ae1f-43a0-8031-53a49a6e4329,AdaptiveChaoticLevySwarm,True,Gaps,2,ok
4fd048e8-93af-471a-8954-d90d9ab64a0c,EnhancedChaoticLevySwarm,False,none,,ok
eafdc66e-e9c6-4958-89d2-e63d2f850b68,EnhancedChaoticLevySwarmV2,True,Gaps,4,ok
be1aabf5-ffad-4fdb-92da-05b8bfaac356,EnhancedChaoticLevySwarm,False,none,3,ok
8186e194-37f9-4d66-8727-c1fa9f01dc6e,EnhancedChaoticLevySwarm,False,none,3,ok
e2800df3-ff19-49e1-a142-91fd32e637ce,MultiScaleDynamicSwarm,False,none,3,ok
d3422674-4480-4529-a1b2-d9bd7bbb0db0,EnhancedChaoticLevySwarm,False,none,3,ok
57ec6b8f-3d48-4395-931d-1be73025f256,MultiScaleDynamicSwarm,False,none,3,ok
a0003b5f-673b-4152-b5f8-cb12a4e4c1cc,EnhancedAdaptiveCooperativeSwarm,True,Gaps,12,ok
3e979832-6736-4a9f-891f-2f3aa4b19b6f,EnhancedAdaptiveCooperativeSwarm,True,Clusters,287,ok
707a9c3d-6978-4057-94a8-ff74f4944860,EnhancedAdaptiveCooperativeSwarm,True,Clusters,287,ok
4fcfb843-b6b5-4b9b-a4fd-c6c287f5d1f7,RefinedAdaptiveCooperativeSwarm,True,Clusters,315,ok
218489d5-a466-442b-a804-0b29b0bfa8a1,EnhancedAdaptiveCooperativeSwarm,True,Clusters,287,ok
ad9c1bda-7de0-48d4-b06f-a6788b05da57,AdaptiveCooperativeSwarm,True,Discretization,32,ok
65832578-4c62-4d6d-ab2f-af522b14a8ec,AdaptiveCooperativeSwarm,True,Discretization,32,ok
22356405-ec5b-42e3-b0c4-abfd2069268f,AdaptiveCooperativeSwarm,False,none,10,ok
021484e7-1e07-4906-8cc7-fb65621ece7d,AdaptiveCooperativeSwarm,True,Discretization,32,ok
079a8b27-3905-45ef-a7cf-12fba6f356b8,AdaptiveCooperativeSwarm,True,Discretization,32,ok
48ad72af-5f97-4fee-9633-334ad07a1ce5,EnhancedAdaptiveCooperativeSwarm,True,Clusters,287,ok
ceb040ce-08ea-4951-bbc3-b6a73d714b62,EnhancedAdaptiveCooperativeSwarm,True,Clusters,287,ok
a13a155b-6a65-41d1-92e4-d0319741b9cc,EnhancedAdaptiveCooperativeSwarm,True,Clusters,287,ok
0b9a6521-8870-4ba8-9fba-eecb4c2f607f,EnhancedAdaptiveCooperativeSwarm,True,Clusters,287,ok
d74d5ad2-861f-4045-9dc0-d7daee554833,RefinedAdaptiveCooperativeSwarm,True,Clusters,287,ok
22e24da2-5cd4-4913-8cc6-b37381e4b974,EnhancedAdaptiveCooperativeSwarmRefined,True,Clusters,287,ok
753f25ac-3963-441a-8486-71b37b5a2be6,EnhancedAdaptiveCooperativeSwarm,True,Clusters,292,ok
854a2d95-faf0-48d0-94a3-e0ffc4c3a3b3,EnhancedAdaptiveCooperativeSwarm,True,Clusters,287,ok
ef427a85-771f-4b89-88e7-814165d65b00,EnhancedAdaptiveCooperativeSwarm,True,Clusters,287,ok
fbe80ae7-6571-4f3c-85ea-03ec66f9ed24,AdaptiveSwarmWithDiversity,True,Clusters,287,ok
04446e9c-44b6-4ddf-ac89-53e59ee897b4,MultiModalAdaptiveSwarm,True,Clusters,287,ok
c02b1095-d0ea-42cd-b762-ca15bf7d0d9c,EnhancedAdaptiveCooperativeSwarm,True,Clusters,287,ok
b56f35f5-8c60-4ba2-a99c-807169bb61fc,EnhancedAdaptiveCooperativeSwarm,True,Clusters,287,ok
9b1abded-5acf-4532-bb81-7008bda4faa9,EnhancedAdaptiveCooperativeSwarm,True,Clusters,287,ok
626c3ac3-7e35-4192-a3df-a0bf2107c253,EnhancedAdaptiveCooperativeSwarm,True,Clusters,287,ok
335eafab-d130-4c07-8ec6-cb692027497e,EnhancedAdaptiveCooperativeSwarm,True,Clusters,287,ok
b3eb782a-09cb-4c64-85d8-71c274472005,EnhancedAdaptiveCooperativeSwarm,True,Clusters,287,ok
f97b375a-0bb9-4440-bbb7-fddef7fb193d,EnhancedMemorySwarm,True,Clusters,282,ok
b9efe929-09d9-43e6-a045-4ab3c5ab89f3,EnhancedMemorySwarm,True,Clusters,282,ok
c78e31f1-beb0-42d9-a9fd-8772e6289ffd,RefinedAdaptiveCooperativeSwarm,True,Clusters,287,ok
906f1a50-2da6-4555-aa19-50c862f77e74,QuantumAdaptiveCooperativeSwarm,True,Clusters,287,ok
a9ecb2e9-8dd5-401b-9680-1ed02510dad5,QuantumAdaptiveSwarm,False,none,0,ok
6c1f5043-9c6b-4cc0-8298-06bd9521d659,RefinedAdaptiveCooperativeSwarm,True,Clusters,287,ok
86815b69-4973-4012-9342-940ed8efae17,EnhancedAdaptiveMemorySwarm,True,Clusters,287,ok
85b2698a-d8ca-4830-a08f-0b29c2c3269e,EnhancedAdaptiveCooperativeSwarmPlus,True,Clusters,287,ok
179ca5df-ca80-4088-9e10-66bd7c5c4f32,AdaptiveMemorySwarm,True,Clusters,282,ok
ab1596af-ecfa-47f1-9843-35398c6cd962,EnhancedAdaptiveCooperativeSwarm,True,Clusters,287,ok
ee8bc08c-a463-4650-b084-334411a3d4f4,AdaptiveMemorySwarm,True,Clusters,282,ok
59fda245-d099-482a-80f1-dc40a27ade92,EnhancedMemorySwarm,True,Clusters,282,ok
e31e452e-1f9a-4622-bce4-60c898d70eba,DynamicEnhancedHybridDEPSO,False,none,0,ok
17c02cb7-aec8-47e5-a8c7-4a5808a4ca03,EnhancedMemorySwarm,True,Clusters,282,ok
a810b668-8865-46f5-8041-70f4beabf653,EnhancedMemorySwarm,True,Clusters,282,ok
febbdf85-239d-494f-b69e-800e283d6aff,EnhancedMemorySwarm,True,Clusters,279,ok
d5f7f35c-bea7-4cc2-ba3d-f16991b37b30,EnhancedHybridDEPSO,False,none,0,ok
d87af5ac-b70e-445d-9c88-872a80c5ea54,RefinedEnhancedHybridDEPSO,False,none,0,ok
339701b5-bc4a-495b-8523-c05e7d47128e,EnhancedSwarmOptimizer,True,Clusters,282,ok
2a5c9fed-1b09-4712-b274-77621cccdd90,EnhancedMemorySwarm,True,Clusters,279,ok
9354b24a-2fde-480d-8eef-c92cce1b0f34,EnhancedMemorySwarm,True,Clusters,282,ok
cfc43fd3-6682-4e6b-9f7c-2599207c336f,EnhancedMemorySwarm,True,Clusters,282,ok
f5f42bcc-c81a-4b56-b370-5a41c29fdd80,EnhancedMemorySwarm,True,Clusters,279,ok
1edbd83d-b1e0-4850-9f65-70fe00a654c7,EnhancedMemorySwarm,True,Clusters,282,ok
19191e61-b9f7-4b1d-b1cb-537dcf95a121,EnhancedMemorySwarm,True,Clusters,282,ok
ca6ba3e9-8ad0-426d-b16d-6b79150a2d8e,EnhancedMemorySwarm,True,Clusters,282,ok
b2684668-2269-44f4-8a9d-c6c9f4c88aa8,EnhancedMemorySwarm,True,Clusters,282,ok
6e7e7e6d-e863-47e9-97e0-5f06414bae01,EnhancedMemorySwarm,True,Clusters,282,ok
5d454166-0ab8-4915-9a29-61bbe6c568e9,EnhancedHybridDEPSO,False,none,0,ok
7aaaf356-7a66-429f-905f-de4906fd84ab,EnhancedHybridDEPSO,False,none,0,ok
d7242076-1d72-4d33-9eb8-5f5eb54d14ff,EnhancedHybridDEPSO,False,none,0,ok
8aeddd81-450b-4eec-a569-5b4f4b428e93,EnhancedHybridDEPSO,False,none,0,ok
ae570bf6-963d-49af-b734-2102557af24d,EnhancedHybridDEPSO,False,none,0,ok
2ed1deab-8be5-4ea8-911f-3b554377f753,EnhancedHybridDEPSO,False,none,0,ok
43065f59-c128-4f85-b6c6-cd34867ba9c6,EnhancedHybridDEPSO,False,none,0,ok
5c01e1e8-7ebb-4adb-8c8b-cdc46f066722,AdaptiveEliteDEPSO,False,none,0,ok
f8c99f97-f18f-4378-bbf6-0901cb7baf2a,EnhancedHybridDEPSO,False,none,0,ok
32d04bea-9309-41d4-a748-1452ddccecbe,EnhancedHybridDEPSO,False,none,0,ok
0e0f4f50-7b01-44a7-bc7e-e879ac488651,EnhancedHybridDEPSO,False,none,0,ok
c236833b-87b5-4e23-b173-d36edfc641c6,EnhancedMemorySwarm,True,Clusters,274,ok
c021124d-afe2-4a8d-aad7-753ee8a30d2b,EnhancedAdaptiveDEPSO,False,none,0,ok
8603e5fb-1ccd-49ce-b1a9-f5b4b03c481b,EnhancedHybridDEPSO,False,none,0,ok
c7e3f824-905f-43ca-8bcd-f0daacbbb373,EnhancedHybridDEPSO,False,none,0,ok
2b65d952-ed31-4b60-8680-078988c52631,EnhancedAdaptiveDEPSO,False,none,0,ok
a8359fc3-6df8-4957-bf11-8f00741a62b7,EnhancedHybridDEPSO,False,none,0,ok
237a79f8-a2c6-4f8f-8737-bf3e44f6f78e,EnhancedHybridDEPSO,False,none,0,ok
844218e2-95df-4b09-babe-043136d54859,EnhancedHybridDEPSO,False,none,0,ok
75f1751e-de64-407b-ba87-0d6b82a11b36,EnhancedHybridDEPSOAdaptive,False,none,0,ok
48862137-014f-4dd9-b657-bf781512ef0d,EnhancedHybridDEPSO,False,none,0,ok
906d7949-dfa1-43c1-8104-3d0c2e7d0c79,EnhancedHybridDEPSO,False,none,0,ok
0100a9c6-8311-4c49-ade4-dc0025952c9e,EnhancedHybridDEPSO,False,none,0,ok
a1c5eb21-8667-46be-bc58-5a14be058f0a,RefinedHybridDEPSO,False,none,0,ok
d58d71bb-d77c-4f76-a042-aefdcc6a8e31,EnhancedHybridDEPSO,False,none,0,ok
d1f1b386-3cc5-43f6-aa74-29a7a5d8cf54,EnhancedHybridDEPSO,False,none,0,ok
659c069b-e895-45a3-b419-63a7dcc5a36e,EnhancedHybridDEPSO,False,none,0,ok
16bc2b6f-7c45-4588-be67-0a161643bd3c,EnhancedHybridDEPSO,False,none,0,ok
6b7ae5e1-a4cb-43cf-9162-d7b5a92e93c2,EnhancedHybridDEPSO,False,none,0,ok
9ba0fab6-dbb9-4208-ab41-db4b5fe3da89,RefinedHybridDEPSO,False,none,0,ok
ef459fa7-7eac-44a9-8a99-aef696872ca2,EnhancedHybridDEPSO,True,Discretization,126,ok
524c9a3d-8dd2-41a0-9d79-4e7e5ba009bb,RefinedHybridDEPSO,False,none,0,ok
323c3365-51d2-4d33-92ac-8f0e200d9e67,EnhancedHybridDEPSO,False,none,0,ok
4610abef-5a94-4371-99b2-25f8eb355323,EnhancedHybridDEPSO,False,none,0,ok
0ba8f4fe-28f0-4123-b511-fc30342f2369,RefinedHybridDEPSO,False,none,0,ok
1faeba01-1243-484a-9675-f872d3ab0658,EnhancedHybridDEPSO,False,none,0,ok
7c61272b-0cd0-4d9b-8cd6-37ccf3a9fa15,RefinedEnhancedHybridDEPSO,False,none,0,ok
2f957173-7811-42d2-9be9-93504fe78b2d,EnhancedHybridPSO_DE,False,none,0,ok
40ab96f9-66f6-40e4-89e0-f2ea12584db0,EnhancedHybridPSO_DE,False,none,0,ok
b98b4e65-c5e1-477d-8f55-0199e5aa5fdd,EnhancedHybridDEPSO,False,none,0,ok
1a8bfefa-eb8d-4f2b-bd91-85f8eed1c211,EnhancedHybridDEPSO,False,none,0,ok
360dc494-41ef-4ea5-a5a4-5f6494412ff5,EnhancedHybridDEPSO_V2,False,none,0,ok
f2a94102-187c-4363-a90b-ed805da8787f,EnhancedHybridDEPSO,False,none,0,ok
8c36a6bf-9ce3-4b69-bb86-63cc92371092,EnhancedHybridDEPSO_v2,False,none,0,ok
a8bfd37c-df50-4e06-909a-f156d96fee3b,EnhancedHybridDEPSO,False,none,0,ok
420c2f1c-fbd4-4f9d-b103-c5ae47ca7d6e,OptimizedEliteDEPSO,False,none,0,ok
003bcd0a-c451-43a1-bd1e-77851ceeba0f,EnhancedHybridDEPSO,False,none,0,ok
c5aa0956-2e9f-44c2-a97c-57235f08b69e,EnhancedHybridDEPSO,False,none,0,ok
401d4843-efd9-4b2e-877d-452a497ef4a1,EnhancedHybridPSO_DE,False,none,0,ok
25419f63-9c55-449d-a1a1-09d9df2bb88f,EnhancedHybridPSO_DE,False,none,0,ok
4f55b173-63a9-4b65-a906-332a86d9dff0,EnhancedHybridDEPSO,True,Discretization,94,ok
b7ed66a9-ef22-4407-90b9-4231b8c35455,EnhancedHybridDEPSO,False,none,0,ok
0f322327-526f-42e1-ac30-e4e662e41765,EnhancedHybridDEPSO,False,none,0,ok
2085eb34-7059-49b5-bd0a-94f142a97bc7,EnhancedHybridDEPSO,False,none,0,ok
350583cf-6dcb-4879-960a-89a2b9224433,SwarmInspiredDifferentialEvolution,False,none,0,ok
1ab81cd7-9804-462a-9f9b-4c0e0073eb7e,RefinedSwarmDifferentialEvolution,False,none,0,ok
cc5e4256-7c28-4780-b23f-19c651d835b1,RefinedHybridDEPSO,False,none,0,ok
279bdea2-a62b-46a5-9a33-8a437cd3d712,EnhancedHybridDEPSO,False,none,0,ok
a58c1c8d-ee5f-402c-aecf-3c44e22ab647,EnhancedHybridDEPSO,False,none,0,ok
f2fdf326-33bc-40d4-995e-fa74afc4e1d5,EnhancedHybridDEPSO,False,none,0,ok
f32631c7-bd7f-4916-b11a-e077bdfa387c,EnhancedMemoryAdaptiveDEPSO,False,none,0,ok
86fbc8f0-fb82-4029-a3ff-376b97899cdf,EnhancedSwarmInspiredDifferentialEvolution,False,none,0,ok
ac8c36bf-82d7-45ee-a351-8a2786e97be9,EnhancedHybridPSO_DE,False,none,0,ok
7b3d8abe-6c1b-408d-951c-68ebdd3c33ce,EnhancedHybridPSO_DE,False,none,0,ok
913276ae-417d-42d1-83f5-b6eeaafbfdb4,EnhancedHybridPSO_DE,False,none,0,ok
5198e14c-8ef7-4693-8775-1360a8571f12,EnhancedHybridPSO_DE,False,none,0,ok
867478f4-36c5-4be3-a733-c4be7faedbaf,EnhancedHybridPSO_DE,False,none,0,ok
8b7c9eed-d4c5-4358-8f65-3d8b7493f8b3,EnhancedHybridPSO_DE,False,none,0,ok
bc0f8e88-110c-41bc-b592-aef3db47bca1,EnhancedSwarmDifferentialEvolution,False,none,0,ok
d15deb4b-8646-412f-b8d1-77c545156248,EnhancedSwarmInspiredDifferentialEvolution,False,none,0,ok
2b62ad14-fb87-4854-8417-9b4dbd1a550f,HybridPSO_DE,False,none,0,ok
f76e5f01-42b5-4f89-b5fd-dc216abf74bc,EnhancedSwarmInspiredDifferentialEvolution,False,none,0,ok
7882915e-a4e0-414b-a57c-3254212fe5c1,EnhancedHybridPSO_DE,False,none,0,ok
2cafa20e-ca63-44cb-a943-02e61a157ac4,HybridDEPSO,True,Discretization,97,ok
87b0399b-b2a8-4f91-bb25-775e45492bd9,EnhancedHybridDEPSO,True,Discretization,98,ok
4d759b64-c4d8-45cd-8c7c-af188a7c17f3,EnhancedDEPSO,True,Discretization,85,ok
b7071c2a-57c2-4638-8628-fcc33783ddc4,EnhancedMemoryAdaptiveDEPSO,True,Discretization,90,ok
03f2ca33-4c22-4a5f-8a28-31481fdff0f2,EnhancedHybridMetaheuristic,False,none,0,ok
98f828d8-026a-4357-a7f0-a40f0f22ef07,AdaptiveMultiStrategyMetaheuristic,True,Discretization,155,ok
adc99f97-5041-4708-81bc-c968096b93fa,QuantumChaosDEPSO,True,Clusters,295,ok
e875b16b-0547-460f-8605-352d4081e02f,EnhancedHybridDEPSO,True,Discretization,87,ok
15eaa2bc-9065-4ddc-a31a-1d557d201fa3,EnhancedHybridMetaheuristic,False,none,0,ok
ca01390f-08e3-47b9-9837-f528c1983e99,EnhancedHybridMetaheuristic,False,none,0,ok
83b2ecdd-aaa8-4854-b47e-4cd73f9f9ffe,EnhancedAdaptivePSO,False,none,0,ok
9566f090-726d-4387-9774-a63dc572ba5d,EnhancedQuantumAdaptivePSO,False,none,0,ok
8e98ae40-7828-4512-973d-b4d7eacf803f,APSO,True,Bounds,233,ok
abf25c6f-9bf6-4c0a-9667-c0dd308d6fb2,RefinedAdaptivePSO,False,none,0,ok
ade6b6ba-c4bf-4a8e-87ff-794f522b5ecc,EnhancedAdaptivePSO,False,none,0,ok
c0410baa-d71c-44e9-9872-f00389914558,AdaptiveHybridMetaheuristic,False,none,0,ok
143156d5-2908-42fc-9a4b-d87f4be40bcc,EnhancedHybridMetaheuristic,False,none,0,ok
9154bc01-e9f5-42d2-8154-953c03a3ad38,EnhancedHybridMetaheuristic,False,none,0,ok
6a4cc70f-aa3e-4c01-90cb-4a5ef109ac29,AdaptiveMultiPopulationMetaheuristic,False,none,0,ok
d74a6449-9d83-4f02-9316-99119b731541,EnhancedHybridMetaheuristic,False,none,0,ok
9dacdd1b-c132-4ba9-ac5a-7f1b2057275c,AdaptivePSO,False,none,0,ok
3b995755-9b6a-4429-9b0b-49e46d084716,AdaptivePSO,False,none,0,ok
a62833fe-9788-443f-bfae-eded91790236,AdaptivePSO,False,none,0,ok
ea82b84a-95ca-49ec-9327-4fcf7d8a25b2,QuantumInspiredAPSO,True,Clusters,314,ok
ad4b0399-f97b-4efc-a086-386d7eb8845d,DynamicAdaptiveCompetitiveAPSO,True,Discretization,100,ok
d63232b8-47c1-4b46-9602-98595aef0475,AdaptivePSO,False,none,0,ok
1e4f009c-7512-432b-9a30-57dd5448e47d,AdaptivePSO,False,none,0,ok
c374da5f-33ad-4e17-9921-2fe7afb0a390,EnhancedAdaptivePSO,False,none,0,ok
039a6f04-638d-40d4-9c14-f6a1250b3666,HybridAdaptivePSO_DE,False,none,0,ok
fcb6c00c-2d15-4f52-b2e1-3e7876ac44a1,SelfAdaptivePSO,False,none,0,ok
11f9b11a-a374-4693-8b6e-904634741552,EnhancedAdaptivePSO,False,none,0,ok
1ed965ea-8c36-4031-9302-99daae59fc22,EnhancedAdaptivePSO,False,none,0,ok
3b30c471-fad1-4710-a9e5-09c2e6db7bc1,EnhancedAdaptivePSO,False,none,0,ok
2decc9e9-23a7-421d-8f1f-34bd17aae8d4,EnhancedAdaptivePSO,False,none,0,ok
4b360fab-161c-4ff4-a55c-aa7984681010,DiversifiedAdaptivePSO,False,none,0,ok
027de75f-54af-4387-bda8-e1496ce4caa4,APSO,True,Discretization,105,ok
d6522e14-f0f8-4272-a00e-be7129941e9a,EnhancedAPSO,True,Clusters,287,ok
ec87c00a-9817-4bf1-8354-480ad194962e,HybridAPSOLevy,True,Clusters,288,ok
4bf0d123-1e47-442e-acf4-6970c5c0b9bf,EnhancedAPSO,True,Clusters,287,ok
51546594-467e-4ae3-991a-c3722774d2f8,EnhancedAPSO,True,Clusters,286,ok
130e8d81-2830-489e-9f25-4ec8b664de5d,AdaptiveAPSO,False,none,0,ok
0fa951aa-d24d-4027-a75c-7f102de126c2,QuantumAPSO,True,Bounds,275,ok
79211657-5ba6-4062-909f-88460cca070d,EnhancedAPSORefined,True,Discretization,15,ok
dbbd74b2-47e4-4b8a-a8aa-7c4c29087564,EnhancedAPSO,True,Clusters,288,ok
f96f2d03-0aca-460c-a822-29de546e1a64,EnhancedAPSO,True,Discretization,41,ok
499092a4-b05c-49c4-955e-5dcb9d69bc75,AdaptiveEnhancedAPSO,True,Clusters,288,ok
7e36c4ac-c1f9-479f-a60e-a62bdac545ee,AdaptiveEnhancedAPSO,True,Clusters,287,ok
7ee03d1e-c570-43eb-9cc5-c6689752ff40,AdaptiveEnhancedAPSO,True,Discretization,270,ok
0202109d-58c4-4143-a876-16875c2c13cc,EnhancedAdaptiveAPSO,True,Discretization,270,ok
d49c69a5-1f62-4a5f-aa2f-c63ce8d5ff63,AdaptiveEnhancedAPSO,True,Discretization,271,ok
3f8a94c1-e69a-4be4-b330-a15a19e7ee5c,EnhancedAdaptiveAPSO,True,Discretization,270,ok
92e45894-dfc4-4450-926f-e3080d990189,AdaptiveEnhancedAPSO,True,Discretization,32,ok
462c7709-4d71-475b-bc7c-ef7227f10e44,DynamicAdaptiveAPSO,True,Discretization,33,ok
d7287622-b7a3-41ed-aa9d-6fddc19be3e8,EnhancedDynamicAPSO,True,Discretization,270,ok
8a2293ea-78ed-42cb-8477-704601600ae2,AdaptiveEnhancedAPSO,True,Discretization,270,ok
ad3eaeab-3108-4fa9-b0f9-d9d41a46fca0,EnhancedSynergisticPSO,True,Discretization,73,ok
81334c7e-ba54-4169-9c23-5571b6124270,RefinedEnhancedSynergisticPSO,True,Discretization,72,ok
acdaeba3-ab00-422a-a19e-abdc21c4238b,HyperAdaptiveDynamicCompetitivePSO,True,Discretization,84,ok
167b3183-e188-4513-bc23-e782322b1822,HyperAdaptiveDynamicCompetitivePSO,True,Discretization,84,ok
6edac0e0-f711-4e49-b697-db1e7eb4701b,SynergisticAdaptiveCooperativePSO,True,Discretization,83,ok
9724d839-ee4d-44f3-85fe-c381241ccb4d,SynergisticAdaptiveCooperativePSO,True,Discretization,111,ok
84a2309d-1b85-4992-b6b2-9b901f45620a,EnhancedSynergisticPSO,True,Discretization,72,ok
15244d16-deaa-4dab-9831-985fed608b54,EnhancedSynergisticPSO,True,Discretization,49,ok
dc25f3fd-aa3a-4128-8c33-8017005d2324,AdaptiveSubswarmPSO,True,Clusters,191,ok
423342a9-9eda-483a-af03-dc4ee2ec3055,QuantumInspiredAdaptiveHybridPSODE_ABC,False,none,0,ok
12009570-7d74-4678-9014-90f074c2f29b,EnhancedSynergisticPSO,True,Clusters,104,ok
b5906321-7d85-4d32-9f8d-ed592389a7d4,EnhancedDynamicAdaptiveCompetitiveAPSO,True,Discretization,101,ok
05154fd6-1437-49f6-acfe-0ccdd4580eaa,HyperAdaptiveDynamicCompetitivePSO,True,Discretization,82,ok
3bb3a080-f9ae-4378-9494-0b77e1f5d333,HyperAdaptiveDynamicCompetitivePSO,True,Discretization,83,ok
97581786-7e06-413c-85f2-a344260dc387,EnhancedAdaptiveDynamicCompetitivePSO,True,Discretization,83,ok
39e2b765-399a-4d70-a1a7-48ba253b9465,EnhancedHybridDifferentialEvolutionPSO,True,Discretization,89,ok
1d09b879-1b75-498c-9b83-6126cef5dd67,EnhancedHybridDEPSO,True,Discretization,86,ok
530c9c34-9189-4cff-9123-dc49bb89ce98,HyperAdaptiveDynamicCompetitivePSO,True,Discretization,83,ok
07c4140c-44dc-41bf-8b22-dbb24131f294,HyperAdaptiveDynamicCompetitivePSO,True,Discretization,83,ok
603b75c8-4f41-48d9-aec9-cf0fd51a8d1a,HyperAdaptiveDynamicCompetitivePSO,True,Discretization,82,ok
866630d9-8d55-4ce2-89d1-9a21483fb7c5,HyperAdaptiveDynamicCompetitivePSO,True,Discretization,83,ok
fa3658af-5785-4e23-8779-3d4b48472a4e,HyperAdaptiveDynamicCompetitivePSO,True,Discretization,106,ok
d77a1f6a-11c8-41ec-b830-8bdc6195623b,EnhancedHybridDEPSO,True,Discretization,71,ok
3d715410-8284-4699-9640-30eb05984b83,HybridDifferentialEvolutionPSO,True,Discretization,78,ok
f6f5e533-8f46-41a5-8d96-945160ee0865,NAPSO,False,none,0,ok
d0f37ebf-de28-43af-8952-6ed0edda3c6a,NAPSO,False,none,0,ok
3b1f4fd9-a6a0-43b5-a5b2-4f1e712c4f40,NAPSO,False,none,0,ok
bdfa4aa7-20b5-42e2-82c7-ea5a50d28060,EnhancedHybridDEPSO,True,Discretization,78,ok
569ef702-99fd-4b97-a4b2-cd154be785f9,EnhancedAdaptiveDEPSOPlus,True,Discretization,76,ok
1b554501-4d3d-404a-9408-2ce4812d2ade,EnhancedHybridDEPSO,True,Discretization,79,ok
7011c1c5-fec8-47f2-8522-0b48c4b34159,RefinedHybridDifferentialEvolutionPSO,True,Discretization,76,ok
880c24e5-2471-49a7-bd4e-960bbb5a592e,ImprovedHybridDifferentialEvolutionPSO,True,Discretization,71,ok
ad217d3c-e606-47d9-af5f-59bae16ef25c,ImprovedHybridDifferentialEvolutionPSO,True,Discretization,87,ok
357ae491-a0bd-4c12-83a1-d44ee7be5a31,EnhancedHybridDifferentialEvolutionPSO,True,Discretization,87,ok
65a2d032-b7a3-4f85-bd83-6da92b37f49f,ImprovedHybridDifferentialEvolutionPSO,True,Discretization,72,ok
99aa9c6b-d36a-4c4e-a4b2-cb2cf5d963c1,NAPSO,False,none,0,ok
961ead95-764b-4159-b66e-455ad35d8b1a,NAPSO,False,none,0,ok
1e2d88c7-c20d-4808-8d81-0d13df332838,NAPSO,False,none,0,ok
3b4adabe-a19e-4ff6-ac21-b86cde2a7ea1,NAPSO_Diversity,False,none,0,ok
09850d93-b74f-412e-b968-908e070afac1,EnhancedNAPSO,False,none,0,ok
255ae2b3-35c4-48b9-b43c-c00c992b92c5,RefinedEnhancedNAPSO,False,none,0,ok
9d0befd6-06cc-4ccc-b069-291ba60dd2c0,AdvancedMultiSwarmPSO,False,none,0,ok
a450e894-d6d4-4185-aeb4-7cbe72d28b56,EnhancedNAPSOv2,False,none,0,ok
574c697d-2315-414f-abcb-943bbca75858,EnhancedNAPSOLevy,False,none,0,ok
f37eba58-f846-4c74-b506-0f30152e420c,EnhancedNAPSO,True,Clusters,360,ok
8caf7743-8502-4e6a-808b-ff27c7ad24bd,EnhancedNAPSO,False,none,0,ok
2b5f18a1-4943-4e5f-89fe-1f6267f92673,AdaptiveNAPSO,False,none,0,ok
59e42fca-60f5-41a6-ad50-4269132442aa,EnhancedNAPSO,False,none,0,ok
526d769e-4ab1-4741-a515-173feffa900f,EnhancedNAPSO,False,none,0,ok
dda700f9-cffd-4a38-951b-0044c99b00cd,EnhancedNAPSO,False,none,0,ok
19467543-690c-4dcd-9aee-088a3e0e49bb,RefinedNAPSO,False,none,0,ok
1ec114cc-fa4a-4ce7-b036-15c3638f5df1,EnhancedNAPSO,False,none,0,ok
98a1613f-24e8-4dc3-a1d2-948d6e0bdc7c,EnhancedNAPSO,False,none,0,ok
61cb54f6-bfa5-4cfc-92b8-aee215e9dd56,EnhancedNAPSO,False,none,0,ok
f83fe2ad-bd6f-4135-a686-4ed82a9c5edd,EnhancedNAPSO,False,none,0,ok
b0ebc54f-b98a-4d10-bf91-d8658089e49d,RefinedEnhancedNAPSO,False,none,0,ok
4a9dffea-54e3-4923-bb87-7cdb0470269a,EnhancedNAPSO,False,none,0,ok
46554d14-4dc4-4aea-b75a-3f559699b639,EnhancedNAPSO,False,none,0,ok
92c20d27-7ea0-4ce0-9aed-59bff07147d6,EnhancedNAPSO,False,none,0,ok
d8390d4c-8c95-4ac1-a5f3-60780aeea401,RefinedNAPSO,False,none,0,ok
514f88e9-c030-4c9d-a8a3-349fcef224aa,EnhancedNAPSO,False,none,0,ok
b9b3191d-800c-481b-a046-c42250e5d7e3,RefinedNAPSO,False,none,0,ok
fefd9b4a-592f-406b-baf9-d5df1a8e5e89,EnhancedNAPSO,False,none,0,ok
d1268dc2-ae53-4377-9e8f-588732677dea,EnhancedNAPSO,False,none,0,ok
02cdd8d8-650f-465b-8c38-4ade6ea4f69c,EnhancedNAPSO,False,none,0,ok
79dd93c8-d66d-48f0-ab00-f9ce73fa58e6,AMPSO,False,none,0,ok
ec342c20-7f1c-4c46-b4a7-608966d39b7e,EnhancedNAPSO,False,none,0,ok
9b9363ea-8ba6-43be-8fd8-e9025c6c7f15,EnhancedNAPSO,False,none,0,ok
544486ce-57f2-47ca-ae6c-6548e5c1fec2,RefinedNAPSO,False,none,0,ok
31f133af-f3cc-4dc4-9d97-cd2196149a00,EnhancedNAPSO,False,none,0,ok
3a955152-bbe0-4ec8-86b1-63ff972974bd,EnhancedNAPSO,False,none,0,ok
a2779569-1fb2-40f0-b9ca-6996085296e8,EnhancedNAPSO,False,none,0,ok
40f241c3-2f1a-477d-88c7-f8780755dc1a,EnhancedNAPSO,False,none,0,ok
5873c97b-b396-43f6-81b7-e8e0f63848b2,EnhancedNAPSO,False,none,0,ok
9f2538ba-970b-4678-a8c2-c3d134263105,EnhancedNAPSO,False,none,0,ok
dfb6654e-b0ca-4432-b590-d7fd8e8878ad,EnhancedNAPSO,False,none,0,ok
c984654a-4d76-4cab-baf0-9489648c9b57,EnhancedNAPSO,False,none,0,ok
e6500d98-687a-4a02-82fc-3d35cf78c4c8,EnhancedNAPSO,False,none,0,ok
e5a26fde-83a4-4e61-8f6e-7f786363a28c,EnhancedNAPSO,False,none,0,ok
722abc02-5057-46c6-8ddd-f37819dcc857,EnhancedNAPSOv2,False,none,0,ok
00e48c1d-fdae-4bb3-bc0a-bad8b0fc33ac,ChaoticEnhancedNAPSO,False,none,0,ok
8ce17a0d-9564-42cb-b3f1-5938e2a368f6,EnhancedNAPSO,False,none,0,ok
17787db5-5a64-4d3d-b268-1823604e5207,EnhancedNAPSO,False,none,0,ok
68aebfc7-e709-4f98-a10f-24160c55ff6b,EnhancedNAPSO,False,none,0,ok
11581ae0-881a-4805-a254-0342a3a4d782,EnhancedNAPSO,False,none,0,ok
d5bc453e-58f9-4b33-b12b-29f69a13e17c,EnhancedNAPSOPlus,False,none,0,ok
80a87db7-db5c-4539-8d55-5ebe19d9767c,EnhancedNAPSO,False,none,0,ok
94ff17d9-85bd-4b80-b8fa-9c6380f7283e,EnhancedNAPSO_v2,False,none,0,ok
bd7b73ff-5107-494b-ae9b-5cbac302044a,EnhancedNAPSOv2,False,none,0,ok
b7292cf8-fd3d-4972-a031-16d9ec480f61,EnhancedNAPSO,False,none,0,ok
2e24dc3b-a7cd-4799-a14a-d8810dfdb558,EnhancedNAPSO,False,none,0,ok
6acc7e7d-3588-428a-96c2-d752d6b79162,EnhancedNAPSO,False,none,0,ok
a5f38a65-ae7b-4355-ac40-6fa338e332be,EnhancedNAPSO,False,none,0,ok
3840a352-1d2e-462f-b106-8b61a97bb958,EnhancedNAPSO,False,none,0,ok
7b1edaf8-a543-4f4c-9580-a20cead790a1,EnhancedNAPSO,False,none,0,ok
ce2ded23-083d-4ec9-a4cf-cee045cac20e,AdaptiveClusterNAPSO,False,none,0,ok
fce7d9f1-4dc6-4f67-921a-eb40d523d67e,EnhancedNAPSO,False,none,0,ok
b7fe6854-f206-42de-80f0-8268376d2c95,EnhancedNAPSO,False,none,0,ok
156c3f22-c785-4779-90d3-1e6c23e0c0c2,EnhancedNAPSO,False,none,0,ok
03f6b235-3f73-4ba1-986a-9606ababe0b8,DEPSO,False,none,0,ok
08989368-5933-4c06-a33c-6bc649bc0779,RefinedEnhancedNAPSO,False,none,0,ok
6656dd32-13f0-4ef4-9fd4-346f60909ada,EnhancedNAPSO,False,none,0,ok
89bcea89-ada7-4d2d-9bd5-6f265d331bd6,EnhancedNAPSO,False,none,0,ok
c322b380-f8f1-4154-a544-be54664e79fc,DNPSO,False,none,0,ok
01292910-bba7-4c8f-817d-d1bc68f62ed6,DynamicNAPSO,False,none,0,ok
3cbe9c51-9c83-4bac-a0e0-eec299e79f76,ImprovedEnhancedNAPSO,False,none,0,ok
aa3e713d-c6a3-4de3-aadf-2a8e977e4cfc,EnhancedNAPSOv2,False,none,0,ok
a0f07a61-f93c-4a91-b29a-0af2e8747a42,EnhancedNAPSO,False,none,0,ok
12425bcf-a4ac-4c86-b414-229c9bbbabba,EnhancedNAPSO,False,none,0,ok
a544b962-bfa3-44dc-88e9-dadfa70e0ba1,EnhancedNAPSO,False,none,0,ok
bc426cfc-99a5-4116-9078-94d25e04bf3e,RefinedNAPSO,False,none,0,ok
d447a3fc-d354-4262-89c7-e8015e52c5de,ImprovedEnhancedNAPSO,False,none,0,ok
da07cf83-6f21-441f-a5ac-4c31c3d88190,EnhancedNAPSO,False,none,0,ok
8187e5ac-5e99-4adf-8bae-504ae39f983f,EnhancedNAPSOAdaptive,False,none,0,ok
3c3208a3-e805-4c72-9139-9e7e1622134d,EnhancedNAPSOPlus,False,none,0,ok
baa4337e-4ebc-4f5b-9263-1efe35d2eafa,EnhancedNAPSOPlus,False,none,0,ok
b21d7d28-79cb-48cf-bfca-8b7e6a57fda0,EnhancedNAPSO,False,none,0,ok
54f08531-982d-443e-863d-76a06469f652,EnhancedDynamicNeighborhoodAdaptivePSO,False,none,0,ok
8bd5dea7-6b4e-4766-9b87-4484839db2e9,ImprovedEnhancedNAPSO,False,none,0,ok
4e8f7bd9-8aa1-4730-ae09-693c0b1cd7c6,EnhancedAdaptiveNeighborhoodPSO,False,none,0,ok
86546db0-b74d-4187-bb22-7f279278303e,ImprovedEnhancedNAPSO,False,none,0,ok
6573ce50-93e9-498e-a318-448475c7e2ce,ImprovedEnhancedNAPSO,False,none,0,ok
5acd1e35-464e-4c68-a343-96ca4b8883fc,AdvancedNAPSO,False,none,0,ok
5b9cc349-241a-4913-8471-86947de4c6b7,EnhancedNAPSO,False,none,0,ok
a4bfa98a-520d-43e9-9f02-dd38d3055f2d,HybridPSODE,False,none,0,ok
781f263c-9300-4e57-ac1a-5717a2963950,ImprovedEnhancedNAPSO,False,none,0,ok
a46be751-ca73-4b1b-864f-20fb39178a2f,EnhancedNAPSO,False,none,0,ok
4f82c326-ac87-485f-8596-da15a1dbca84,HybridQPSODE,False,none,0,ok
f4945dee-e87a-400c-9f7e-58242b302a46,HybridPSODE,False,none,0,ok
bf5790dc-8efb-4d7f-841c-abf3e19370f2,ImprovedEnhancedNAPSO,False,none,0,ok
43693ff6-6d6e-41b3-bb8e-9a7da5afae8e,EnhancedNAPSO,False,none,0,ok
aa44085d-2f06-4bb5-9781-4f8f34d06454,HybridPSODE,False,none,0,ok
f4480b94-3f79-4d01-a221-c14f61b67cc7,AdaptiveHybridPSODE,False,none,0,ok
21ee6d44-129e-4518-a387-79eb7b50bfc4,HybridPSODE,False,none,0,ok
5a87cc9c-c083-415a-b662-b1c6cb611d5a,HybridPSODE,False,none,0,ok
44dd361f-864a-4d4b-a170-a5ef1f4f415b,HybridPSODE,False,none,0,ok
3e3f4580-0402-4f49-8207-7ad8e0bd189f,EnhancedHybridPSODE,False,none,0,ok
022a5fbb-3bb5-40b2-a4e5-9195e341cab3,EnhancedHybridPSODE,False,none,0,ok
e13d11cb-4ec7-4332-993b-66fe08399803,EnhancedHybridPSODE,False,none,0,ok
f8266d15-c025-4c1f-9e50-7547c322c6f2,AdaptiveHybridPSODE,False,none,0,ok
b20bdff6-ef57-43b5-9d2f-3d7288c4bc05,EnhancedHybridPSODE,False,none,0,ok
2f200a7b-5554-48ca-9fd4-71bc4c97d010,HybridPSODE,False,none,0,ok
dd42be71-1b9f-4b16-93d9-5e456ac64038,RefinedHybridPSODE,False,none,0,ok
6a0efa23-fb85-4721-8142-0a1f3252809a,EnhancedHybridPSODE,False,none,0,ok
dec3abf7-787b-4248-ba96-3d027d6c534d,HybridPSODE,False,none,0,ok
12260251-4da6-4c8a-8ce0-d7a38ee1f22d,DynamicHybridPSODE,False,none,0,ok
8ac30956-c6a6-4d69-b9e5-d09bfc4eb9fb,HybridPSODE_Improved,False,none,0,ok
c6fbc103-8ae2-4718-9113-e5dae8be5f20,HybridPSODE,False,none,0,ok
144eb6b0-2b9c-41c6-afa5-8ff016497492,HybridPSODE,False,none,0,ok
e7053dfe-685c-4d3f-9be6-4ee29259cc7c,EnhancedHybridPSODE,False,none,0,ok
13b7ddfe-58ab-4cac-ae74-3ccd1cad3561,HybridPSODE,False,none,0,ok
e28ec6d7-a3a4-49a2-93b4-b6177b7dd085,HybridPSODE,False,none,0,ok
2f40750d-3e89-452b-8bf6-0b97ab50240f,HybridPSODE,False,none,0,ok
f0babb0f-9249-4ae0-9e15-cbbcdf81d58f,EnhancedHybridPSO,False,none,0,ok
782bf32a-1454-4815-a14c-6641e4635821,EnhancedHybridPSODE,False,none,0,ok
f162bb31-e644-47b6-84a0-437f05874d4c,HybridPSODE,False,none,0,ok
aa340c2d-25a3-4d0c-9d54-52b358caba84,EnhancedHybridPSODE,False,none,0,ok
74efd40b-008e-4a14-9afb-9942def4f1ca,HybridPSODE,False,none,0,ok
a09149c7-8a89-4cbe-94b4-16acf7d70c7d,EnhancedHybridPSODE,False,none,0,ok
ad997a8f-a682-464b-987a-5129b6d7b481,HybridPSODE,False,none,0,ok
96bb63e5-9097-4c87-9512-6ae470acb65b,EnhancedHybridPSO,False,none,0,ok
96beacbc-3a3a-4351-886f-ce6bab78bf6b,HybridPSODE,False,none,0,ok
f60aabc5-318a-4bd1-a161-fb24dde5bbd1,HybridPSODE,False,none,0,ok
209dbacc-ace2-40cb-8b4e-1cfceb420923,HybridPSODEPlus,False,none,0,ok
619f4669-5856-45e4-9d07-14219fccb1fa,HybridPSODE,False,none,0,ok
640dac1c-b238-4561-93a0-03cda794a409,HybridPSODE,False,none,0,ok
8d2262b7-2286-4396-a1dc-06792a7fc632,EnhancedHybridPSODE,False,none,0,ok
83cd9779-a092-49bf-8bb0-1ba535ca8ecd,ImprovedHybridPSODE,False,none,0,ok
f29d637f-176b-48c8-8ea0-c4aa4d2dd526,QuantumInspiredPSO,False,none,0,ok
5b135b96-bfa5-42e9-b29f-06803956d407,HybridPSODEPlusPlus,False,none,0,ok
52222383-4d1d-40b6-8ba8-447381d62ee9,HybridPSODEAE,False,none,0,ok
4e525902-9245-4dbe-995f-ee1e5fe74523,EnhancedHybridPSODE,False,none,0,ok
4156f580-08ea-4f6e-9ece-bf248076a951,HybridPSODE,False,none,0,ok
eb37005c-b73d-47c8-b3c9-086610589c1e,HybridPSODE,False,none,0,ok
dbb88311-c144-4a9d-8e20-2580d7c05a2f,EnhancedHybridPSODE,False,none,0,ok
4163b7ac-1c78-418a-98bd-d171f4a34932,HybridPSODE,False,none,0,ok
d58ee51d-ba8c-4c96-9e31-d3f38a2ec2d8,HybridPSODE,False,none,0,ok
2a411707-ce58-4b79-98af-9900e2d832fc,EnhancedHybridPSODE,False,none,0,ok
ad1deb01-cbc8-4003-9513-d31a1fbbaa0e,HybridPSODE,False,none,0,ok
105ec029-ff00-47ee-a1fc-b35bf90470f2,HybridPSODE_Improved,False,none,0,ok
b2f04e74-640a-4589-92cc-cdb91b82aad0,HybridPSODE,False,none,0,ok
69012d68-93c8-4929-ae7f-004d0ac1ddbf,HybridPSODE,False,none,0,ok
ec8c3171-d1e4-4dc2-9af1-294a2b8c93cf,HybridPSODE,False,none,0,ok
9a0ead0f-ca99-4a97-820f-ee277181303c,HybridPSODE,False,none,0,ok
af5039db-62db-47d4-a5d4-4ce6b86adc2a,HybridPSODE,False,none,0,ok
34b9bb57-59f9-4ee5-8926-068b192a7458,RefinedHybridPSO,False,none,0,ok
8903a89f-ba20-4ab5-82fb-4ef2f0ecdd42,HybridPSODE,False,none,0,ok
241b7b11-d269-496e-860e-e5f15cca135e,HybridPSODE,False,none,0,ok
81366e02-8f2a-4a8e-81a7-88b3be5f03b0,HybridPSODE,False,none,0,ok
86f08397-6c25-4da7-87ca-479d6bd43eda,HybridPSODE,False,none,0,ok
a465fbc6-23e1-43e1-b8a1-7608f89b3098,HybridPSODE,False,none,0,ok
b6389381-9849-4738-93eb-4cb12933129c,HybridPSODE,False,none,0,ok
722dbd43-b921-4532-a995-bc6501fac01a,HybridPSODE,False,none,0,ok
a8cdcc14-bfdf-4513-96a3-101e0f69fb6b,MemoryAdaptivePSO,False,none,0,ok
fc67d9e1-702d-4beb-80b1-fd327064de75,EnhancedHybridPSODE,False,none,0,ok
e05bad6d-f867-4053-b495-522553dbeb2a,EnhancedHybridPSODE,False,none,0,ok
e4aea2c5-0133-488c-864d-94c340ee9e91,AdaptiveHybridPSODE,False,none,0,ok
443fcc6a-6dd2-42c7-93e9-573b6f7713ec,AdaptiveHybridPSODE,False,none,0,ok
cc5623ed-a7e1-4293-8361-7dcde758cf55,EnhancedAdaptiveHybridPSODE,False,none,0,ok
06e8b149-6838-4a27-8516-4ac52e79b691,EnhancedAdaptiveHybridPSODE,False,none,0,ok
78ac9366-8720-433c-a8a1-78f6db09f20b,AdaptiveHybridPSODE,False,none,0,ok
7e00f548-c445-4be0-9e9d-ea8fa59d9998,EnhancedAdaptiveHybridPSODE,False,none,0,ok
c5f3fe99-6e8e-4c63-9eed-c0b00caae3a2,SynergisticAdaptivePSODE,False,none,0,ok
ad993b3a-ee55-4b3f-907b-c9e62b57efd4,EnhancedAdaptiveHybridPSODE,False,none,0,ok
9b9a5909-b8b4-4fee-8e43-60b18481a999,AdaptiveHybridPSODE,False,none,0,ok
e8ef4264-4e5e-40a8-b06e-19d894c3fef6,HybridPSODE,False,none,0,ok
82116279-b520-4254-a549-c7d6de92ce0e,HybridPSODE,False,none,0,ok
595511eb-162d-4daf-b053-235360fa0c69,HybridPSODE,False,none,0,ok
66e62081-7333-4d66-b781-3dbf046997ad,HybridPSODE,False,none,0,ok
bba2b3ec-0a91-4172-bd95-7e59832c0b00,HybridPSODE,False,none,0,ok
e3eed76e-c64e-4243-9454-e30651fdf9ad,AdaptiveHybridPSODE,False,none,0,ok
73454cf5-6306-4e21-9e40-55019efd5d8c,AdaptiveHybridPSODE,False,none,0,ok
5034723a-3e4f-4bcf-ad02-3a2d653a49b6,AdaptiveHybridPSODE,False,none,0,ok
25efa2e1-435b-42e1-86d1-c4fc932d775b,AdaptiveHybridPSODE,False,none,0,ok
50ccd5fc-5ef9-4d29-bbc5-beb4a594dcd6,EnhancedAdaptiveHybridPSODE,False,none,0,ok
9506fb83-2567-434d-bf24-963a177be05e,EnhancedAdaptiveHybridPSODE,False,none,0,ok
aed4e8ec-85e0-4abb-bcd6-6b93001c79fc,AdaptiveHybridPSODE,False,none,0,ok
984dc8fc-b474-42ad-ade8-7a72ba1347f3,AdaptiveHybridPSODE,False,none,0,ok
3d6b1c93-3b71-4359-8926-ba0d9f8eba00,AdaptiveHybridPSODE,False,none,0,ok
854e4f13-8ad7-4ec5-b317-467286bf57d9,EnhancedAdaptiveHybridPSODE,False,none,0,ok
7d8d460a-2896-4f93-b02b-2b30ec44cab1,AdaptiveHybridPSODE,False,none,0,ok
bb53a240-30ae-4218-a9c0-313113736f76,AdaptiveHybridPSODE,False,none,0,ok
faed13f8-e9fd-4205-92a8-8b6a9c6a1d78,EnhancedHybridPSO_SA_Adaptive,True,Clusters,345,ok
22cddb35-e23d-46d8-a8ba-8fe6c1e37dd8,EnhancedHybridPSO_SA_Entropy,True,Clusters,346,ok
d3afd6b9-ae93-4d01-8c5a-dafa4d3ed881,EnhancedHybridPSO_SA_Adaptive_Improved,True,Clusters,347,ok
5c63bcba-e8a7-4794-8a21-582695db36bd,EnhancedHybridPSO_SA_Adaptive,True,Clusters,343,ok
5f47d34a-22d8-4f7e-b08d-e0345984f94b,EnhancedHybridPSO_SA_Adaptive,True,Clusters,348,ok
efcf1743-611e-4534-a499-09068789cf76,EnhancedHybridPSO_SA_Adaptive_Refined,True,Clusters,343,ok
a306c991-f7e8-4620-8daf-da4f5daf2f54,EnhancedHybridPSO_SA_Adaptive_Phased,True,Clusters,349,ok
0f70440e-a7dd-4561-9820-eb8d61755d77,EnhancedHybridPSO_SA_Adaptive,True,Clusters,348,ok
bac8f56c-fa2a-4d76-baac-566fe8cc1182,EnhancedHybridPSO_SA_Adaptive,True,Clusters,346,ok
d250efe8-9173-48a7-9327-f5a083b47f2a,EnhancedHybridPSO_SA_Adaptive,True,Clusters,346,ok
89a5f6a0-63ce-4685-9872-0173f454487a,EnhancedHybridPSO_SA_Adaptive,True,Clusters,348,ok
d0dd44be-a711-43ec-beff-59cc17ad617e,EnhancedHybridPSO_SA_Cooperative,True,Clusters,348,ok
f05e31bf-2f25-442d-8143-e09aa5eb5d70,EnhancedHybridPSO_SA_AdaptiveV2,True,Clusters,348,ok
36b9ce64-89e4-47be-9843-ccf75782d929,EnhancedDifferentialPSOSA,False,none,0,ok
3f15aaa2-d785-4889-a1ca-ffee109f6b57,EnhancedMultiStrategyOptimizer,True,Discretization,83,ok
31710b39-4640-4859-a793-8d8b50ee839f,EnhancedHybridPSO_SA_Adaptive_Improved,True,Clusters,348,ok
cdf490af-4ba2-4600-90fe-fadee6a1b0f8,EnhancedHybridPSO_SA_Adaptive,True,Clusters,347,ok
11283ebd-2f65-4dd6-b25a-353a572b3bf1,EnhancedHybridPSO_SA_Adaptive,True,Clusters,349,ok
1b847e35-a622-42ea-8b7a-6b97e75e7bf1,EnhancedHybridPSO_SA_Adaptive,True,Clusters,348,ok
4696bf73-a92c-4822-a9ba-9ab3ed171ff9,RefinedHybridPSO_DE,True,Discretization,96,ok
97027ae7-2941-410f-ad2d-b3d97b50d3ca,EnhancedHybridPSO_DE,True,Discretization,72,ok
114caca8-ee0d-416f-a7f7-62f25977e462,RefinedHybridPSO_DE,True,Discretization,135,ok
10670a65-e06a-4e98-b7f2-bd33e0b92ff7,EnhancedMultiStrategyOptimizer,True,Discretization,82,ok
55f931cb-e431-4b29-a78c-845d059e544a,AdvancedMultiStrategyOptimizer,True,Discretization,102,ok
1fa59511-b9a1-4a6e-80dd-573cb81d1faa,EnhancedHybridPSO_DE,True,Discretization,84,ok
045847c2-66be-41c5-aa9f-ce7791501404,AdvancedMultiStrategyOptimizer,True,Discretization,102,ok
f0233196-c919-4460-9021-8c168e342c4b,AdvancedMultiStrategyOptimizer,True,Discretization,102,ok
74df7984-729f-4231-8d87-53a477d78a86,EnhancedHybridPSO_SA_Adaptive,True,Clusters,346,ok
525718aa-42d1-441b-bc0f-2ffc51da64d0,EnhancedHybridPSO_SA_Adaptive,True,Clusters,348,ok
9f837d9d-0df4-4714-8f5b-cb341cd5ebb3,EnhancedHybridPSO_SA_Adaptive,True,Clusters,348,ok
8e11d0dd-7201-482b-b702-5d0633c5d07a,EnhancedHybridPSO_SA_Adaptive_Improved,True,Clusters,348,ok
129f9e89-53b8-4854-af94-c36b8c0d50a2,EnhancedHybridPSO_SA_DynamicMutation,True,Clusters,348,ok
b5b25e6c-1c62-4cbd-9e65-dede3cc62ae8,HPSO_ADE,False,none,0,ok
946671df-bb5b-455c-ad42-1eecf9999af4,HPSO_ADE,False,none,0,ok
2bb24980-ef54-4fc2-b8fa-75de68a93083,EnhancedHybridPSODE_v2,True,Discretization,83,ok
e28d1144-cd3a-4eb9-a8fa-0497270ed00e,EnhancedMultiStrategyOptimizer,True,Discretization,83,ok
02503fc4-8459-4371-9564-980bef782078,EnhancedMultiStrategyOptimizer,True,Discretization,84,ok
8a95427e-23a6-4bf4-a3fc-a6323e52f5a5,EnhancedMultiStrategyOptimizer,True,Discretization,82,ok
552ea91e-5aaf-4e12-b456-2cf3aed6240b,EnhancedMultiStrategyOptimizer,True,Discretization,91,ok
669f9782-39d9-48e8-80a8-e05952658790,EnhancedMultiStrategyOptimizer,True,Discretization,81,ok
1842762b-faaa-477c-b32f-f0f17335558b,HPSO_ADE_Enhanced,False,none,0,ok
b2e5e629-6714-49ba-b445-4a0e79687972,APSO_DE,False,none,0,ok
3a30df09-ed04-4b52-93b2-a22053253dd9,HPSO_ADE_Improved,False,none,0,ok
edccbe9b-a12e-4529-861a-ed26f25737a0,HPSO_ADE_Enhanced,False,none,0,ok
f99fb4ac-9d41-4062-b029-85c126a01a3c,HPSO_ADE_Enhanced,False,none,0,ok
58a50254-9ec8-4345-acc8-94657fe7746a,HPSO_ADE_Enhanced_Refined,False,none,0,ok
daa5e8fe-b54e-4687-a4e5-28bbd7f5e19a,Enhanced_HPSO_ADE,False,none,0,ok
26b8edef-4a34-4ccd-93f2-6c6c3d0daba7,Enhanced_HPSO_ADE_Levy,False,none,0,ok
cae39148-1cff-4c89-b4c9-4daaf5f1fcdf,HPSO_ADE,False,none,0,ok
a99e2a1e-02eb-4dfb-b230-1d5a8777f2a8,HPSO_ADE_Plus,False,none,0,ok
24b0b5ae-ed51-4cd8-a8d9-75229e7898a2,EnhancedHybridPSODE,True,Discretization,83,ok
6cb2679d-12d8-4b74-bd3a-dd974b51fad1,HPSO_ADE_Enhanced,False,none,0,ok
f275becb-d319-4efb-af03-af5c57793fc0,HPSO_ADE,False,none,0,ok
6b11e415-56ce-47b1-bd9d-b4cafe64e13a,HPSO_ADE_Enhanced,False,none,0,ok
499c43e9-f1f2-4b69-b2cc-b18420c82b1b,HPSO_ADE_Improved,False,none,0,ok
fa2b7bbe-21d9-4042-98c2-f4120bb3c0be,HPSO_ADE_EliteBoost,False,none,0,ok
93947c9b-4b39-428c-b798-d59f14b802b7,HPSO_ADE_Enhanced,True,Discretization,56,ok
c03c0e49-824b-4c39-b7f9-2cec3935767b,HPSO_ADE_Enhanced,True,Discretization,60,ok
defe3ba0-85d6-4f1f-a4f9-776e341cee96,HPSO_ADE_Enhanced_Quantum,True,Discretization,44,ok
33be8ffa-c8c0-43e0-a23e-27ebb07c0e3a,HPSO_ADE_Enhanced,False,none,0,ok
00b41148-f1c3-4ba3-8331-6cc3ed9ed1e7,HPSO_ADE_Enhanced,False,none,0,ok
ed416368-3d9e-4e3b-8b74-a016a6282974,AdvancedPSO_DE,False,none,0,ok
93d9723b-8ca2-4e31-b25f-4966a96f7218,HPSO_ADE_Enhanced,True,Discretization,56,ok
6e204176-47a7-4b1c-8d22-2e6fa748acde,HPSO_ADE_Enhanced,True,Discretization,53,ok
8e960925-f9f4-4dd8-9b9b-1352cd9490be,HPSO_ADE_Levy,True,Discretization,61,ok
d6decf6e-9591-4616-9bbd-d6de71c24631,HPSO_ADE_Enhanced,True,Bounds,200,ok
5ec51c11-b482-4df7-aefe-648b382cebda,HPSO_ADE_Enhanced,True,Discretization,56,ok
7f01f0d7-d3df-433c-8f91-c5bb05b98cb3,HPSO_ADE_Enhanced,True,Discretization,48,ok
a80e45ad-a64c-454f-8ccb-cb3e552799f0,HPSO_ADE_Enhanced,True,Discretization,111,ok
e7efcba5-d6f9-460b-82a4-69e9abc96e09,HPSO_ADE_Enhanced_V2,False,none,0,ok
b7a1d013-c6a5-49ad-bdc1-1a94c4038511,Enhanced_HPSO_ADE,True,Bounds,122,ok
93a838b0-b406-4dc1-870d-da89e7734d58,HPSO_ADE_Enhanced,True,Discretization,72,ok
b65e9cb9-9ff1-4d82-a0e8-002b55b3789d,HPSO_ADE_Enhanced,True,Discretization,107,ok
119b2c53-7178-4634-8938-426d777231bf,HPSO_ADE_Enhanced,True,Discretization,107,ok
749f47eb-e337-462f-834c-f2e054f56e85,HPSO_ADE_Enhanced,True,Discretization,91,ok
22c028e5-66a0-4196-8842-c30bccc8704f,HPSO_ADE_Enhanced,True,Discretization,88,ok
a5501879-ad34-4f34-aaee-8306dab51582,HPSO_ADE_Enhanced,True,Discretization,117,ok
1fa7e61f-4e69-4052-8286-ee1e5c12b77c,HPSO_ADE_Enhanced,True,Discretization,117,ok
547e3852-6428-45e5-8805-2e5201ac8c0c,HPSO_ADE_Enhanced,True,Discretization,135,ok
6b9eea36-185d-40b1-970c-540120dbf1d6,HPSO_ADE_Enhanced,True,Discretization,94,ok
ba601f43-5b3a-4198-816f-c54d6b5e1047,HPSO_ADE_T_C_Enhanced,True,Discretization,117,ok
298bbfd5-4499-4695-9958-47e8dd8823eb,HPSO_ADE_Enhanced,True,Discretization,62,ok
97e717a9-b939-4e9f-b369-c8db5b32de8c,HPSO_ADE_Enhanced,True,Discretization,107,ok
71206063-f8c2-4769-9d15-c271c5da0946,HPSO_ADE_Enhanced,True,Discretization,71,ok
ad51ff23-0992-45d3-98a6-a11db9ca377c,HPSO_ADE_Enhanced,True,Discretization,70,ok
ebad4e3f-b4ef-4dba-9ea0-462067fb5a5f,HPSO_ADE_Enhanced,True,Bounds,96,ok
702b054e-d8bb-4abc-9854-b06f5f26858e,Enhanced_HPSO_ADE,True,Discretization,164,ok
d02b3079-bab5-4570-9070-38144c5af122,HPSO_ADE_Enhanced,True,Discretization,104,ok
40aa176c-3d26-4bc4-b1dd-b2a7400e0e95,HPSO_ADE_Enhanced,True,Discretization,108,ok
88e4bb8e-2ed8-4cf4-8b9c-7813815aa9c9,HPSO_ADE_Enhanced_V2,True,Discretization,120,ok
63b917b4-bb8a-4122-94fc-607fe7396285,HPSO_ADE_Enhanced_v2,False,none,0,ok
e4d0d2ec-2248-4028-8d70-42ce921e7be8,HPSO_ADE_Enhanced,True,Discretization,117,ok
1d459d82-907c-4f9d-997c-1e2a5a029954,HPSO_ADE_Enhanced_v2,True,Discretization,170,ok
01d7cdb7-2368-41e2-b3a9-2b9bbdc8179d,HPSO_ADE_MemoryEnhanced,True,Discretization,94,ok
887def86-e3b3-4fe4-b2d7-f09fb54a6ffc,HPSO_ADE_Enhanced,True,Discretization,56,ok
bbc10aa8-023a-477a-a9f2-a1d4ceb76dc5,HPSO_ADE_SelfAdaptive,False,none,0,ok
dbc8596e-91aa-4c54-8b90-36a190cde957,HPSO_ADE_Enhanced,True,Bounds,98,ok
07829a51-e421-4174-82b0-e837306b32ed,HPSO_ADE_Enhanced_V2,True,Discretization,230,ok
cbb9df87-8b0c-4c2e-b762-ec9c0c12d918,HPSO_ADE_Enhanced,True,Discretization,136,ok
881bb9b6-ac91-4235-a8e8-4f9384c2e9ff,HPSO_ADE_Enhanced,True,Discretization,183,ok
26926b8d-671a-4cf9-b013-f0ff67c27606,HPSO_ADE_Enhanced,False,none,0,ok
409fa2bf-ebd5-443b-9fad-c9ad743be5af,HPSO_ADE_LF_Chaos,True,Discretization,156,ok
67bff410-a9b1-44bd-bf73-c4d19bcb5b22,HPSO_ADE_AdaptiveNeighborhood,True,Bounds,22,ok
a8131566-c483-42bb-9318-13d7c673440b,HPSO_ADE_AdaptiveNeighborhood,True,Bounds,24,ok
c8f457cf-89d3-4c81-a0c7-cebfdc5d5a3f,HPSO_ADE_AdaptiveNeighborhood,True,Bounds,25,ok
cec86453-cb10-4065-851e-3e7bcff6d6b3,EnhancedHPSO_ADE,True,Clusters,60,ok
1973615e-4b91-480b-a918-e490249bf2db,HPSO_ADE_AdaptiveNeighborhood,True,Bounds,31,ok
085de988-d2fd-4f3b-988f-b3f0504f4ead,HPSO_ADE_AdaptiveNeighborhood,True,Clusters,25,ok
71de0aff-85d7-47c4-9e6f-f88b59bac193,HPSO_ADE_AdaptiveNeighborhood,True,Bounds,26,ok
fec8f500-2d2b-427e-9187-c84b49a5fb02,Improved_HPSO_ADE_AdaptiveNeighborhood,True,Bounds,33,ok
007ee63e-71a6-4163-957f-da9b72754654,HPSO_ADE_SelfAdaptive,False,none,0,ok
78f6daea-524a-4736-988d-525511e420de,HPSO_ADE_AdaptiveNeighborhood,True,Bounds,24,ok
85dd3acf-d51d-4d7f-9b54-124266a2ecf6,HPSO_ADE_AdaptiveNeighborhood,True,Bounds,22,ok
44efa99f-488b-434d-a732-789428692a41,HPSO_ADE_AdaptiveNeighborhood,True,Bounds,23,ok
377bc695-fd13-4928-acad-40fb30ea59cf,QuantumWavePSO,False,none,0,ok
3caf4749-967e-465e-8493-69a71b3b711f,HybridPSO_GA,False,none,0,ok
3d78ec84-7253-4522-8cd0-fdff592baec3,HPSO_ADE_AdaptiveNeighborhood,True,Bounds,7,ok
8ce3bbbe-f14c-49dd-a45b-60086f74d45d,HPSO_ADE_MultiPhaseChaos,True,Bounds,12,ok
1710012b-f69b-459d-a112-c081b78cdc46,HPSO_ADE_AdaptiveNeighborhood,True,Bounds,23,ok
5ee9d58d-7af2-4a36-8aac-d17c2e041be4,AdaptiveHybridPSO_GA,False,none,0,ok
9b15515e-82bc-4b38-a7bb-afaf4437e30e,EnhancedAdaptiveHybridPSO_GA,False,none,0,ok
b815157c-bfb5-4055-9229-3cfd51d8526f,HybridPSO_GA_Adaptive,False,none,0,ok
f906e67e-0785-4ce4-b4ba-57310fe53065,ImprovedHybridPSO_GA,False,none,0,ok
2ec66a7c-8aa0-45f6-a14f-2a45f905bbb1,EnhancedHybridPSO_GA,False,none,0,ok
63ef10fe-c33f-49d8-8c52-e6ceb3645c56,EnhancedHybridPSO_GA,False,none,0,ok
7c3fab69-9b3b-4fdf-9f81-64c1b563a9d1,HPSO_ADE_AdaptiveNeighborhood,True,Bounds,23,ok
813a2d30-4f7a-4ede-8e6f-6c077e474f3b,AdaptiveHybridPSO_GA,False,none,0,ok
485d0850-492d-4bdc-93e7-b466cd6bd479,EnhancedHybridPSO_GA,False,none,0,ok
c4233621-3eca-4eb4-970e-e1122733cbdd,AdaptiveHybridPSO_GA,False,none,0,ok
6edcdca5-b2e2-4fc1-98f8-4a392a2cd549,EnhancedHybridPSO_GA,False,none,0,ok
ad5f4e5a-4eb6-4390-95f6-db0f8913505c,AdaptiveHybridPSO_GA,False,none,0,ok
225b7f01-3225-4952-84b6-b2d8e9e4de5e,EnhancedHybridPSO_GA,False,none,0,ok
8869c997-3d2e-4417-96f2-bd37e81b8879,HybridPSO_GA,False,none,0,ok
346981e8-973b-4aa5-919d-e5f696029e62,ImprovedHybridPSO_GA,False,none,0,ok
8debbc14-835a-40fd-b47b-f08e5cca4ec5,HybridPSO_GA,False,none,0,ok
65bb201b-0aa1-4e78-840c-3e8d74aa1664,HybridPSO_GA,False,none,0,ok
dd7fbb37-c125-464e-9981-c6acb0cbe6cf,ImprovedHybridPSO_GA,False,none,0,ok
151e2fbe-4076-4bdf-9089-63cfb7c94fd6,HybridPSO_GA,False,none,0,ok
ef4dc621-c4c8-464d-8765-0865b812caa7,AdaptiveHybridPSO_GA,False,none,0,ok
9ecd4a86-5992-4aec-8722-ed17d786d402,AdaptiveHybridPSO_GA,False,none,0,ok
7d98dbf0-4fa3-4f5c-b330-fdaeb025081c,AdaptiveHybridPSO_GA,False,none,0,ok
87bdd88e-9cdf-4943-9de3-2f4b450efa88,EnhancedAdaptiveHybridPSO_GA,False,none,0,ok
dd6b7f34-c71e-49b5-b492-d06d4508b8c5,EnhancedDynamicPSO_GA,False,none,0,ok
f66536b9-20b7-4ba6-a8c2-16f0e2954e70,EnhancedAdaptiveHybridPSO_GA,False,none,0,ok
c2d8ea35-5b27-4da2-8ae9-93c23ac20616,RefinedAdaptiveHybridPSO_GA,False,none,0,ok
a81a907f-3142-4c99-929e-2a599bc2d867,EnhancedAdaptiveHybridPSO_GA,False,none,0,ok
8e78d7b8-a961-4ff5-bec1-57e58cfa1e43,AdaptiveHybridPSO_GA_Elitism,False,none,0,ok
6bae0430-0699-4347-81f4-3c0d5ba04859,EnhancedAdaptiveHybridPSO_GA,False,none,0,ok
ef7be8e6-5fab-482f-8aa7-c16efe658186,AdaptiveHybridPSO_GA,False,none,0,ok
51f62d74-3bea-4304-92bf-190021aadb3b,AdaptiveHybridPSO_GA,False,none,0,ok
4b55d5b0-b0de-45db-842b-72071cd48273,AdaptiveDynamicPSO_GA,False,none,0,ok
f7ac590f-05e7-4d26-a392-649781b2c2ec,EnhancedAdaptiveHybridPSO_GA,False,none,0,ok
2e871d07-335a-47c1-9e4a-19eb56d4db68,AdaptiveHybridPSO_GA,False,none,0,ok
65f55ede-afda-49ef-a238-48b5dcdf9795,AdaptiveHybridPSO_GA,False,none,0,ok
a5a40f3a-1132-48b2-809d-e2798e9025d4,AdaptiveHybridPSO_GA,False,none,0,ok
d042c4a3-7169-4ee2-bb63-42506adb0f3a,AdaptiveHybridPSO_GA,False,none,0,ok
2b3d2f72-43dc-4558-a5f4-6cc0756704bd,EnhancedAdaptiveHybridPSO_GA,False,none,0,ok
b26526e6-96d9-40a3-bf5b-36f373f60d8e,AdaptiveHybridPSO_GA,False,none,0,ok
32e18fc6-d0ec-49e2-868c-e8c218aff62a,AdaptiveHybridPSO_GA2,False,none,0,ok
7b4f42bd-4b73-4ff8-bf58-090e36f87b6d,AdaptiveHybridPSO_GA,False,none,0,ok
34e5144b-1382-4574-af3a-7c39c9231251,AdaptiveHybridPSO_GA,False,none,0,ok
424c022f-f244-4218-8312-a60560bfddc5,EnhancedAdaptiveHybridPSO_GA,False,none,0,ok
ac3ea82f-eeb6-4d75-9c62-461ded20d59d,AdaptiveHybridPSO_GA,False,none,0,ok
eaf21e86-a586-403b-94ff-ec81bfcfa2b8,AdaptiveHybridPSO_GA,False,none,0,ok
7c7d697e-8664-4ac8-a9cf-c3103c82c943,RefinedHybridPSO_GA,False,none,0,ok
b923ae6e-fda2-4d1d-8b16-52209d293ab9,ChaoticallyAugmentedPSO_GA,False,none,0,ok
05f23cf8-fbb8-415d-8fae-0a039b40fcbe,EnhancedAdaptivePSO_GA,False,none,0,ok
d62d30aa-d0f8-4e86-8d01-036f3513c636,RefinedAdaptiveHybridPSO_GA,False,none,0,ok
6de07348-2110-417e-9e7a-a33abc103da9,AdaptiveHybridPSO_GA,False,none,0,ok
53c4585d-9e3c-49af-aeef-80ea432e6f43,RefinedAdaptiveHybridPSO_GA,False,none,0,ok
a1cc2508-c330-4703-8670-471f4ccc7684,EnhancedAdaptiveHybridPSO_GA,False,none,0,ok
a4a2feff-9287-4db1-8e51-0814f1741d44,AdaptiveHybridPSO_GA,False,none,0,ok
8e349e7c-e43a-4f81-9ff2-f3bbb93777ac,AdaptiveHybridPSO_GA,False,none,0,ok
d49504d6-d744-42f4-b255-b654773c545e,AdaptiveHybridPSO_GA,False,none,0,ok
83c41302-4bd6-410a-9505-fca01747b05a,AdaptiveHybridPSO_GA,False,none,0,ok
9b52a676-04cd-45f9-b3b5-b127018d2270,AdaptiveHybridPSO_GA,False,none,0,ok
3f3e6710-26db-4cc3-9798-90a9d1b8cab3,AdaptiveHybridPSO_GA,False,none,0,ok
2138b330-38c9-48fa-ac05-fc0b5547858c,EnhancedHybridPSO_GA,False,none,0,ok
28fa3e93-1d4e-44c3-afea-212cbab12af5,AdaptiveHybridPSO_GA,False,none,0,ok
1119e5bb-8f19-4c1b-8404-f9cbd17b25f1,AdaptiveHybridPSO_GA,False,none,0,ok
523164b1-b470-450b-9713-e3d69f5cd175,EnhancedAdaptiveHybridPSO_GA,False,none,0,ok
bb464493-161e-446c-9c0e-41e52fad28b4,EnhancedAdaptiveHybridPSO_GA,False,none,0,ok
443821b3-e4d4-4c67-b14c-a19f0b3a5a20,AdaptiveHybridPSO_GA,False,none,0,ok
771b6184-a9e5-435e-8c3f-b4413fec0e9e,AdaptiveHybridPSO_GA,False,none,0,ok
8a7fd4e0-22f8-4f65-9671-d497258dc223,AdaptiveHybridPSO_GA,False,none,0,ok
d0937430-6a53-42bf-b14f-99c4b80943ff,AdaptiveHybridPSO_GA,False,none,0,ok
89dd54d5-bff8-4ff8-974b-d57bb8a66e11,QuantumInspiredAdaptiveSwarmPerturbation,False,none,0,ok
a2778cce-f601-446f-ab0d-37af487ab51d,ImprovedAdaptiveSwarmPerturbation,False,none,0,ok
b7918432-5210-4638-a8d9-93149f2cdace,AdaptiveDifferentialSwarmOptimizer,False,none,0,ok
dee00de7-7540-4e5b-a760-fb1f64849917,AdaptiveHybridPSO_GA,False,none,0,ok
b0307543-025c-451c-8f7a-cf1a7e0ccd80,EntropyBasedHybridPSO_GA,False,none,0,ok
ff96fd76-8a84-4b5f-8a40-b4e665a34d22,AdaptiveHybridPSO_GA,False,none,0,ok
732390c9-2cfc-4e0a-849b-10131bcbbe0b,EnhancedAdaptiveHybridPSO_GA,False,none,0,ok
b826f111-9dbd-4090-9b80-b86046695e2f,EnhancedHybridPSO_GA,False,none,0,ok
22088a21-a690-4610-93c4-4b1a03570e5b,EnhancedAdaptiveHybridPSO_GA,False,none,0,ok
d3460622-fa3b-4220-aad0-904d394b1684,QuantumInspiredSwarmPerturbation,False,none,0,ok
b96c3a66-e2aa-495e-ad95-451a750f3688,AdaptiveElitePSO_GA,False,none,0,ok
ee52d3ca-e21c-4a1e-9188-32ebfba8428e,RefinedAdaptiveHybridPSO_GA,False,none,0,ok
1acfe0e4-5cb5-42ec-a21f-eeb11a3fa27d,EnhancedAdaptiveHybridPSO_GA,False,none,0,ok
003f69ff-e5ee-49f3-95d6-a6f7a0cb0b97,AdaptiveHybridPSO_GA,False,none,0,ok
40c82831-6354-4350-9941-3a29dcf1e3a7,EnhancedAdaptiveSwarmPerturbation,False,none,0,ok
fd74cb39-cee2-4700-ba94-f14c1fef1a93,QuantumInspiredSwarmOptimization,False,none,0,ok
da0b27c3-1909-4c7d-9bbc-af0d5124bbe4,EnhancedAdaptiveSwarmPerturbation,False,none,0,ok
647ae4dc-0d80-4982-b7ad-ca7902deb218,AdaptiveQuantumSwarmPerturbation,False,none,0,ok
153a1c2c-349a-4958-a8eb-83ab03c2c551,AdaptivePSOWithDiversity,False,none,0,ok
0699631d-d699-42fb-a907-a90d264c8c7b,EnhancedSwarmPerturbationWithClustering,False,none,0,ok
6c28e9f4-bb51-4a79-bdc2-8388832a320e,AdaptiveHybridPSO_GA,False,none,0,ok
ca9e741b-2548-4114-86d0-c3d3af3858f3,EnhancedAdaptiveHybridPSO_GA,False,none,0,ok
be4356f1-d783-4e2c-9509-563ba5e4fa40,AdaptiveSwarmPerturbation,False,none,0,ok
79868bb8-dd6c-46c3-9eda-03ceed5202c8,EnhancedAdaptiveHybridPSO_GA,False,none,0,ok
817f2570-aeaf-4581-b7fe-d8c6cc78ccf8,HybridPSO_DE,False,none,0,ok
f1ef3df9-ee48-4206-a011-29266a0c96fa,EnhancedHybridPSO_DE,False,none,0,ok
69bc926d-6d21-40a3-85ad-45ef0dbfbcbe,AdaptiveHybridPSO_GA,False,none,0,ok
ca93a135-5a8f-403a-ac78-d9f03cbbbdbf,RefinedAdaptiveHybridPSO_GA,False,none,0,ok
f45cb9a6-ef4e-4e92-8d99-4f0742e5f1bc,ImprovedAdaptiveHybridPSO_GA,False,none,0,ok
6ad6b3bf-5b8e-41d8-a7e4-a754f8636801,EnhancedHybridPSO_GA,False,none,0,ok
0986e5ca-d021-4acb-88bb-cb81c11b444b,EnhancedAdaptiveHybridPSO_GA,False,none,0,ok
8f90d0bc-e903-4012-8b1c-6f4b2af75701,QuantumEnhancedSwarmOptimization,False,none,0,ok
a9b4e495-4dcd-43ce-9800-67e257c2cf3a,QuantumInspiredAdaptiveSwarm,False,none,0,ok
eb210d59-4968-4c9d-9b85-0afea09d762f,EnhancedHybridPSO_DE,True,Discretization,35,ok
b0b6299a-83ef-4dee-b362-21360eaf8a84,EnhancedHybridPSO_DE,False,none,0,ok
fdbb4390-1d44-439c-8d1f-a19ca11e6538,EnhancedHybridPSO_DE,False,none,0,ok
e7f8f4ca-f8fa-4e0c-9c2f-c678e721e6ee,EnhancedHybridPSO_DE_SA,True,Discretization,68,ok
d285dcb2-5602-4fb2-a60a-2f8295bee379,RefinedHybridPSODE,True,Gaps,6,ok
68567a6d-cdba-4cd3-840f-0086f27d5c80,RefinedDynamicChaosPSODE,True,Gaps,7,ok
51bc34ab-be82-4965-b8cc-1f8c7d1b8a41,HybridPSODE,False,none,0,ok
f4259380-d8d7-41fd-baf5-a038b201c097,RefinedHybridPSODE,True,Gaps,6,ok
8334d21e-e09e-47f0-bc41-dac196f84a27,RefinedHybridPSODE,True,Gaps,4,ok
8e77b84c-9aab-4228-9fa1-99bfce511178,RefinedHybridPSODE,True,Gaps,6,ok
e2517ade-28d2-4963-9112-c470b2538783,EnhancedHybridPSODE,False,none,0,ok
3e60e71d-b3c6-459d-9d22-ac8e13387136,HybridPSODE,False,none,0,ok
1b50a2c0-7765-4fdf-aac9-afae58606a16,HybridPSODE,False,none,0,ok
0c7832dd-db0d-4bcb-bc0f-14081fd2392b,HybridPSODE,False,none,0,ok
1564d0d1-2096-473a-9dab-0b4b07c4cfe0,HybridPSODE,False,none,0,ok
2e4c9d47-93f1-4075-b270-6d02b65b12d1,RefinedHybridPSODEV2,True,Gaps,9,ok
5c49fc1b-2497-4ce3-8c5e-96bddb871fea,EnhancedHybridPSODE,True,Gaps,8,ok
6b1e00fc-4cb0-4ae7-9ac9-6ab597a3b8e9,RefinedHybridPSODE,True,Gaps,2,ok
95c6af95-60d5-4191-a23b-15797ee9bb29,RefinedHybridPSODE,True,Gaps,8,ok
cb819679-5c92-4071-a167-c9825153b641,AdaptiveAttractionMultiSwarmPSO,True,Gaps,5,ok
e3ff7158-8ed5-45ba-afef-7a91fa614679,RefinedHybridPSODE,True,Gaps,8,ok
9472e38e-0d10-4eae-837d-2f6ac610c306,RefinedHybridPSODE,True,Gaps,4,ok
b6eec9ad-5c90-4380-a684-977b51bdd355,RefinedHybridPSODE,True,Gaps,7,ok
b0da071f-b1ae-478f-bef7-b6b160c1c49b,RefinedHybridPSODE,True,Gaps,6,ok
d5d363ef-dd31-46ec-a3dc-81b26478a730,RefinedHybridPSODE,True,Gaps,8,ok
488b29d1-84bf-4ed7-9316-c257990b37f6,EnhancedHybridPSODE,True,Gaps,8,ok
0230427a-9ff7-4f9e-a2c4-bd846e838801,EnhancedHybridPSODE,True,Gaps,7,ok
0aaa85e2-f6ed-469f-a1c9-bb8fe050e569,EnhancedHybridPSODE,True,Gaps,4,ok
23db54f3-04f2-4e6c-8fc5-0589ad4cf788,EnhancedHybridPSODE,True,Gaps,6,ok
267fb132-174c-421c-a6ce-0924165b1885,EnhancedHybridPSODE,True,Gaps,8,ok
3da34ee8-ea79-4a97-b419-b8689b677802,RefinedHybridPSODE,True,Gaps,7,ok
a6c5bc6e-db38-4351-99cd-e9b357a73a00,EnhancedHybridPSODE,True,Gaps,8,ok
4a424217-924c-42e1-8d27-4711d472a907,EnhancedHybridPSODE,True,Gaps,9,ok
fe7f22b7-fc78-4736-aa50-c64c3d5c4b50,RefinedHybridPSODE,True,Gaps,8,ok
d4ceb08c-52cf-496e-a322-6b904e8b8629,EnhancedAdaptiveHybridPSODE,True,Gaps,4,ok
4e0a7c2a-a9ff-4d14-8015-c0a25fff351a,RefinedHybridPSODE,True,Gaps,10,ok
aebae6c6-ecff-4579-963c-6ae4c3b46988,RefinedHybridPSODE,True,Gaps,6,ok
34a0a9ed-fe92-4373-9793-a92b98d938c1,RefinedHybridPSODE,True,Gaps,5,ok
87eb73fb-44cb-4740-890f-282738e56def,RefinedHybridPSODE,True,Gaps,6,ok
cba1feef-765a-4be4-8fc5-e2aca4f1cc0c,RefinedDynamicLearningPSODE,True,Gaps,8,ok
e7031d1a-fb96-4a1f-9a9c-92fab57a310f,RefinedDynamicLearningPSODE,True,Gaps,7,ok
81f58657-f881-491a-b9b3-e1b7d451654b,RefinedDynamicLearningPSODE,True,Gaps,5,ok
425537b7-8227-4ae9-8410-9b86f0aa95fb,EnhancedParticleSwarmDCM,False,none,0,ok
8a25717d-42a3-4060-8da3-6d68aeeac666,AHSO,False,none,0,ok
fe41e453-48c7-416c-a230-22f89fae4d90,AHSO_Adaptive_MultiSwarm,False,none,0,ok
a444b778-055c-4e55-b8ef-96c20a1d667e,E_AHSO,False,none,0,ok
35e23dbe-0833-4f9b-99cb-6b763320e904,AdaptiveCovarianceSwarmOptimization,False,none,0,ok
005c1b57-c39a-4eef-b89f-706597f2c83c,EnhancedVelocitySwarmMutation,False,none,0,ok
1bfb1766-cd68-49a4-86cd-5f16cadd61a1,AdaptiveParticleSwarmSCM,False,none,0,ok
9e830327-44c5-4341-8cd2-fe5ad1af5385,AdaptiveParticleSwarmCGE,False,none,0,ok
9b6780fd-df1d-4da0-97e5-a97694a0fe35,EnhancedParticleSwarmDCM,False,none,0,ok
c102d69a-d0e7-47f6-81f5-9d7968fa5c3e,EnhancedParticleSwarmDCM,False,none,0,ok
29aa660d-bfcc-42f6-a960-f0a6a44ab16b,EnhancedParticleSwarmDCM,False,none,0,ok
f4efc9a3-204d-4671-a8d6-ca25140fa7f3,AHSO,False,none,0,ok
1e9aa045-2980-47df-af03-2af3983d8ef3,AHSO_Enhanced,False,none,0,ok
e5944ce4-1b8b-4995-8bab-d981a9acf18d,EnhancedAHSO,False,none,0,ok
6217651d-d382-409c-bb87-ca2965c2e188,AHSO_ChaoticAdaptive,False,none,0,ok
819592df-a1cb-4293-a1bb-32776269ae22,EnhancedAdaptiveSwarmOptimizer,False,none,0,ok
fcaa62a6-b79b-4fac-a1d6-3d69349d8e53,AdaptiveSwarmMutation,False,none,0,ok
f98b6fd4-2bc4-4d2a-beb2-0be2e5607064,EnhancedParticleSwarmDCM,False,none,0,ok
f75ac4c4-822e-48a1-a4a7-8769791b0602,DynamicVelocitySwarmMutation,False,none,0,ok
ae8bfd8b-5958-4245-b714-6596badb5a8d,EnhancedDynamicVelocitySwarmMutation,False,none,0,ok
826ccc6e-34f4-441a-85ff-9164a0e03017,AdaptiveQuantumParticleSwarm,False,none,0,ok
b33c6af3-4f71-4115-9aa0-47705ad2e891,DynamicVelocitySwarmMutationDiversityPreservation,False,none,0,ok
dad97f7f-f9ae-4181-a7fa-6270a7504ec7,QuantumInspiredParticleSwarmAM,False,none,0,ok
6bdfe294-4cdb-4b69-a8b1-d0a1b9032005,AdaptiveParticleSwarmCovarianceMutation,False,none,0,ok
d6a084b3-5794-4615-bb63-4a0244544b7d,EnhancedAdaptiveParticleSwarmDRLS,False,none,0,ok
161c162b-a49d-4a89-83eb-4a8aae431d93,AdaptiveParticleSwarmPCM,False,none,0,ok
642568f2-f244-46b0-a991-e9f85b0bfd89,HybridEnhancedParticleSwarmACGR,False,none,0,ok
aec0a76b-bfd9-4df5-a873-cda54747c659,EnhancedParticleSwarmDCM,False,none,0,ok
4e1be8bc-ff42-4b8e-87da-ffd96591853b,AdaptiveParticleSwarmDL,False,none,0,ok
2dc54304-1df3-483a-a5e0-220bb6173fbb,EnhancedParticleSwarmDEEB,False,none,0,ok
dabc560d-3b74-487c-8280-65c49eeca736,EnhancedParticleSwarmDCMAIW,False,none,0,ok
ba15b10a-f5c1-4e69-bd6d-727b52852442,EnhancedParticleSwarmDCM,False,none,0,ok
a91021fa-da94-4174-9488-d3a740d2c0ed,HybridPSODE,False,none,0,ok
dd5f8f56-0f3c-471e-b24c-f7bef776baa0,HybridPSODE,False,none,0,ok
8fbc20c9-9237-434a-b4b6-7c361fdf6f8a,HybridPSODEPlus,False,none,0,ok
d5c7fc60-0a12-404d-bffe-910601063e87,EnhancedHybridPSODE,False,none,0,ok
dcd186d2-0011-4ba5-aa5f-90ecf6236178,HybridPSODE,False,none,0,ok
75dbf803-a6a6-423b-a186-a5c76ca43024,HybridPSODE,False,none,0,ok
2d7e84fc-bc50-455d-95a1-bf40401ea17f,AdvancedHybridPSODE,False,none,0,ok
f3c1d293-d770-43c9-b2f5-2980582f3451,EnhancedHybridPSODE,False,none,0,ok
8af9745f-6a07-4e3a-be69-932fbe03443d,ImprovedHybridPSODE,False,none,0,ok
bca64a77-064e-4abf-8e0b-89cb3798c1eb,HybridPSODERefined,False,none,0,ok
f0ba28d7-2d8a-4b8b-b639-0c88f86b77a4,EnhancedHybridPSODE,False,none,0,ok
4ce372f1-3f1d-45b3-ac11-1c8241f36796,EnhancedHybridPSODE,False,none,0,ok
95f8f30f-e133-4d18-99f3-94c619925aeb,EnhancedHybridPSODE,False,none,0,ok
f76a8151-2527-4c08-bbf7-638bb3437031,HybridPSODE,False,none,0,ok
f55ff026-de4d-4106-a174-b054328ed1dc,AdaptiveHybridPSODE,False,none,0,ok
2e9f955f-c32e-484c-8a08-00063431f7ae,FusionPSODE,False,none,0,ok
fce3b875-8adb-49fa-b2c5-d89c9cee3b91,HybridPSODE,False,none,0,ok
59de2180-49d4-4633-a8d6-3975dc027204,HybridPSODE,False,none,0,ok
793b518f-b336-435f-b679-fc38638779d0,HybridPSODE,True,Clusters,340,ok
278f048e-283a-4f29-917f-a1e0d436b005,AdaptiveHybridPSODE,False,none,0,ok
d77c2fec-bc01-47f4-8c64-41e126a17ca9,EnhancedHybridPSODE,True,Center,87,ok
f5cd939f-8bad-46de-b4f0-a70bcf673780,HybridPSODE,False,none,0,ok
ffdee526-c185-4e97-a7c0-c6e8381f32d7,EnhancedHybridPSODE,False,none,0,ok
a707730a-5b7b-4b84-b339-11777694ed17,EnhancedHybridPSODE,False,none,0,ok
74942b89-0b0f-458e-a418-f87a3459b921,HybridMetaOpt,False,none,0,ok
1efc074a-869f-46a1-ad7e-cf35f5671d4e,HybridPSODE,False,none,0,ok
fc57e886-75e7-4989-8ae7-3467d4207bb8,AdaptiveHybridPSODE,False,none,0,ok
3f22c8a3-ab39-4837-9113-a4ace6f98f20,ImprovedHybridPSODE,False,none,0,ok
8187e81c-1fb9-4587-b097-841a20b5dd27,AdaptiveHybridPSODE,False,none,0,ok
b7012338-c7fa-411e-a18d-b6f773b95d06,EnhancedAdaptivePSODE,False,none,0,ok
9b544c7e-4cf4-48ad-ba7e-3d79fb0afb4c,AdaptiveHybridPSODE,False,none,0,ok
35ab1302-7ea5-463c-8c94-b2bf040a8f48,HybridPSODE,False,none,0,ok
a4c7eaad-77e3-406e-a95b-08103c0df6d9,EnhancedHybridPSODE,False,none,0,ok
8e9a49d3-9040-4498-ab6e-ac39aac67af7,HybridPSODE,False,none,0,ok
61fc7e2f-47ca-4e45-b4fe-2276e02d8bfe,HybridPSODE,False,none,0,ok
c3ad670d-6a6d-4b74-bac8-6111dffd5a95,RefinedHybridPSODE,False,none,0,ok
8123cb7e-cf59-4808-b03d-ced1ad10b629,HybridPSODE,False,none,0,ok
3459eb38-acfa-4a0d-b9e8-706022c1f87a,AdaptiveNeighborhoodPSODE,False,none,0,ok
f8168feb-2e1f-47a1-9007-92294e3bcc0b,HybridPSODE,False,none,0,ok
2f9e2d8d-3996-44a6-a9fa-aac0e3ccef99,HybridPSODE,False,none,0,ok
0ce58e39-2f06-4c73-b706-a52412df41f0,AdvancedHybridPSODE,False,none,0,ok
5fce222b-2281-4b98-bed3-39602ce876a5,RefinedHybridPSODE,False,none,0,ok
c890bc24-8293-4358-b7b5-e7efe57c4d71,EnhancedHybridPSODE,False,none,0,ok
f916bb24-0b8b-4c8c-abcd-8dd58367f7fa,HybridPSODE,False,none,0,ok
583b0e05-49c1-4c25-aace-5eac121de289,HybridPSODE,False,none,0,ok
982cb819-9510-42b0-b168-e950ffe2a392,HybridPSODE,False,none,0,ok
0c88bc75-2f2d-44c8-b1b2-ae80eed866d3,HybridPSODE,False,none,0,ok
3560b152-c759-495e-91c7-5c7cba82ef51,HybridPSODE,False,none,0,ok
ad7224e8-fd87-4bd5-a20c-1cc464b5de6c,HybridPSODE,False,none,0,ok
fd9ea191-6832-4b1f-9972-6d2b1c883c12,HybridPSODE,False,none,0,ok
c1b423c5-f1b3-4602-b7c8-30e07317642e,HybridPSODE,False,none,0,ok
f95017da-b6b8-4180-b0a0-5ee868f458b7,HybridPSODE,False,none,0,ok
8afd19fa-0a53-460d-a284-a595a202ffad,HybridPSODE,False,none,0,ok
af76c642-5bca-4f75-bf59-4112ff4a86fa,HybridPSODE,False,none,0,ok
30a7c3e2-22f2-480e-8dcb-b2243efdcc5f,HybridPSODEAdvanced,False,none,0,ok
d5abd30f-40c0-41a5-955f-6c373ab62a7b,HybridPSODE,False,none,0,ok
46a46c83-82c4-423a-8996-c04cb25310cd,HybridPSODE,False,none,0,ok
6e50b840-d9fe-4ed5-b83c-7c43e6ae18ef,AdaptiveHybridPSODE,False,none,0,ok
430eb646-bdbf-42cf-b3a2-325e3b309353,EnhancedHybridPSODE_SA,True,Discretization,205,ok
18c3d309-a430-4f88-ae12-ec5d1138575c,RefinedHybridPSODE,False,none,0,ok
0ff78ade-28db-4bea-af0c-cf98e3ad2519,HybridPSODE,True,Discretization,55,ok
e6b27379-b230-4edd-a928-438dddf599ca,HybridPSODE,False,none,0,ok
22e342f4-aab5-4405-9760-fdf6084ccc65,HybridPSODE,False,none,0,ok
ff6d4418-0192-4b41-a7e1-dd32541c93d6,HybridPSODE,False,none,0,ok
6af8ae07-81c8-44e7-b9d9-6b9a91186b24,DynamicHybridPSODE,False,none,0,ok
78029011-8f10-46f0-b6df-7a4f697a0609,HybridPSODE,False,none,0,ok
f8a33cb0-2f49-4230-8ea6-b8b13fcaf6ad,HybridPSODE,False,none,0,ok
356179d2-4a01-40db-88a3-5786bb12ad38,HybridPSODE,False,none,0,ok
9034231f-adbd-460c-915e-35e75854859b,RefinedHybridPSODE,False,none,0,ok
86f4d179-f48e-42d9-bd4a-8b9036ae0255,RefinedHybridPSODE,False,none,0,ok
248abe02-0210-4f7a-a439-2c9f577cfd4b,AdvancedHybridPSODE,False,none,0,ok
0a6dd243-1e92-41d0-ba2c-7421f18f4ad9,EAPSDE,False,none,0,ok
b1032668-90b9-4389-a2f0-1810287c379d,HybridPSODE,False,none,0,ok
d2850db5-66c3-45dd-bb24-c97daed3072c,EnhancedHybridPSODE_AdaptiveSocialLearning,False,none,0,ok
306c9baa-f118-48da-9cda-b4a0f4053fc3,AdaptiveHybridPSODE_EnhancedMutation,False,none,0,ok
cb5cef20-573f-45e1-a08c-b76661c2f359,EnhancedHybridPSODE_AdaptiveSocialLearning_RandomizedNeighborhood,False,none,0,ok
811e34b4-5275-4cd3-a40b-1f74d3849b62,AdaptiveHybridPSODE_EnhancedMutation,False,none,0,ok
42d6117e-0fdc-4971-9948-7849a079c32e,AdaptiveHybridPSODE_EnhancedMutation,False,none,0,ok
5e214ff2-dae3-458b-9dde-4adfc97e5a0c,HybridPSODE,False,none,0,ok
6e9d9af0-1a25-4ad4-ba22-811fb086f89b,EnhancedHybridPSODE,False,none,0,ok
5fb4a302-5051-46da-84ea-99b2e5f5aded,EnhancedHybridPSODE,False,none,0,ok
dcb86a3e-7322-4c25-998b-368983931bf1,EnhancedHybridPSOAnnealing,True,Discretization,244,ok
a85450a8-bf5c-4509-8f35-7084a794ec08,EnhancedHybridPSODE_AdaptiveSocialLearning,False,none,0,ok
59d48f82-05e2-4b6d-bc77-2dc3ab5b259c,EnhancedHybridPSODE_AdaptiveInertiaMutation,False,none,0,ok
d4b76c7c-19f2-4186-bbff-f24b5b04a92d,OptimizedHybridPSODE_StochasticGradientInertia,False,none,0,ok
4e1ea2a9-cb65-4aba-8a73-7a666179fab3,EnhancedHybridPSODE_AdaptiveSocialLearning_RandomizedLocalSearch,False,none,0,ok
28e72545-05f5-4518-aecc-c0d814c09b0b,AdaptiveHybridPSODE_DynamicLearningLocalSearch,False,none,0,ok
8baebb69-bea6-46b2-a166-904a082af80e,IntegrativeAdaptiveHybridSwarm,False,none,0,ok
d7360c83-9a3a-4313-9fd6-f1016bbf03af,IntegrativeAdaptiveHybridSwarm,False,none,0,ok
24db0f79-6108-4b92-ba77-83b826db894a,EnhancedAdaptiveHybridSwarm,False,none,0,ok
5eb1cadf-20bd-462f-b978-ac80915c8b5a,EnhancedHybridPSODE,False,none,0,ok
59d782c7-e789-4562-bed7-e6c94ee4defc,AdaptiveHybridPSODE,False,none,0,ok
17595855-b7bb-4b6f-988d-2d39c2af9766,AdaptiveLearningHybridPSO,False,none,0,ok
27a1c04b-3da0-4b50-ba4a-0a86b3f4f03a,EnhancedHybridPSODE,False,none,0,ok
a88f51e1-6927-4acc-94ec-1c558f03e785,EnhancedHybridPSODE_DynamicAdaptive,False,none,0,ok
c12bcced-d390-4205-85dc-20fa8d092a98,EnhancedAdaptiveHybridSwarm,False,none,0,ok
9cc8a90a-0f00-409e-a178-b212eefb0986,ChaosEnhancedAdaptiveHybridSwarm,False,none,0,ok
b8f403cf-f57b-48b3-806e-38ca50eb4124,RefinedHybridSwarm,False,none,0,ok
ccddaa55-6c56-4e32-af91-15a75a70137b,EnhancedAdaptiveHybridSwarmPlus,False,none,0,ok
5f96b0cd-8eef-4495-be14-16b319d488cc,ChaosEnhancedAdaptiveHybridSwarm,False,none,0,ok
ed20d4af-1e6d-428b-a43c-2ee54a60d195,EnhancedChaosAdaptiveSwarm,False,none,0,ok
b9eabd08-7d00-454f-ac22-25a33b8668b6,AdaptiveChaoticMultiScaleSwarm,False,none,0,ok
f2bbf5eb-bbf3-4db6-958e-992cd3cf98cd,AdvancedChaosAdaptiveSwarm,False,none,0,ok
f5050f7f-8631-4d4d-a155-6281e0da03ad,MultiChaosHybridSwarm,False,none,0,ok
6a38dec0-b86c-4c34-b06d-854bd7fd3980,ChaosEnhancedAdaptiveHybridSwarm,False,none,0,ok
13aa7662-74c4-47ea-9c0b-64e32f79a08e,ChaosEnhancedAdaptiveHybridSwarm,False,none,0,ok
149d54f5-67b0-4aca-8774-31fb66313d2c,MultiScaleChaosEnhancedHybridSwarm,False,none,0,ok
df004f66-9fc1-45c8-980c-17e275207605,ChaosEnhancedAdaptiveHybridSwarm,False,none,0,ok
580cf826-3ec5-4687-8449-5213f539fb6b,ChaosEnhancedAdaptiveHybridSwarm,False,none,0,ok
c14af95e-3492-4d9f-8eee-bb63b25b50a1,AdaptiveChaosEnhancedHybridSwarm,False,none,0,ok
ad8c70e0-2a1a-4e30-9e38-d257d4f13c12,ChaosEnhancedAdaptiveHybridSwarm,False,none,0,ok
ec3aa765-3961-4738-bac8-eb8352279a07,ChaosEnhancedLevyHybridSwarm,False,none,0,ok
8e6a22b1-f633-4c13-9df5-daedec6e824d,MultiAgentChaoticSwarm,False,none,0,ok
a3456fd6-70f3-4384-af4e-dd5ad574c119,ChaosEnhancedAdaptiveHybridSwarm,False,none,0,ok
ec096782-83f1-4ac9-b14e-3049900e3b67,EnhancedChaosAdaptiveSwarm,False,none,0,ok
62ebdf84-cb19-44c3-9d8b-0eda3dad5c8f,MultiScaleChaosEnhancedSwarm,False,none,0,ok
c9bd561e-c747-4a92-94da-20728aa40d64,MultiPhaseChaosAdaptiveSwarm,False,none,0,ok
4f2ef60b-301c-4309-8ed1-00347aa30292,ChaosLevyAdaptiveSwarm,False,none,0,ok
f725720a-222c-4dd7-9bf1-821870a33de8,ChaosEnhancedAdaptiveHybridSwarm,False,none,0,ok
6b270c6f-cfec-4419-b6de-555d9b49ea5a,ChaosEnhancedAdaptiveHybridSwarm,False,none,0,ok
1206492c-f682-480b-9ad0-272649da66d0,MultiChaosAdaptiveHybridSwarm,False,none,0,ok
bcf92388-78a1-41a8-80f9-b0b2969be08e,ChaosEnhancedAdaptiveHybridSwarm,False,none,0,ok
9fa41c79-5218-4bc2-b8dc-922ec2fa5fc0,ChaosEnhancedAdaptiveHybridSwarm,False,none,0,ok
7b7651c8-772d-450e-aec4-a41e49054a42,ChaosEnhancedAdaptiveHybridSwarm,False,none,0,ok
34269da5-fdba-4958-903c-07c015f1c7a8,ChaosEnhancedAdaptiveHybridSwarm,False,none,0,ok
b0a4c06f-01b3-49fb-a9e7-7806a5fac4f7,ChaosEnhancedAdaptiveHybridSwarm,False,none,0,ok
ba7c0e24-245b-46b2-a101-26a61f8e3933,ChaosEnhancedAdaptiveHybridSwarm,False,none,0,ok
fb2f355c-5f26-4944-90fe-d8d9c2dc25bc,EnhancedChaosAdaptiveSwarm,False,none,0,ok
c7189d43-8903-4a40-ab4a-89da7a4a834b,EnhancedAdaptiveChaosSwarm,False,none,0,ok
b2f3edee-6e3f-41e5-9acc-4d5e477e72f1,FractionalOrderChaosEnhancedSwarm,False,none,0,ok
59841d94-c5ac-47c6-92cf-594ecf1e8f59,ChaosEnhancedAdaptiveHybridSwarm,False,none,0,ok
bb5e47d3-e08d-4597-ae39-93eb0470816d,ChaosEnhancedAdaptiveHybridSwarm,False,none,0,ok
48dd065b-43d1-4d54-b92c-995c09160771,ChaosEnhancedAdaptiveHybridSwarm,False,none,0,ok
ac3601e9-ef60-4a2e-a4b2-8f46baeedacb,ChaosEnhancedAdaptiveHybridSwarm,False,none,0,ok
d4fa4846-6fca-4dad-b038-0c85ec15d6dc,ChaosEnhancedAdaptiveHybridSwarm,False,none,0,ok
392d227c-259d-4830-8476-441ab50bda43,ChaosEnhancedAdaptiveParabolicSwarm,False,none,0,ok
d200f972-7230-4e8b-9449-843ee5f62443,DualChaosEnhancedAdaptiveHybridSwarm,False,none,0,ok
031c3ac3-3add-4fa5-a384-24c8d4672830,ChaosEnhancedAdaptiveHybridSwarm,False,none,0,ok
9069bec7-d013-4286-96ac-d887aedf42f8,ChaosEnhancedAdaptiveHybridSwarm,False,none,0,ok
10bdf4c3-1fdb-47eb-8e0e-6fb5f22ac2aa,MultiPhaseChaoticSwarm,False,none,0,ok
93f2c0a5-d237-4985-a7f1-769e20f84432,ChaosEnhancedAdaptiveHybridSwarm,False,none,0,ok
d7d861f3-54a1-4d68-bd32-5175b058dd62,ChaosEnhancedAdaptiveHybridSwarm,False,none,0,ok
33bb91a5-225d-4080-be55-8bf96ff271f8,AdaptiveNeighborhoodChaoticSwarm,False,none,0,ok
f3e6b9a0-a4ca-41fe-a08a-c7ba70e679a0,ChaosEnhancedAdaptiveHybridSwarm,False,none,0,ok
5a4b3d93-3f17-45b9-a2c0-928f7ab839c9,ChaosEnhancedAdaptiveHybridSwarm,False,none,0,ok
8cc939bd-ee92-453a-bfca-09f9760207b9,ChaosDrivenAdaptiveSwarmOptimizer,False,none,0,ok
8411eae4-9554-40fc-91e2-af55a8c9d568,ChaosEnhancedAdaptiveHybridSwarm,False,none,0,ok
5cf7c3df-0d04-4005-b1bf-80f95c8f1130,ChaosEnhancedAdaptiveHybridSwarm,False,none,0,ok
12ce9cd4-1b69-4801-b061-ccdbd9bb70ee,ChaosEnhancedAdaptiveHybridSwarm,False,none,0,ok
e2639687-5dba-4243-92cd-3e6560fbff11,ChaosEnhancedAdaptiveHybridSwarm,False,none,0,ok
6536e600-be3c-479d-99fe-fa898aa5e8a7,EnhancedChaosAdaptiveHybridSwarm,False,none,0,ok
6eb6ba27-5095-4044-a5f6-8a2345f1b7ce,ChaosEnhancedAdaptiveHybridSwarm,False,none,0,ok
4395fb80-e89c-407d-93dd-17aca5574413,LevyChaosEnhancedAdaptiveHybridSwarm,False,none,0,ok
2566f153-f4a3-4b99-9360-0078142d899f,ChaosEnhancedAdaptiveHybridSwarm,False,none,0,ok
94cb205c-db5a-446f-a07f-5c79cc02da4c,ChaosEnhancedAdaptiveHybridSwarm,False,none,0,ok
9bf5daca-a0b3-4f49-8524-b1d41ab0aef9,ChaosLevyHybridSwarm,False,none,0,ok
3096a16a-6e70-41ee-b623-c0f664e01ee9,ChaosEnhancedAdaptiveHybridSwarm,False,none,0,ok
69f9863e-ea44-4f8d-94f0-029fa1e943d3,ChaosEnhancedAdaptiveHybridSwarm,False,none,0,ok
7c0b5fd8-f70a-4771-b18a-16cf250ff905,ChaosEnhancedAdaptiveHybridSwarm,False,none,0,ok
443def73-778c-4b8d-b19b-a5885f7bc8f9,DualChaosEnhancedAdaptiveHybridSwarm,False,none,0,ok
afdef775-ba2c-44d5-87f2-7c7f1b86244e,ChaosEnhancedAdaptiveHybridSwarm,False,none,0,ok
f4b77277-0df9-4bd1-afdf-8265d537f55e,ChaosEnhancedAdaptiveHybridSwarm,False,none,0,ok
672539aa-97c8-4358-b388-ab1d2612a423,ChaosEnhancedAdaptiveHybridSwarm,False,none,0,ok
cfb1aa68-7bcd-4e9e-855b-a34a95621f7f,ChaosEnhancedLevyHybridSwarm,False,none,0,ok
8550b292-7044-4f13-8d50-ff9d70d08288,ChaosEnhancedAdaptiveHybridSwarm,False,none,0,ok
15d0a526-ca76-4443-a526-4e7939de5768,StochasticNeighborhoodChaosSwarm,False,none,0,ok
22c47307-702c-412d-a713-af3c0c7d6dd0,MultiLevelChaosHybridSwarm,False,none,0,ok
3ea4e751-98b4-440b-b9a3-26523987854e,DynamicInertiaAdaptiveHybridSwarm,False,none,0,ok
8cc34615-2f62-4202-9608-1390bfa20556,ChaosEnhancedAdaptiveHybridSwarm,False,none,0,ok
5c11cfe5-0e0e-427a-b37d-cf99551ac960,ChaosEnhancedAdaptiveHybridSwarm,False,none,0,ok
573056c2-998e-4962-84d4-0332924e0385,ChaosEnhancedAdaptiveHybridSwarm,False,none,0,ok
bfa68ec7-1781-40b8-bb94-182b32ae5f76,ChaosEnhancedAdaptiveHybridSwarm,False,none,0,ok
10b5f45e-89c7-4fb1-a0b8-dd5424a90f51,EnhancedHybridSwarmWithAdaptiveChaos,False,none,0,ok
549833b2-8312-4885-92f9-77ccd85c8e8e,RefinedChaosAdaptiveHybridSwarm,False,none,0,ok
3e595eca-0ad9-4438-86dc-6ee99814318d,EnhancedHybridSwarmOptimizer,False,none,0,ok
36194286-77b3-499f-bcf4-0d52f9e3a81b,EnhancedHybridSwarmOptimizer,False,none,0,ok
28f842bd-1b33-488d-9a80-62fa9b70d234,EnhancedHybridSwarmOptimizer,False,none,0,ok
a7babcd2-04b1-48cb-80a8-75f44a914c0f,ImprovedChaosEnhancedAdaptiveHybridSwarm,False,none,0,ok
0b81f179-033d-43a5-992d-e0eb9c934f36,MultiChaoticAdaptiveHybridSwarm,False,none,0,ok
2414cad2-1297-49c2-a812-9bf00e857202,ChaosEnhancedAdaptiveHybridSwarm,False,none,0,ok
c813c2b1-f9dd-493e-b0e8-ceef526a737c,DualChaosHybridSwarm,False,none,0,ok
15993d4c-dd7e-4584-9a36-2b04e8876f30,ChaosEnhancedAdaptiveHybridSwarm,False,none,0,ok
dea12451-4673-4cab-826f-10862c6a77e9,ChaosEnhancedAdaptiveHybridSwarm,False,none,0,ok
6abaf91c-ee12-4fe8-89eb-eec385585efa,RefinedAdaptiveCulturalSwarmOptimizer,False,none,0,ok
d208e3dc-7d48-47c1-95aa-ab362c67513f,RefinedCulturalSwarmOptimizer,False,none,0,ok
bcccba65-9580-4507-b28f-5483c555e922,AdaptiveCulturalSwarmOptimizer,False,none,0,ok
7cbb479b-3288-4216-ab54-b94658be3c8e,EnhancedAdaptiveCulturalSwarmOptimizer,False,none,0,ok
7d57fd7b-029a-4d8d-8f2e-e0e4cd7c7358,EDAPSO,False,none,0,ok
4b828a22-4ce9-4659-a9ca-f123d27f1341,EnhancedDAPSO,True,Discretization,61,ok
6ce637e7-33ea-4888-89bc-fbd432ea4b02,EnhancedAdaptiveCulturalSwarmOptimizer,False,none,0,ok
5988fcd5-f171-458a-8c6f-45d1b2d0d8cc,EnhancedAdaptiveCulturalSwarmOptimizer,False,none,0,ok
7e8424b0-ba19-495d-953f-401223ec4e2b,EnhancedAdaptiveCulturalSwarmOptimizer,False,none,0,ok
10d24141-662c-498d-a059-9da3218fa49a,EnhancedAdaptiveCulturalSwarmOptimizer,False,none,0,ok
8398857b-dbf4-4a65-9ed5-af998dbd766f,EnhancedAdaptiveCulturalSwarmOptimizer,False,none,0,ok
6c9ac486-e782-43ea-8793-d24938408916,EnhancedAdaptiveCulturalSwarmOptimizer,False,none,0,ok
e408bbcc-d826-4112-a199-b6b707362143,MultiPhaseAdaptiveCulturalSwarmOptimizer,False,none,0,ok
696ad35d-baf3-4f0c-b78e-ced1a3aaef15,ImprovedQuantumSwarmAdaptiveMemorySearch,False,none,0,ok
256feb9c-7d8d-46f4-ab62-908c70d26f7b,EnhancedAdaptiveCulturalDEOptimizer,False,none,0,ok
ff106d2d-59d9-414b-b39e-53b12cbd7a14,AdaptiveSwarmCulturalDifferentialOptimizer,False,none,0,ok
088e9041-90b3-40c0-8e02-75ce70bc261d,EnhancedDAPSO,True,Discretization,105,ok
0b58708d-914e-485a-b2c5-00e700ff532a,EnhancedDAPSO_Quantum,True,Discretization,57,ok
b3db6074-9c9c-4065-bc80-db907233e43e,MPDEPSO,True,Discretization,60,ok
ab25869c-2c18-442e-b8c6-e55208d66c48,EnhancedDAPSO,True,Discretization,66,ok
15fdd2a7-4c1b-4b68-8079-3521855fc4be,EnhancedDAPSO,True,Discretization,67,ok
7fc53f63-0c42-4432-99f6-f2d019ede9a7,EnhancedDAPSO,True,Discretization,58,ok
41fcfc40-5562-4304-be2e-0b418cf1c842,RefinedEnhancedDAPSO,False,none,0,ok
8a06483e-f23f-4061-bb7f-01fc35ee5b65,EnhancedDAPSO,True,Discretization,65,ok
ec570545-6b37-4577-855b-4ecf99350a22,EnhancedDAPSO,True,Discretization,65,ok
ae3dc198-d644-4bc9-bdfd-cdadea2c6be8,EnhancedDAPSO,True,Discretization,12,ok
1945e5e7-d85b-4b28-9f62-9477f2c700fc,EnhancedDAPSO,True,Discretization,14,ok
bf66b64e-28fc-4eef-81db-4b885e027cea,EnhancedDAPSO,True,Discretization,12,ok
ef4074ad-ca7d-4e5b-9209-2c6956cb4639,EnhancedDAPSO,True,Discretization,19,ok
99d3bc92-fedf-49d9-8595-34192ea17953,AdaptiveSubgroupDAPSO,True,Discretization,13,ok
a80e41e3-53b4-41dc-84bf-fc7a61f68ece,EnhancedDAPSO,True,Discretization,66,ok
55b7e3ff-e0b2-4615-8fd0-b07e5041fa31,EntropyDAPSO,True,Discretization,59,ok
ca2472a2-c5ee-491a-a278-9d0461e1d3b0,AdaptiveChaosPSO,True,Discretization,11,ok
e6962654-f35f-43c2-995b-bafc9b14ce15,EnhancedDAPSO,True,Gaps,18,ok
c812eead-f678-455b-a1df-c2fe436d833e,EnhancedDAPSO,True,Discretization,12,ok
374eedf9-5a5e-406e-a149-73f7986cb7b8,EnhancedDAPSO,True,Discretization,17,ok
ce507164-18f4-49a0-a70a-d3a4cb2428e8,AdaptiveDAPSO,True,Discretization,12,ok
8d5f4304-3b98-4c6d-b9f8-f4df1df77ecd,EnhancedDAPSO,True,Discretization,10,ok
2d9054a9-8e81-481e-855d-31678c923eec,EnhancedDAPSO_V2,True,Discretization,12,ok
3169c9e7-80ac-4e0f-aa15-3da03bce626f,EnhancedDAPSO,True,Discretization,12,ok
f77c5e98-6b7c-4490-9ef5-7acf21e44eb0,EnhancedDAPSO,True,Discretization,12,ok
53a6f1e6-c55f-4b0a-87fb-a6a391925df2,EnhancedDAPSO,True,Discretization,11,ok
07ac7628-c079-438b-b4ea-63b142b8cdd2,EnhancedDAPSO,True,Discretization,27,ok
da5baefc-26f9-439b-92f3-58ad0059d255,EnhancedDAPSO,False,none,1,ok
cd08c58c-5625-446e-ad97-af7bca70b49c,EnhancedDAPSO,False,none,0,ok
bd8f7054-6f09-4631-9835-d0e03acf1111,EnhancedDAPSO,True,Discretization,12,ok
7806c9ea-458b-47f6-888d-7a224649ff46,EnhancedDAPSO,True,Discretization,13,ok
5ad954a6-9380-46a2-806c-3752daab8c34,EnhancedDAPSO,True,Discretization,45,ok
585524e0-ad1f-4331-bc70-f20e3df62756,EnhancedDAPSO_v2,True,Discretization,34,ok
691219e3-148e-41a7-8dc4-dbc1a1f241ba,EnhancedDAPSO,True,Discretization,45,ok
0e566e56-2db2-4fbf-b4fd-a604516c0b43,EnhancedDAPSOPlus,True,Discretization,73,ok
125b3775-b37a-46d0-a2e4-a1da18d06346,EnhancedDAPSO,True,Discretization,47,ok
25674420-fcc2-44b8-be16-a74c3f29e5e1,RefinedDAPSO,True,Discretization,11,ok
78464335-0aaa-41b3-86af-d86ba9f47f13,EnhancedDAPSO,True,Discretization,46,ok
007e554c-ae89-4c89-a30b-cff0b3434ffd,EnhancedDAPSO,False,none,,ok
5f0fbe29-1409-4e1a-b605-16c21eb49628,EnhancedDAPSO,True,Discretization,42,ok
7366a003-63da-4133-b3b4-194ac12906f7,EnhancedDAPSO,True,Gaps,92,ok
42c50784-1bb4-4cf5-b43a-c7083aa2ec01,RefinedDAPSO,True,Discretization,44,ok
787a23be-8c5b-459c-b960-2b90d69de65a,EnhancedDAPSO,True,Discretization,39,ok
70f69224-f2ef-49fb-b8cd-9dc60682d231,EnhancedDAPSO_Refined,True,Discretization,34,ok
7bf989c1-e4ee-492b-ac53-2efbd8be2de9,EnhancedDAPSO,True,Discretization,50,ok
faa07338-fbfd-41ef-82c5-bb99d08bf8a5,EnhancedDAPSO,True,Discretization,48,ok
0d332f45-b067-474e-97d8-4033707bd93a,EnhancedDAPSO,True,Discretization,19,ok
c8cb83ae-6d04-4e94-96d8-585b165e12b8,EnhancedDAPSO,True,Discretization,44,ok
2b181627-a03d-48d2-9273-6f17ba51ead6,EnhancedDAPSO,True,Discretization,64,ok
75c425b6-0b3f-4412-b03f-6d6c779f0969,AdaptiveChaosDAPSO,True,Discretization,14,ok
612e590b-5eff-4701-aae1-3653d48886bd,AdaptiveSwarmOptimizer,True,Discretization,52,ok
14fef709-3104-41c3-9343-950bbbb0c4d0,EnhancedDAPSO,True,Discretization,45,ok
14dd28ef-1f73-4eb4-9e53-41113301831a,EnhancedDAPSO,True,Discretization,44,ok
702e3130-4c2b-441e-8363-b752c52476f5,EnhancedDAPSO,True,Discretization,46,ok
326ffc75-6ccc-4f4c-9d1e-ceb7afe238ba,EnhancedDAPSO,True,Discretization,86,ok
a4e91e2b-2211-4162-9c3f-760239bbf1c1,EnhancedDAPSO,True,Discretization,36,ok
e27bed6a-0aca-4cec-abbc-6234fef7dd8e,EnhancedDAPSO,True,Discretization,46,ok
5f29b94f-afc8-453a-85e6-6a7f550b733f,EnhancedDAPSO,True,Discretization,51,ok
e7934daa-32a7-4f1a-95eb-ad0738cedf86,RefinedDAPSO,True,Discretization,17,ok
52e8fca3-deb6-431a-964c-28f690f33052,EnhancedDAPSO,True,Discretization,34,ok
a11ca40e-90db-4dc4-a9db-d527bb28fd59,EnhancedDAPSO,True,Discretization,45,ok
a534973d-9a18-43f9-88cb-7829bba8d902,RefinedDAPSO,True,Discretization,46,ok
23bb7d56-e933-4dcb-be19-9585bd9b16b4,HybridPSODE,True,Clusters,350,ok
edc5e0dd-e388-414f-924d-fe15f37e9013,HybridPSODE,True,Clusters,350,ok
e1d952f4-9375-41db-a4ec-0bba05364a75,EnhancedDAPSO,True,Discretization,46,ok
f5d4b248-a4ac-40c6-8676-ab345815a31b,EnhancedDAPSO,True,Discretization,50,ok
e6e08f6a-2c7d-43df-917b-cd5db597b892,EnhancedHybridPSODE,True,Clusters,350,ok
79b77ae8-4733-49e3-b3b1-f2e69b2e7304,EnhancedHybridPSODE,True,Clusters,350,ok
ab6449b1-a88c-4894-b91e-0b638513ad02,EnhancedHybridPSODE,True,Clusters,350,ok
8e1750cd-473d-4bd4-9134-0733d2b9c6f0,EnhancedHybridPSODE,True,Clusters,350,ok
b1b4efcf-605c-4278-b7e1-5a3b9a288434,EnhancedHybridPSODE,True,Clusters,350,ok
34b2021f-7ffc-4196-bcb8-1dca28c4b3c6,EnhancedHybridPSODE,True,Clusters,350,ok
1a2501e2-ee7b-44c8-9a2c-cba2bceae956,HybridEvolutionarySwarmDifferentialEvolution,False,none,0,ok
1881ccdf-6046-4be2-af03-6940adb6d8b7,EnhancedHybridPSODE,True,Clusters,350,ok
95f75f65-b61f-4ab6-a409-7327fb54e003,EnhancedAdaptiveMultiSwarmPSODE,True,Clusters,350,ok
bbcc68a5-d7bd-4bd2-b6c9-2ffdd0045078,EnhancedAdaptiveMultiSwarmPSODE,True,Clusters,350,ok
3fc43d66-4a1f-45e5-b872-23cbea78b9cd,RefinedAdaptiveMultiSwarmPSODE,True,Clusters,350,ok
5aa98255-4fa1-43a8-b64a-892ed471d03b,AdvancedMultiStrategyPSODE,True,Clusters,350,ok
6650ad5a-4ea9-4637-9fed-26eecd42866f,RefinedAdaptiveMultiSwarmPSODE,True,Clusters,350,ok
aa0cb32d-49bc-4956-aedc-313cde9780db,ImprovedHybridPSODEv4,True,Clusters,350,ok
15ce16d0-c9ba-49a1-a7d4-a92e9a93ce0f,EnhancedHybridPSODE,True,Clusters,350,ok
91a9e09d-513f-4d75-acc3-241260f75661,EnhancedHybridPSODE,True,Clusters,350,ok
df791b94-5949-4b30-95d0-4a78b9108312,AdvancedAdaptivePSODE,True,Clusters,350,ok
50f62098-2ee1-426d-b8b6-8bec3f94a0b7,RefinedEnhancedHybridPSODE,True,Clusters,350,ok
7fb364c6-47b1-4320-bb93-40e1b83f5658,EnhancedHybridPSODE,True,Clusters,350,ok
00e54ef0-4948-4789-b501-12f32610aae4,HierarchicalAdaptiveSwarmPSO,True,Clusters,350,ok
bc3ceee2-e89d-42cd-8a5f-08cc41bffe1c,EnhancedHybridPSODE,True,Clusters,350,ok
602241d4-ea2c-448c-9670-a382fcbe7b23,ImprovedHybridSwarm,True,Clusters,350,ok
920fb7c4-0475-44ec-a0a3-7868b50fb40a,EnhancedHybridPSODE,True,Clusters,350,ok
3e099a9d-b6f5-4f77-b9db-de36811614de,EnhancedHybridPSODE,True,Clusters,350,ok
1e2ecc41-b7de-42ea-a3a5-e06f300e3840,EnhancedHybridPSODE,True,Clusters,350,ok
acb75e69-8106-4803-a1cb-c6657ed90afc,EnhancedHybridPSODE,True,Clusters,350,ok
243f1214-601a-4418-992b-5d0c1cfd83fd,EnhancedHybridPSODE,True,Clusters,350,ok
b1f5715a-7a38-4866-b7a3-3b45b890dd3d,EnhancedHybridPSODE,True,Clusters,350,ok
03ded9de-38d5-416a-87e5-e358af7f53fd,RefinedHybridPSODEv4,True,Clusters,350,ok
90c6f572-5878-466c-9dce-2970f66b537a,AdvancedChaoticAdaptivePSODEv4,True,Clusters,350,ok
42f65cde-3913-478e-adfe-c517a9e71316,DynamicSwarmAdaptiveLearningPSO,True,Clusters,350,ok
f07d8043-c033-44a3-8d35-9be6a46a6d62,EnhancedChaoticReinitMultiSwarmPSO,True,Clusters,350,ok
5639ccff-bbf4-46b1-b57d-5bfd7c1c2024,HybridPSODE,False,none,0,ok
a4bcea56-dd2a-4461-a101-b59c786367d4,HybridPSODE,False,none,0,ok
12741f96-35a0-47aa-a498-f093c237601b,AdaptiveHybridPSODE,False,none,0,ok
4247de11-fc4e-4e0c-bb04-6ff803b2aa12,HybridPSODE,False,none,0,ok
0c845d4e-2537-4c26-959d-09dae3b97518,HybridPSODE,False,none,0,ok
5d3dde4d-c322-403d-9a03-48d6dfa2caf0,HybridPSODE,False,none,0,ok
42239f48-0c8b-4403-8ea7-e03b56d7f30a,AdaptiveHybridPSODE,False,none,0,ok
9b586c5d-113d-435b-8671-0d589d6b8caa,EnhancedHybridPSODE,False,none,0,ok
89b85701-b34e-4220-8e91-fdb26ec37a47,HybridPSODE,False,none,0,ok
35f08d6b-fcd9-4cd1-8037-7cdd24a8ddc7,EnhancedHybridPSODE,False,none,0,ok
29d25cf5-923f-4eb9-8a04-5c993419fc6b,AdaptiveHybridPSODE,False,none,0,ok
9ffa8db6-e3d5-43fd-8f11-71714c24c2d8,HybridPSODE,False,none,0,ok
406973b3-82b4-4c08-aa2e-e73fee142b3e,EnhancedImprovedHybridPSODE,False,none,1,ok
4558eafd-5cbb-4be6-925f-56728d7f611e,AdaptiveDiversityDrivenPSO_DE,False,none,0,ok
5d134a9f-92b2-4bb3-8e99-1c90c7b30d6a,AdaptiveMultiPhasePSODE,False,none,1,ok
26c2962f-b1da-4c40-b06a-49cf19020219,ImprovedHybridPSODE,False,none,1,ok
796b2fc8-04e7-44f8-95bd-0a8476b259e4,ImprovedHybridPSODE,False,none,1,ok
05557d2f-2c25-46ce-b115-35b700e465ed,EnhancedImprovedHybridPSODE,False,none,0,ok
a7c17cf6-d82e-4bfc-8e6b-f6e583e78ff4,EnhancedImprovedHybridPSODE,False,none,1,ok
304e6064-bb20-4430-9231-2360c078f8a4,HybridPSODE,False,none,0,ok
9082d75b-8745-42ac-b01c-b60cf84a4308,HybridPSODE,False,none,0,ok
0f9d2777-f5b7-48d5-b483-434df7998b07,RefinedHybridPSODE,False,none,0,ok
90343bc3-2c0e-45e3-b56c-504f7f648407,HybridPSODE,False,none,0,ok
3fa254c7-bc22-460e-befa-a0a075314326,ImprovedHybridPSODE,False,none,0,ok
bca16cfb-2d9f-4bc5-b66b-d16495d20ff0,EnhancedImprovedHybridPSODE,False,none,1,ok
342ddce9-cc69-46cc-a3f4-0618493165fe,EnhancedImprovedHybridPSODE,False,none,1,ok
b93a4c75-fdb5-48c4-ae4e-773f2d86bd10,EnhancedDynamicInertiaPSODE,False,none,1,ok
c0f5bb90-c14e-4098-9028-c07b1ca00137,EnhancedImprovedHybridPSODE,False,none,1,ok
9301b01d-4f40-4893-9224-9b567b431cbc,ChaoticEnhancedHybridPSODE,False,none,1,ok
c5a168fc-129f-49ea-a5a6-282fb5f0e353,EnhancedImprovedHybridPSODEv2,False,none,0,ok
e94b5c8c-770e-4880-b0ff-078b6e001729,EnhancedImprovedHybridPSODE,False,none,1,ok
f185d3f3-bfd7-4d69-8f4a-5435a5e3251c,EnhancedImprovedHybridPSODEv2,False,none,1,ok
b3875e4e-9269-4a74-9b83-1e5e2ea989ef,EnhancedImprovedHybridPSODE,False,none,1,ok
cd2b7500-190e-408c-843d-0629040c0705,EnhancedImprovedHybridPSODE,False,none,1,ok
b59c2d5d-4ff8-4492-964a-23054ce1ef9b,EnhancedImprovedHybridPSODE,False,none,1,ok
dbddfd82-657b-4c8a-9722-d001723e66bd,EnhancedImprovedHybridPSODE,False,none,1,ok
265df595-d0a9-444e-9f16-d857ffea2c2c,AdaptiveMultiPopulationPSODE,False,none,0,ok
2cb49343-ad69-4516-a0a7-cc5d4ce4d76c,EnhancedImprovedHybridPSODE,False,none,1,ok
ec4103a8-1ed9-4706-8134-86042a77f81a,EnhancedImprovedHybridPSODE,False,none,1,ok
797f7064-e526-4e95-916b-62bfeea4ec6e,RefinedEnhancedHybridPSODE,False,none,1,ok
a85a7325-1171-4ac5-a3d8-5df347968aac,RefinedAntInspiredPSODE,False,none,0,ok
aa521839-c803-44f6-b305-b0c967d53561,HybridPSOSA,True,Bounds,155,ok
02a7256b-ae94-4ed4-b4f3-88f5146ea169,SynergisticSwarmOptimizer,True,Clusters,350,ok
bc412960-a4cd-43e1-9327-595159609887,AdaptiveSwarmOptimizer,True,Center,69,ok
68c1f9b6-50ec-43d3-883d-adb8504090c7,EnhancedHybridPSODE,False,none,0,ok
753c9373-fbe9-4f55-8456-505faaa09d0c,EnhancedSwarmOptimizer,False,none,0,ok
5ceceee8-34d0-4e81-b156-c472fe7371db,AdaptiveSwarmOptimizer,False,none,0,ok
cd7a1185-d2c6-4142-86f5-68ad396ddd8d,GeneticHybridPSOSA,True,Discretization,80,ok
6490abaa-4c3e-4260-8c55-efee8a192a0a,NovelMetaheuristicOptimizer,False,none,0,ok
12ff99ab-ef97-4ed7-a587-344248193321,AdaptiveNeighborhoodSwarmOptimizer,True,Center,19,ok
cc74ec1c-67a7-4fb5-8b0e-c3c04d34ba21,EnhancedSwarmOptimizer,False,none,0,ok
c3b5a1c1-b624-4cc4-816a-212f90dc5f53,GeneticHybridPSOSA,True,Discretization,257,ok
1a739c43-7b5e-439e-a608-38a8c8b297ac,SwarmAdaptiveDifferentialEvolution,False,none,0,ok
cf323f87-20e2-42f2-9dc8-2a344295d53c,EnhancedSwarmOptimizer,True,Clusters,350,ok
10642da7-15ae-4abe-8023-c163682f70ed,EnhancedHybridPSOSA,True,Bounds,243,ok
26b5456f-ae2c-45ce-8d74-b7e3b78356aa,EnhancedHybridPSOSA,True,Bounds,243,ok
7f05ad1a-aa8d-496a-b277-9b7a29a63c32,RefinedHybridPSOSA,True,Discretization,263,ok
50763132-1545-414e-955d-a9528e17a26b,EnhancedHybridPSOSA,True,Discretization,264,ok
e41a6b0b-35fc-4ad9-a7ff-6b60cdbf6f9f,RefinedAdaptiveSwarmOptimizer,False,none,,ok
3ce8ca7a-fc83-4810-85af-406783872972,PSO_DE_Optimizer,False,none,0,ok
a542be04-3c35-4dad-bcf2-52394ba86508,HybridPSOSA,True,Bounds,153,ok
35e80deb-ced8-4cf0-b716-94e83c0d4809,HybridPSOSA,True,Bounds,162,ok
c68bc87c-3351-4104-93cc-573b07972216,HybridPSOSA,True,Discretization,84,ok
d8f1a811-4aba-4d79-a04e-5ba955cdee63,EnhancedHybridAntInspiredPSODE,False,none,1,ok
7f65eff1-4c07-489d-b91b-31352f7f1654,EnhancedHybridPSOSA,True,Bounds,242,ok
9455939e-3114-4a29-a413-8aab5191bfad,AdaptivePSO_DE,False,none,0,ok
25712e8d-6a39-4d5a-91a2-aee5f01e5673,PSO_DE_Optimized,False,none,0,ok
b3a7f2dd-dad2-467f-9a16-aa97c5ffade1,PSO_DE_Optimized,False,none,0,ok
b7d165fa-00ca-4a9c-9223-83ec097d7a6c,PSO_DE_Optimized,False,none,0,ok
94f6ba91-b169-4216-93b6-07938facecc0,PSO_DE_Optimized,False,none,0,ok
6d79d13a-defb-4fd8-9b77-3ea4914d6397,PSO_DE_Optimized,False,none,0,ok
8de6179d-1648-4d45-a4a3-b6627c4a46d6,PSO_DE_Adaptive,True,Discretization,86,ok
8bd77f55-f0fa-43f3-9f30-c242825d19a9,Adaptive_Hybrid_PSO_DE,False,none,0,ok
27bbeb45-7bd6-4d1b-ad2b-b0f878c0337b,Enhanced_Adaptive_Hybrid_PSO_DE,False,none,0,ok
e022e4e3-9fa2-4187-9167-2635fef9ff9f,Adaptive_Hybrid_PSO_DE,False,none,0,ok
17f1e43b-bfb5-406e-be0d-a7290024c11c,Enhanced_Hybrid_PSO_DE,False,none,0,ok
869cd657-d612-462e-8a59-28099552bcdd,Adaptive_Hybrid_PSO_DE,False,none,0,ok
ae0032fc-de1e-4954-ba24-6081fa137ca9,Adaptive_Hybrid_PSO_DE,False,none,0,ok
4de72628-8744-4383-bd4d-895a92928c01,Adaptive_Hybrid_PSO_DE,False,none,0,ok
9572106a-e316-4c5d-b077-43105f0a1e72,Enhanced_Env_Adaptive_Hybrid_PSO_DE,False,none,0,ok
df14e333-2164-45b8-aeb4-049e66bd6f69,Refined_Adaptive_Hybrid_PSO_DE,False,none,0,ok
298f466d-435b-45fe-ba87-8d35f66b096f,PSO_DE_Optimized,False,none,0,ok
523d15e4-ae81-4c04-a8f7-ad7429fbfd3e,HybridAdaptivePSO_DE,False,none,0,ok
0c7b3f61-14d2-4ac7-aa68-1c6dc0dc560f,PSO_DE_Optimized,False,none,0,ok
14ccc5f3-52b8-405c-b683-151cc26d496a,PSO_DE_Adaptive,False,none,0,ok
78be1d00-306d-45ad-b689-0c932e986a28,AdaptivePSO_DE,False,none,0,ok
0035e1fc-6216-46b8-a937-64749e5e1491,Enhanced_Hybrid_PSO_DE,False,none,0,ok
452306d7-2dd7-489a-a61e-7c55e2b38bb5,Adaptive_Hybrid_PSO_DE,False,none,0,ok
b385a910-bdc3-40c1-955c-c65594bf6965,Enhanced_Adaptive_PSO_DE,False,none,0,ok
4168e0fd-5a78-4fe1-80ce-f3bc25586980,Enhanced_Adaptive_Hybrid_PSO_DE,True,Discretization,62,ok
e6139d7c-00f7-4cab-b10f-386fb0d52311,Adaptive_Hybrid_PSO_DE,False,none,0,ok
97f1022e-bd89-4bc1-9b72-05832b2712c4,Adaptive_Hybrid_PSO_DE,False,none,0,ok
ac51a9de-dd39-4048-98b8-01846d3930e6,Enhanced_Adaptive_Hybrid_PSO_DE,False,none,0,ok
2652ff79-e868-4d90-bbab-f0be14e4748a,Enhanced_Adaptive_Hybrid_PSO_DE,False,none,0,ok
a300113e-55eb-4363-a5d1-177498155afa,Adaptive_Hybrid_PSO_DE,False,none,0,ok
2b7dd128-69ae-4a6b-b530-d877835ca712,Enhanced_Hybrid_PSO_DE,False,none,0,ok
a3459350-1cab-4ab0-aa71-7bb1c78b7372,Adaptive_Hybrid_PSO_DE,False,none,0,ok
e356a942-95e5-40a5-bd2d-64f0d8c13fc8,Enhanced_Adaptive_Hybrid_PSO_DE,False,none,0,ok
1232b1ac-5d1b-411f-b0bc-59975a0e5042,Adaptive_Hybrid_PSO_DE,False,none,0,ok
34d3fc99-a3f5-48d5-b725-53097eae3ddf,Adaptive_Enhanced_PSO_DE,False,none,0,ok
9c562777-2dfa-4d31-a2de-e5deade9398a,Adaptive_Hybrid_PSO_DE,False,none,0,ok
e7a5362b-67d6-4a17-8b4f-a2bbe7e2b8b0,Adaptive_Hybrid_PSO_DE,False,none,0,ok
1438a590-631e-42f7-92dc-910b6a60d216,Adaptive_Hybrid_PSO_DE_Improved,False,none,0,ok
52ae421e-e9bc-4d47-8ee6-119b22fb91c6,Refined_Adaptive_Hybrid_PSO_DE,False,none,0,ok
ba102087-5ed6-4a48-9722-2cbf1877633a,Adaptive_Hybrid_PSO_DE,False,none,0,ok
84eb2938-8ce4-4714-8fb4-251db98e5195,Adaptive_Hybrid_PSO_DE,False,none,0,ok
0d0654ef-8e91-48d8-8b1e-33eda5258ba7,Refined_Adaptive_Hybrid_PSO_DE,False,none,0,ok
e2e95198-0a71-4cb3-b81e-9eb0d4fea637,Adaptive_Hybrid_PSO_DE_Improved,False,none,0,ok
48920266-6f36-4440-a512-655138dc4f75,Refined_Adaptive_Hybrid_PSO_DE,False,none,0,ok
05b69d7d-d58b-4855-940a-96697d2de969,Adaptive_Hybrid_PSO_DE,False,none,0,ok
627109d0-95e2-42ca-a40d-7cf044b6ef9a,Enhanced_Adaptive_Hybrid_PSO_DE,False,none,0,ok
020f5de6-08a0-4e43-8622-f37a1915e1c2,Enhanced_Adaptive_Hybrid_PSO_DE,False,none,0,ok
ad009093-df06-4219-b7dd-8e8b4beaeac3,Enhanced_Adaptive_Hybrid_PSO_DE,False,none,0,ok
6a9b2c8e-c31f-4395-bc98-f4c52fcd3f82,Adaptive_Hybrid_PSO_DE,False,none,0,ok
044873a2-94de-45a4-8abb-46910a82cdc1,Adaptive_Hybrid_PSO_DE,False,none,0,ok
7da1a616-549c-413f-918b-e281d3470e2c,Enhanced_Adaptive_Hybrid_PSO_DE,False,none,0,ok
3d299b78-0954-4cf7-ab7f-e1609ae677d1,Adaptive_Hybrid_PSO_DE,False,none,0,ok
f65a3af7-0376-432a-b09a-a24a4095c8f7,Adaptive_Hybrid_PSO_DE,False,none,0,ok
a80143ff-7c32-4a42-af7c-edb8a058d7a2,Enhanced_Adaptive_Hybrid_PSO_DE,False,none,0,ok
8c5756f0-3875-4267-b464-f774a2cb235d,Adaptive_Hybrid_PSO_DE,False,none,0,ok
a50184f1-5174-44f0-a938-9eedb6bdfe33,Refined_Adaptive_Hybrid_PSO_DE,False,none,0,ok
764d4ab4-8f32-4c1a-a443-95eb2902da92,Enhanced_Adaptive_Hybrid_PSO_DE,False,none,0,ok
e12b9653-8a41-4be3-8074-cb8b7accdbde,Enhanced_Adaptive_Hybrid_PSO_DE,False,none,0,ok
287f913b-c024-4e69-817c-83257a98179a,Adaptive_Hybrid_PSO_DE,False,none,0,ok
e132e2d1-5ccf-431d-bea2-8f9004b268f8,Enhanced_Hybrid_PSO_DE,False,none,0,ok
541a210a-ea3a-472e-a029-02cc690b458f,Adaptive_Hybrid_PSO_DE,False,none,0,ok
51c76426-12a3-4cf7-9935-910c3d013a1c,Refined_Adaptive_Hybrid_PSO_DE,False,none,0,ok
afc403fe-40fe-49d0-8843-53081df859ea,Adaptive_Hybrid_PSO_DE,False,none,0,ok
32a24663-c5b6-4a74-a047-891c1d808541,Adaptive_Hybrid_PSO_DE,True,Discretization,91,ok
05e93f87-8ff8-4144-af6b-1b0bb0a82d2b,Enhanced_Adaptive_Hybrid_PSO_DE,False,none,0,ok
e5a01550-a810-462d-871d-496dd039187f,Enhanced_Adaptive_Hybrid_PSO_DE,False,none,0,ok
8fd49375-7c00-47e9-874d-799197d55b87,Adaptive_Hybrid_PSO_DE,False,none,0,ok
cb0b0364-6c1a-4a92-a82d-2ebdd4814e56,Adaptive_Hybrid_PSO_DE,False,none,0,ok
fa400628-322c-41b1-9698-67ab71dcdce1,Adaptive_Hybrid_PSO_DE,False,none,0,ok
bf314f25-5d42-4952-ba9b-cc89e973fb43,Adaptive_Hybrid_PSO_DE,False,none,0,ok
42ba47e2-c22b-43aa-b4ad-d68aecd7049d,Adaptive_Hybrid_PSO_DE,False,none,0,ok
41eb945f-64f2-4425-bf44-92349cc7fafb,Adaptive_Hybrid_PSO_DE,False,none,0,ok
6a06558f-a4ab-4d7b-bedf-60166787b1d6,Adaptive_Hybrid_PSO_DE,False,none,0,ok
888b4f54-a23a-4a50-96ce-fa6ae669d3a9,Adaptive_Hybrid_PSO_DE,False,none,0,ok
b47ce420-e42b-41ca-904b-60fe32c021ed,Adaptive_Hybrid_PSO_DE_V2,False,none,0,ok
d50d968a-7eb7-45d8-9745-a3b1d168ea13,Adaptive_Hybrid_PSO_DE,False,none,0,ok
5e030b15-85ef-4e48-bc9b-d628e5ad128e,Enhanced_Adaptive_Hybrid_PSO_DE,False,none,0,ok
054a9497-a52d-4cbc-b612-ceb98c479e0b,Enhanced_Adaptive_Hybrid_PSO_DE,False,none,0,ok
d69ae1d4-0cda-4cd2-9248-434bd72f49a2,Adaptive_Hybrid_PSO_DE,False,none,0,ok
45d0e6f5-3240-4e35-b630-81d40c136293,Adaptive_Hybrid_PSO_DE,False,none,0,ok
adef6030-e551-4880-84be-7a653a94e070,Adaptive_Hybrid_PSO_DE,False,none,0,ok
0021b133-3043-4346-9540-03b2c62c2fdd,Adaptive_Hybrid_PSO_DE,False,none,0,ok
bd89df3f-a679-41f2-b92b-e6bee5064421,HybridPSO_DE,False,none,0,ok
ef6a1d53-2ea0-4852-afc7-9e2536399683,EnhancedHybridPSO_DE,False,none,0,ok
33490d48-9890-46d3-bdf6-22671db1b438,EnhancedHybridPSO_DE,False,none,0,ok
efaeced3-871a-4fce-825e-5b460e0888a2,Improved_Adaptive_Hybrid_PSO_DE,False,none,0,ok
c955ac88-ea15-4e42-83ae-72290cefa266,Adaptive_Hybrid_PSO_DE,False,none,0,ok
79389e06-6984-4f66-a5cf-e897acbad539,Adaptive_Hybrid_PSO_DE,False,none,0,ok
ce3f5c9b-5ea5-4a93-9dff-9eea7b76f2c4,EnhancedHybridOptimizer,False,none,0,ok
e65f3f83-4d3f-44ee-a06d-a0eb7ec3a2c1,HybridPSO_DE,False,none,0,ok
ca5a919a-64cd-426f-b7f9-b6738c6bc255,EnhancedHybridPSO_DE,False,none,0,ok
a86aa837-3cd7-46a1-926e-80979e9afe20,HybridPSO_DE,False,none,0,ok
58a06dbb-52c6-4501-8430-6c9abfd6e870,EnhancedHybridPSO_DE,False,none,0,ok
20237a39-675c-4d7a-9c65-99cbfa4842a3,MultiSwarmCooperativeOptimizer,False,none,0,ok
c6c2fb28-30cf-4e9a-95f9-de845108ce84,HybridPSO_DE,False,none,0,ok
a423ea4f-e2fe-4ad6-acf0-ef8204806729,HybridPSO_DE,False,none,0,ok
2f9ed38b-372e-4091-b7cd-2eaaf560c6df,EnhancedHybridPSO_DE,False,none,0,ok
527f3940-381f-4c39-a3df-dc5aa0f3ecec,HybridPSO_DE,False,none,0,ok
26db5b3b-8204-4b47-8963-ae2ce1800dc7,HybridPSO_DE,False,none,0,ok
819c9202-a1bd-4f92-ab61-35fb5423391b,EnhancedHybridPSO_DE,False,none,0,ok
500afb2a-717a-4f29-923a-b9646c5b8fa9,HybridPSO_DE,False,none,0,ok
1b9933d0-648a-4a6b-a4e8-8b0551bf9e9c,RefinedHybridPSO_DE,False,none,0,ok
40275735-80a9-4d97-a21d-de0390812d27,EnhancedHybridPSO_DE,False,none,0,ok
ebc223ba-371f-41d0-b61c-8d85146534f5,HybridPSO_DE,False,none,0,ok
29082a4a-5971-4f48-91d0-f38cc9413bfc,EnhancedHybridPSO_DE,False,none,0,ok
e09654ed-3591-4103-8a22-e1914fecc103,EnhancedHybridPSO_DE,False,none,0,ok
09e0fb68-0f95-4891-90c2-885d8b39896d,EnhancedHybridPSO_DE,False,none,0,ok
c43b2714-e395-464c-ba2b-019f9f0e0c0f,HybridPSO_DE,False,none,0,ok
398d71a6-ff18-4e99-bb63-42e6312f5e21,HybridPSO_DE,False,none,0,ok
4c91f46d-e3a0-4d78-830f-04723cd79e00,HybridPSO_DE,False,none,0,ok
00515aca-f3d5-4fa2-b8fa-ad6c50158dee,HybridPSO_DE,False,none,0,ok
12a3650c-6069-4be5-baa3-8653af0cee50,EnhancedHybridPSO_DE,False,none,0,ok
457427b6-41c7-46df-8efe-bc4836d5d2df,AdaptiveHybridPSO_DE,False,none,0,ok
e0b342d9-9f1b-4d75-abce-41706f4b421f,EnhancedHybridPSO_DE,False,none,0,ok
1896d36a-b9cb-46ad-8dfb-d2333597a8fd,EnhancedHybridPSO_DE,False,none,0,ok
f07df4f3-48e2-4de0-9e57-41ff10336f6f,AdaptiveLevyPSO_DE,False,none,0,ok
121d6015-9b39-4859-8456-31d83f02d6d8,AdaptiveQuantumHybridPSO_DE,False,none,1,ok
6a9fc8ea-f08d-4248-956c-af9c7b1e0cde,AdaptiveQuantumHybridPSO_DE,False,none,1,ok
7f435d9f-ea2b-40d0-a6ab-bf99493a3f6e,EnhancedQuantumHybridPSO_DE,False,none,1,ok
f1e4415f-315d-4c80-84ec-1177bceda58a,EnhancedAdaptativeQuantumPSO_DE,False,none,1,ok
40820d0a-7306-40bd-8292-f06af7fa4b08,AdaptiveQuantumHybridPSO_DE,False,none,1,ok
1587d992-7b70-4ccb-88af-9cc010209b15,QuantumInspiredDynamicPSO,False,none,1,ok
5f7e0729-6b4e-471d-8c44-cf330a57d796,EnhancedAdaptiveQuantumHybridPSO_DE,False,none,1,ok
e2372844-1c05-42d5-9301-4e937291d827,EnhancedAdaptiveQuantumHybridPSO_DE,False,none,1,ok
3b75a081-56ff-48a0-9bc7-9366736aa7ce,OptimizedHybridPSO_DE,False,none,1,ok
80e8431b-2484-4ef7-91b8-38736e2a312b,AdaptiveQuantumHybridPSO_DE,False,none,1,ok
027c5edb-b8bb-4b9d-927f-609a7f257d98,EnhancedAdaptiveQuantumHybridPSO_DE,False,none,1,ok
04fbfffc-f31d-46bf-9d87-2c6ff68e8fd4,EnhancedAdaptiveQuantumHybridPSO_DE,False,none,1,ok
0a593f4a-8540-4ce8-bc93-e8607902c6f1,AdaptiveQuantumHybridPSO_DE,False,none,1,ok
f004f83c-b5c5-4370-9a70-95c0b6858609,EnhancedAdaptiveQuantumHybridPSO_DE,False,none,1,ok
65330df6-111f-404a-937a-004227602610,EnhancedAdaptiveQuantumHybridPSO_DE,False,none,1,ok
f2b56605-7ca0-44c6-9058-91a28707a413,EnhancedAdaptiveQuantumHybridPSO_DE,False,none,1,ok
420ad5b3-fd46-41af-a2fb-fb6b40c6669d,MultiStrategyQuantumHybridPSO_DE,False,none,1,ok
fbe75567-ef34-49a8-bedd-78aa4b154962,EnhancedAdaptiveQuantumHybridPSO_DE,False,none,1,ok
42aadbad-4eb5-4245-b83a-36ec2e314544,AdaptiveQuantumEnhancedPSO_DE,False,none,1,ok
60069456-66f3-4809-bc1e-d04ead6dd5b3,QuantumInspiredAdaptiveHybridPSO_DE,False,none,1,ok
f7578118-b257-4fa5-a002-6aa7cf0bfe4e,EnhancedAdaptiveQuantumHybridPSO_DE,False,none,1,ok
5a7e9c57-d953-4fe8-9d1d-bef54f3b5b6b,EnhancedAdaptiveQuantumHybridPSO_DE,False,none,1,ok
8e3a4ff5-79a0-4593-88a5-fb1ac335c5ff,EnhancedAdaptiveQuantumHybridPSO_DE,False,none,1,ok
1735c19d-b2f9-40fa-af85-324f5de4ba55,DiversifiedVelocityQuantumHybridPSO_DE,False,none,1,ok
0521e829-1563-4884-b9e6-7c402904a121,QuantumInspiredAdaptiveHybridPSO_DE,True,Bounds,42,ok
07938376-3f71-4d1e-a83a-d7fe5262247a,EnhancedAdaptiveQuantumHybridPSO_DE,False,none,1,ok
e397cfd9-b5b3-48d9-9e66-3d4a3299e22b,QuantumInspiredDualGuidedPSO_DE,False,none,1,ok
c9c13798-ab65-46bb-8e76-dc171d2d4b4f,AdaptiveQuantumHybridPSO_DE_DynamicFeedback,False,none,1,ok
906b519b-9255-40b8-bf89-6a21e23bb075,EnhancedAdaptiveQuantumHybridPSO_DE,False,none,1,ok
0d9f757f-fdf8-4e97-9afb-8b32752a307a,AdaptiveQuantumInspiredPSO_DE,False,none,1,ok
2c89dba0-aa06-4b8e-851d-edfa7d0dbc9d,EnhancedAdaptiveQuantumHybridPSO_DE,False,none,1,ok
0681828e-2995-4342-8afe-d7c7a0c1998d,BalancedAdaptiveHybridPSO_DE,False,none,1,ok
aeced910-3ecd-4a1c-9767-f17632ad518c,EnhancedAdaptiveQuantumHybridPSO_DE,False,none,1,ok
0bf7f7f3-9e86-475b-8b5e-3af1530d192d,ImprovedEnhancedAdaptiveQuantumHybridPSO_DE,False,none,1,ok
73842764-da29-480d-8c91-ec909ca42c24,QuantumInspiredAdaptiveMomentumPSO_DE,False,none,1,ok
a0bce4c9-6fd3-460d-8b12-a59389d9c0db,QuantumInspiredAdaptiveMomentumPSO_DE,False,none,1,ok
541f94c6-e3e4-4915-a571-f42553ce28a3,QuantumInspiredAdaptiveMomentumPSO_DE,False,none,1,ok
6767a991-dbee-4877-bdde-41a13487da4f,HybridPSO_DE,False,none,0,ok
8b95c985-3736-4e5e-b4df-547493886d1f,EnhancedQuantumPSO_DE,False,none,1,ok
a7cf649d-2b3d-4f1e-9950-77e61dfd861c,CompetitiveSwarmEnhancedRanking,False,none,0,ok
a65ced92-1f65-457c-84f7-c781d21bbcc7,QuantumInspiredAdaptiveMomentumPSO_DE,False,none,1,ok
b59d92f0-d5a1-4934-b9ba-7923df02f351,QuantumEnhancedAdaptivePSODE,False,none,1,ok
b69918e8-c611-423f-bf0a-6c92c801f691,QuantumInspiredAdaptiveMomentumPSO_DE,False,none,1,ok
debaf8e4-9dad-45e8-b3f1-9457b8fc1438,AdaptiveMomentumInspiredQuantumPSO_DE,False,none,1,ok
da0d6b48-5971-4fa6-9986-f6e279f95cf4,QuantumInspiredAdaptiveMomentumPSO_DE,False,none,1,ok
59d7e7a1-b977-4cd7-83be-6cd94e6b21f5,QuantumInspiredAdaptiveMomentumPSO_DE,False,none,1,ok
bc6c6df4-66eb-4149-8d77-b8e705d38abb,QuantumInspiredAdaptiveMomentumPSO_DE,False,none,1,ok
d0e02ee4-843d-4272-a285-3d83684c1bce,QuantumInspiredAdaptiveMomentumPSO_DE,False,none,1,ok
99206eeb-acce-4ce5-9967-13da94e1d855,QuantumInspiredAdaptiveMomentumPSO_DE,False,none,1,ok
40124b32-d4df-4dbd-b360-4a73df9579df,EnhancedQuantumInspiredPSO_DE,False,none,1,ok
c0887a6e-ddff-4d41-9faa-674baa456705,QuantumInspiredAdaptiveMomentumPSO_DE,False,none,1,ok
210355ac-c3b7-43d9-ac9b-ae9f346f8b58,QuantumInspiredAdaptiveMomentumPSO_DE,False,none,1,ok
dd4131b2-0bea-4a9b-8c93-b7b36554cfe3,EnhancedQuantumPSO_DE,False,none,1,ok
b4e1a627-7a02-4c8b-9eb9-6539c31c80ba,QuantumInspiredAdaptiveMomentumPSO_DE,False,none,1,ok
248fcd27-83bb-4f9c-886b-602c86f697a9,QuantumInspiredAdaptiveMomentumPSO_DE,False,none,1,ok
542928e3-26b8-4bb7-922e-ce35f0364d56,QuantumAdaptiveHybridPSO_DE,False,none,1,ok
f8dfcfa9-bb05-476b-9386-78763c28e8bc,QuantumInspiredAdaptiveMomentumPSO_DE,False,none,1,ok
08195315-8134-4820-b500-2acb34893246,QuantumInspiredDynamicPSO_DE,False,none,1,ok
6dc6fd07-7d25-44e9-80d0-f23c45e73941,QuantumInspiredAdaptiveMomentumPSO_DE,False,none,1,ok
5e907f77-c8b4-4d72-9a87-2c8ec7cafbaa,HybridPSO_DE,False,none,0,ok
3a142d65-9e42-4422-ac2e-9ecc6bd728e5,HybridPSO_DE,False,none,0,ok
08d50368-d24d-4413-ab56-df97bfdc1dac,AdaptiveHybridPSO_DE,False,none,0,ok
3f5a6495-5117-4870-b366-38eb54785c40,RefinedAdaptiveHybridPSO_DE,False,none,0,ok
e0433338-d0c2-4ac5-bfb2-7b54ec37e413,AdaptiveHybridPSO_DE,False,none,0,ok
3da20293-c831-4e78-9b01-6ecd112296a8,EnhancedAdaptiveHybridPSO_DE,False,none,0,ok
666a19dd-5a9d-4e76-92d9-2d9f32ba3539,DynamicAdaptiveSwarmDE,False,none,0,ok
571b3ba1-feb9-464a-87ad-0550875b9cb8,HyperAdaptiveSwarmDE,False,none,0,ok
39ddca9b-e5bd-48ac-9eff-8bc3cd4ab406,DynamicAdaptiveSwarmDERefined,False,none,0,ok
77930589-a212-4595-8907-a38155da688c,EnhancedDynamicAdaptiveSwarmDE,False,none,0,ok
399895f7-d743-4815-9a57-cac1cf9104f4,AdaptiveResonancePSO,False,none,0,ok
ba8a8d6e-5f59-43aa-9124-71183c674930,AdvancedDynamicSwarmDE,False,none,0,ok
9781c394-7575-4ca1-bf41-573daad7bc95,EnhancedAdaptiveSwarmDE,True,Clusters,214,ok
1e006381-6397-4873-8b31-f7d89f49facd,EnhancedDynamicSwarmDE,False,none,0,ok
16c00469-bd85-452b-a690-58aafcff20c1,ImprovedDynamicSwarmDE,False,none,0,ok
dfbfd2e5-8599-4d05-972c-316bd11fbf2e,EnhancedAdaptiveSwarmDE,False,none,0,ok
03f2e5a6-3d20-4eae-86f1-031ce69cda85,EnhancedDynamicAdaptiveSwarmDE,False,none,0,ok
f4caa3d8-0518-426e-83d0-9c0d56cd7e45,EnhancedDynamicSwarmDE,False,none,0,ok
feae3e97-dcdd-4bd4-8dba-822fcf54246e,DynamicAdaptiveSwarmDE,False,none,0,ok
0c580e62-a167-45e3-8e0e-8935fdae40be,EnhancedDynamicAdaptiveSwarmDE,False,none,0,ok
bc4eb59c-baad-4504-9876-651226105644,AdvancedDynamicSwarmDE,False,none,0,ok
dc128b22-952a-4859-b47e-71fb7b48f921,AdvancedDynamicSwarmDE,False,none,0,ok
564147c3-8425-4d06-af66-0e7bfbd0d375,EnhancedDynamicSwarmDE,False,none,0,ok
4a43c3ac-9c0b-427e-a7c5-48e2765024a3,EnhancedDynamicSwarmDE,False,none,0,ok
31c84f2c-2b72-4d53-b997-5a604eac4ef1,RefinedDynamicSwarmDE,False,none,0,ok
b95dd035-0f95-4f15-b67a-18e9da3c87f1,MultiObjectiveDynamicSwarmDE,False,none,0,ok
c67355ce-49c5-44d7-af3b-36de2c113117,EnhancedDynamicSwarmDE,True,Center,47,ok
2f2718dc-bd64-4e61-9838-0da9190f946b,EnhancedDynamicSwarmDE,False,none,0,ok
82041f3c-c789-4d1a-853c-da59549b7480,AdvancedDynamicSwarmDE,False,none,0,ok
d2982029-3bd1-4e10-a7c6-e1c64714cb0c,EnhancedDynamicSwarmDE,False,none,0,ok
6f2a7850-f8e5-438d-b4cb-913b20417ebf,EnhancedDynamicSwarmDE,False,none,0,ok
e5528d25-9c16-4215-be38-7615b634a884,EnhancedDynamicSwarmDE,False,none,0,ok
c72e3126-1756-4944-bbd1-02ac2f8cc76b,AdvancedDynamicSwarmDE,False,none,0,ok
69e95054-4aa4-4501-a2e6-75658c5340da,EnhancedDynamicSwarmDE,False,none,0,ok
52309ac0-ff86-477b-942f-74a86feeb775,EnhancedDynamicSwarmDE,False,none,0,ok
3efad840-19d5-4557-a321-8f57da2dba7f,EnhancedDynamicSwarmDE,False,none,0,ok
62b6b227-b6eb-49ca-81e9-4f0ace17865b,EnhancedDynamicSwarmDE,False,none,0,ok
8b00ef39-065b-4bce-a52a-f2f328c9df66,EnhancedDynamicSwarmDE,False,none,0,ok
20b28a98-592b-4848-b57c-720d31217b17,EnhancedDynamicSwarmDE,True,Clusters,189,ok
534d82d2-be8c-47d2-a768-0cf640e46ace,EnhancedDynamicSwarmDE,True,Clusters,189,ok
ef1da836-5ee2-4304-bae8-781c35d228bd,EnhancedDynamicSwarmDE,True,Clusters,189,ok
cfcf9594-f8a6-4a23-86a9-f0d8bfc9cc45,RefinedDynamicSwarmDE,True,Clusters,190,ok
e6aabe22-7671-4886-b564-fa06d0190006,EnhancedDynamicSwarmDE,False,none,0,ok
801f50f9-a7ef-435b-ad38-7eb2f3f67621,EnhancedDynamicSwarmDE,False,none,0,ok
fc5cb7a0-603d-4ad6-a593-a688f8c48ea6,EnhancedDynamicSwarmDE,False,none,0,ok
54da93ca-0238-49ef-b2aa-4bd904d9a513,EnhancedDynamicSwarmDE,False,none,0,ok
31368798-8b4d-4e7e-95a4-72a522d4fcec,EnhancedDynamicSwarmDE,False,none,0,ok
b6cefc8a-513b-4f3b-9316-4b28fa5107f9,EnhancedDynamicSwarmDE,True,Clusters,189,ok
95fe113f-485a-4c0d-9646-94f08279c686,EnhancedDynamicSwarmDE,True,Clusters,190,ok
3b27db84-a76e-4988-b889-dd36f2ba7c13,EnhancedDynamicSwarmDE,True,Clusters,190,ok
8cb55bfa-114d-4e9b-b0ad-2f8061a044af,EnhancedDynamicSwarmDE,True,Clusters,190,ok
8db274ae-16c8-4405-a63a-2b66f30c90b8,EnhancedDynamicSwarmDE,True,Clusters,188,ok
fa57380d-c326-4b8a-a867-9d92990cad2c,EnhancedDynamicSwarmDE,False,none,0,ok
205a1058-51d4-4ac8-a187-61f65758bb0f,EnhancedDynamicSwarmDE,False,none,0,ok
7cf4f6b6-698a-44fd-97de-47eb6ecaf9d9,EnhancedDynamicSwarmDE,True,Clusters,189,ok
9f6a7e81-587d-494c-8952-5736c9444b03,EnhancedDynamicSwarmDE,True,Clusters,191,ok
bd273f06-0b3b-4cab-90e5-9e569e679946,EnhancedDynamicSwarmDE,True,Clusters,189,ok
eb36ab71-b217-4d6b-8c6d-bb8fcf3826f0,RefinedDynamicSwarmDE,True,Clusters,190,ok
8ddae709-bbff-4e02-ab23-b566efa145e3,EnhancedDynamicSwarmDE,True,Clusters,117,ok
7a4152f8-e4f5-4e3f-8a83-2ac1eb536e64,EnhancedSwarmSymbioticDE,True,Clusters,189,ok
7c66e47d-b220-4eb1-8ca8-958a09c4faf8,RefinedDynamicSwarmDE,True,Clusters,190,ok
e4ded0b2-6d4b-417d-8f1a-d0e61770e790,RefinedDynamicSwarmDE,True,Clusters,187,ok
a3876eb6-9d53-41c3-ba36-1f24c382a7e3,RefinedDynamicSwarmDE,True,Clusters,190,ok
9a5f233c-6c51-40b7-9d99-945a4676bd0a,AdvancedAdaptiveSwarmDE,True,Clusters,190,ok
4fb3c8bb-a1df-44b9-8d24-cbe458253f66,RefinedDynamicSwarmDE,True,Clusters,190,ok
62d960cd-af20-412c-89ae-32f521e1bf54,RefinedDynamicSwarmDE,True,Clusters,188,ok
dbdc6909-96f3-4c7c-95d6-b05ff6858715,AdaptiveMultiPhaseSwarm,False,none,0,ok
5dd6b87d-5532-4751-a720-b80178e1b7b5,RefinedDynamicSwarmDE,True,Clusters,191,ok
3f77c708-bd2d-463f-a98f-a1de793f167b,EnhancedSwarmCoordinationDE,True,Clusters,238,ok
ab71ae57-4af6-480a-a30c-94099e2ec11c,RefinedDynamicSwarmDE,True,Clusters,189,ok
85c77ae6-d195-46b2-bede-54d1641b1dec,RefinedDynamicSwarmDE,True,Clusters,189,ok
d8133928-c349-4eba-a08f-55da02f98972,EnhancedMultiScaleSwarmDE,True,Clusters,191,ok
778caa0a-c1b9-4922-846d-ff884693e4e3,RefinedDynamicSwarmDE,True,Clusters,191,ok
095906db-834d-4413-8366-b575f2b4713d,AdaptiveHybridSwarmOptimization,False,none,0,ok
463ed305-1970-4301-942b-d4cca31d54c1,RefinedDynamicSwarmDE,True,Clusters,188,ok
ead3032a-8f04-4294-9abe-f7fbd0b472ac,RefinedDynamicSwarmDE,True,Clusters,189,ok
87d1dacb-e927-438c-a2fd-9a9b2bc1ea5d,AdaptiveQuantumSwarmEvolution,True,Clusters,189,ok
67f223c4-6012-4d3d-8c06-fb159525f2cd,EnhancedHybridPSO_DE,False,none,0,ok
e3fbbec3-5920-4536-8963-d1d3bbdf2b6e,EnhancedAdaptiveHybridPSO_DE,False,none,0,ok
34db52f6-7045-4014-939f-f4ab061fc2e2,EnhancedHybridPSO_DE,False,none,0,ok
7db24a71-f1cc-4196-8027-67d04c75e4c2,EnhancedHybridPSO_DE,False,none,0,ok
b840cb35-3776-415f-ad81-3f7de61201e6,EnhancedDynamicSwarmDE,False,none,0,ok
dfbc5b31-8d03-497a-9009-eea0c608edb1,EnhancedHybridPSO_DE,False,none,0,ok
59a46bd7-d3f4-48b9-a3a8-56c387d3c023,EnhancedHybridPSO_DE,False,none,0,ok
7224e301-f386-443d-9027-504f58e3eadd,RefinedDynamicSwarmDE,True,Clusters,191,ok
21754c26-b08b-44db-9d46-278925a0cc2c,EnhancedAdversarialSwarmDE,True,Clusters,190,ok
2f25ea10-4750-4943-9ee3-55b31427fa73,ChaoticCoEvolutionarySwarmDE,True,Clusters,145,ok
5503cece-cb19-40b6-b9a3-412fc06fc9c1,EnhancedAdversarialSwarmDE,True,Clusters,192,ok
0ef378b2-97db-4c79-a9b8-7a26da12a056,DynamicSwarmDE,True,Clusters,116,ok
74c16d88-16bc-4151-ace6-06e62c54b4d1,EnhancedAdversarialSwarmDE,True,Clusters,191,ok
5c5ff0b0-2602-4155-aea2-f3c281e77d1a,AdaptiveChaosSwarmDE,True,Clusters,192,ok
9cde036d-0a75-45b0-8d40-d7c6f0b647fb,EnhancedAdversarialSwarmDE,True,Clusters,189,ok
038aa540-600d-40eb-a7a9-b8619ab6fe27,EnhancedAdversarialSwarmDE,True,Clusters,190,ok
b07e6d12-07e1-4c85-a4fa-66dfeff70e1b,EnhancedAdversarialSwarmDE,True,Clusters,191,ok
57d2d0c3-63e0-4fba-bcbd-e8785a9074e8,EnhancedAdversarialSwarmDE,True,Clusters,190,ok
5cac4c0c-0e7f-43de-aa6c-3cda26bdc177,HybridPSO_DE,False,none,0,ok
ac2ca57b-9543-4cde-8d02-e2d6e3cd71bf,HybridPSO_DE,False,none,0,ok
228eaa62-27c6-4b24-943f-8e62f720f7c0,EnhancedHybridPSO_DE,False,none,0,ok
e7c644c7-6e78-4d87-b2a5-d0afc1f95a85,EnhancedAdversarialSwarmDE,True,Clusters,192,ok
0e1c98ec-439c-4fce-9d7a-5ea1f903d1c8,EnhancedAdversarialSwarmDE,True,Clusters,191,ok
262bfe0a-6ee4-4b1d-9a8f-bdd46ddec92d,CooperativeAdaptiveSwarmDE,True,Clusters,190,ok
f7aab1af-fafb-4a83-8e6e-a1235e593044,AdaptiveTurbulenceSwarmDE,True,Clusters,191,ok
30b2b962-9350-4864-a9d2-e3fbb429852b,EnhancedAdversarialSwarmDE,True,Clusters,190,ok
00093c26-925e-492d-b501-875326d3cb45,AdaptiveSwarmGradientDescent,False,none,0,ok
004be90a-6787-4f6a-b934-388465d5f0ac,AdaptiveSwarmGradientDescent,False,none,0,ok
008c30f1-2aa2-48b1-8835-6af0e33a3c74,AdaptiveSwarmGradientDescent,False,none,0,ok
0105cc8c-62aa-4237-9690-08aac7c9cf19,SwarmOptimizer,False,none,0,ok
0130d00e-f972-413c-82ea-e3219224b396,EnhancedAdaptiveSwarmGradientDescent,False,none,0,ok
01650641-9dd0-4a25-9a32-18ace6649105,SwarmOptimizer,False,none,0,ok
022dc06f-798d-48ed-aaa6-528b4825062d,PSO_DE_Hybrid,False,none,0,ok
02f5dc01-9e4f-4caa-988b-5295377688fd,SwarmOptimizer,False,none,0,ok
02f84b82-ba5a-4c2d-b1ea-4a803cb30e61,HybridPSOSA,True,Discretization,71,ok
031566b6-ff4d-47dc-8602-72ef28556de5,SwarmOptimizer,False,none,0,ok
031a0b0b-3158-40ec-9742-56ef94866952,EnhancedAdaptiveSwarmGradientDescent,False,none,0,ok
03373d26-294f-4c34-a6d6-9b237f6b2187,AdaptiveSwarmGradientDescent,False,none,0,ok
024d238a-e627-41b7-8d20-a6172f7d3073,EnhancedAdaptiveSwarmGradientDescent,False,none,0,ok
0260c1a3-0ddc-4290-8620-f1a68ad8394a,AdaptiveSwarmGradientDescent,False,none,0,ok
02b2f837-c4dd-4e25-ad13-b0f6abc3a088,HybridPSOSA,True,Discretization,56,ok
02d0f564-bebd-44d7-ba5c-55de23b1b2cc,ChaoticSwarmOptimizer,False,none,0,ok
02d1585d-38c5-4e97-9348-dd680b499290,AdaptiveSwarmGradientDescent,False,none,0,ok
03774076-68dc-48e0-ab4c-87bdafe503a5,HybridPSODE,True,Discretization,39,ok
03e6175b-69bf-4bbf-a652-cad4a7ac1095,AdaptiveSwarmGradientDescent,False,none,0,ok
03efe0d8-2aa8-4408-9b28-e7dd2447a778,HybridPSOSA,True,Discretization,38,ok
045843d8-9f07-4b96-852f-a77d65a2d115,AdaptiveSwarmGradientDescent,False,none,0,ok
05025a35-d02d-49ff-af62-779982768e79,AdaptiveSwarmGradientDescent,False,none,0,ok
053da374-7e9e-4a9e-aad0-4fb71b2b85d7,AdaptiveSwarmOptimizer,False,none,0,ok
058403d4-459e-4c06-8d07-f19b9aaa3f14,AdaptiveSwarmGradientDescent,False,none,0,ok
05d46d83-2230-4bb9-894e-8b7d4bdfe391,AdaptiveSwarmHarmonyOptimization,False,none,0,ok
0605b452-4649-431f-a694-1b06b0282b1d,EnhancedAdaptiveSwarmGradientDescent,False,none,0,ok
0633b858-5ef4-4972-ac60-7b5bca4fb747,AdaptiveSwarmGradientDescent,False,none,0,ok
0636818e-043d-4797-9a74-0210761c75e8,SwarmOptimizer,False,none,0,ok
06393ab5-cc61-4937-92bc-178af7bfe61b,SwarmOptimizer,False,none,0,ok
06dd7c4c-dd99-435f-82d4-916f95fc6925,SwarmOptimizer,False,none,0,ok
06e6f1cb-d1fe-4d04-af17-92985798f6d4,AdaptiveSwarmGradientDescent,False,none,0,ok
07030318-5134-4ab3-be26-755a9a9bf0dc,AdaptiveSwarmGradientDescent,False,none,0,ok
076d4cec-482f-4bb9-8e11-167383e6b167,PSO_DE_Hybrid,False,none,0,ok
0672e52c-9409-4e0b-bc76-ee85040466fe,EnhancedAdaptiveSwarmGradientDescent,False,none,0,ok
06828667-fc3f-4793-80e7-be4027add42a,AdaptiveSwarmHarmonySearch,False,none,0,ok
0691b7d6-dddb-474a-8af9-027ae21de1a7,DynamicSwarmOptimizer,False,none,0,ok
06c463f1-3a40-477d-8399-251b08e39a61,AdaptiveSwarmGradientDescent,False,none,0,ok
06c8b39e-76ff-43c5-9f04-2d523fc77ce7,PSO_DE_Hybrid,False,none,0,ok
07d1aa17-3d65-4601-a175-9ac6ff3c75e4,SwarmOptimizer,False,none,0,ok
07e0064a-d58f-4091-943d-316abf763a5f,AdaptiveSwarmGradientDescent,False,none,0,ok
09992da8-a0ca-4fb0-a494-93d2affe3087,AdaptiveSwarmOptimizer,False,none,0,ok
09de97ab-a8ea-4181-a0d3-ea6ae2b029b2,HybridPSODE,True,Bounds,178,ok
09f02f72-cf19-4cde-9506-f44564eb3739,AdaptiveBoundaryRefinement,False,none,0,ok
0b4c1d93-b778-456c-9c41-f40fc85613c8,EnhancedAdaptiveSwarmGradientDescent,False,none,0,ok
0b694cd2-4202-4857-8443-6a528482fe3a,AdaptiveSwarmGradientDescent,False,none,0,ok
0b6bb9e2-8340-4910-b209-4485f121bba3,AdaptiveSwarmGradientDescent,False,none,0,ok
0913934d-28ac-4a83-b0ae-4303f9c0346a,HybridPSODE,True,Bounds,178,ok
092c1ad4-2c8a-4e91-8800-d3ec3dacea0c,SwarmOptimizer,False,none,0,ok
092eadfa-87e6-4127-841e-711047461116,AdaptiveSwarmHarmonyOptimization,False,none,0,ok
09368f22-8bd3-44e0-a355-854e193feebb,AdaptiveSwarmOptimizer,False,none,0,ok
098a3a3e-86de-4e74-b7f0-23dcdb430c19,PSO_DE_Hybrid,False,none,0,ok
0a4d904d-e1d4-47be-b22b-ec11e7e682e1,HybridPSOSA,True,Discretization,12,ok
0a4f9064-d3e2-4944-a622-5d655d7601f5,EnhancedAdaptiveSwarmGradientDescent,False,none,0,ok
0a6b24ba-7eba-4cd7-9347-24dc02d97491,AdaptiveSwarmGradientDescent,False,none,0,ok
0a775e39-f51c-466d-b396-8bf974ac8db4,AdaptiveSwarmGradientDescent,False,none,0,ok
0a7df8ac-f634-43df-943a-9f528a4620b8,AdaptiveSwarmOptimizer,False,none,0,ok
0b6fdc25-3014-41bd-ab71-9e924623a2f7,EnhancedAdaptiveSwarmGradientDescent,False,none,0,ok
0ba263cc-2c06-446d-8a44-aa4d73ff8adc,AdaptiveSwarmHarmonyOptimization,False,none,0,ok
0bc85dfe-8972-49e4-9cc3-27f7744d059a,SwarmOptimizer,False,none,0,ok
0c0d44e8-28cf-4971-b447-be3408932fe8,AdaptiveSwarmGradientDescent,False,none,0,ok
0c0e1c9f-51b7-4fe1-95eb-f00b84996086,AdaptiveSwarmHarmonyOptimization,False,none,0,ok
0c131522-77d9-4475-a2e8-e54061e3dd16,AdaptiveSwarmGradientDescent,False,none,0,ok
0c1ada55-6e1f-46c2-bd6a-835319a9bb5a,HybridPSOSA,True,Discretization,10,ok
0c225f39-768b-4719-b7cc-67fe81f12afe,SwarmOptimizer,False,none,0,ok
0cc29f20-71a5-42bd-89f7-73c4d89b8a60,AdaptiveSwarmOptimizer,False,none,0,ok
0ce5e771-29d3-4857-8d56-52927f59c3bd,AdaptiveSwarmGradientDescent,False,none,0,ok
0ce97e11-0b8b-441d-90ee-923fb8b9c5f1,AdaptiveSwarmGradientDescent,False,none,0,ok
0d1626f8-fc48-4a62-9715-d2a9c3f3bde5,AdaptiveSwarmGradientDescent,False,none,0,ok
0d2ff55e-308b-4994-9687-90a0715c8f57,DynamicSwarmOptimizer,False,none,0,ok
0d68bf70-c3bd-4cb0-9c1a-533af5273a9b,AdaptiveSwarmGradientDescent,False,none,0,ok
0de13c96-df04-42f0-8e7d-83f563301352,AdaptiveSwarmGradientDescent,False,none,0,ok
0df59c5b-eac4-49d1-a1e9-f4c6a1fc5eda,EnhancedAdaptiveSwarmGradientDescent,False,none,0,ok
0e4429ba-3e84-4f62-8403-892f634914ca,EnhancedAdaptiveSwarmGradientDescent,False,none,0,ok
104e3974-aa61-43e0-8c22-61d0ed582605,AdaptiveSwarmHarmonyOptimization,False,none,0,ok
10669904-5f22-4537-ac36-ecdcd3687bfd,DynamicSwarmOptimizer,False,none,0,ok
10ac33ff-43e9-4fdc-9e9b-bde5f7e7429a,AdaptiveSwarmGradientDescent,False,none,0,ok
0fc7cf94-6297-41aa-8d8c-e1677c677ad2,AdaptiveSwarmHarmonyOptimization,False,none,0,ok
0fdece44-7eda-4cd7-ac6a-c406f55cc8e8,AdaptiveSwarmGradientDescent,False,none,0,ok
0fe5d9be-9e46-43bb-9be1-218773a0a40a,AdaptiveSwarmOptimizer,False,none,0,ok
0ffb9af6-12df-4aa9-a379-4e11806a7c01,AdaptiveSwarmOptimizer,False,none,0,ok
0e868bb3-1261-40c5-9de7-f77e4102133e,ChaoticSwarmOptimizer,False,none,0,ok
0f24c42d-6212-4605-b935-a97d0c38e129,AdaptiveSwarmGradientDescent,False,none,0,ok
0f3570f7-fa04-4859-b3f1-ab19c6da9242,AdaptiveSwarmGradientDescent,False,none,0,ok
0f9e26d8-e30b-4e9d-b0b0-b00d0dea9ef9,AdaptiveSwarmGradientDescent,False,none,0,ok
10fff79d-9711-4d97-9e1e-3305b512bf73,AdaptiveSwarmHarmonyOptimization,False,none,0,ok
1126e984-ec44-4f03-b876-510d27bec8de,AdaptiveSwarmGradientDescent,False,none,0,ok
118892db-0ed2-44ac-aec9-683122ba3b00,ChaoticSwarmOptimizer,False,none,0,ok
11ae3251-bdef-4dcf-90f8-dd7041a35b45,AdaptiveSwarmOptimizer,False,none,0,ok
135c0b2f-a091-4cea-ab9a-613fbe5ad455,EnhancedAdaptiveSwarmGradientDescent,False,none,0,ok
1386cfe7-fea1-4e95-8c15-aef15488ac22,AdaptiveSwarmGradientDescent,False,none,0,ok
145006ca-45af-455c-83ad-b2064012d75d,AdaptiveSwarmHarmonyOptimization,False,none,0,ok
149171b6-5163-4920-aba1-e4c19965de62,AdaptiveSwarmGradientDescent,False,none,0,ok
14ae60a6-229a-4271-8821-cad16da13c1f,AdaptiveSwarmGradientDescent,False,none,0,ok
13c32ef8-593f-462f-a904-fa603a100814,AdaptiveSwarmGradientDescent,False,none,0,ok
13f3bdba-6c70-40a7-8972-a7514817a499,SwarmOptimizer,False,none,0,ok
1443de62-41ba-4727-9c00-e9d1dbd55b56,EnhancedAdaptiveSwarmGradientDescent,False,none,0,ok
14cb5316-4e28-4470-9bf7-c88fae8cc6c1,AdaptiveSwarmHarmonySearch,False,none,0,ok
14d6be40-3563-41d5-85f2-c97e19d95d0a,AdaptiveSwarmChaosMemory,False,none,0,ok
150a1215-0286-415a-88c3-237666964fb1,AdaptiveSwarmOptimizer,False,none,0,ok
155421e6-c929-484d-aa4c-a2ca676a953e,AdaptiveSwarmOptimizer,False,none,0,ok
1588e75f-e024-4f62-9b0d-13a466f3da3c,EnhancedAdaptiveSwarmGradientDescent,False,none,0,ok
15908617-7b13-41cc-8861-e469756e37d5,SwarmOptimizer,False,none,0,ok
1611476d-d3ab-4b25-9b8f-13f99bac0a95,AdaptiveSwarmHarmonyOptimization,False,none,0,ok
1631b7a5-2b23-4e53-bf3b-8eac24b3a8e0,SwarmOptimizer,False,none,0,ok
16867217-22c3-42dd-a5b3-3b3c8b39624e,PSO_DE_Hybrid,False,none,0,ok
16c450e9-733c-450a-b4a7-3a340162b7c6,AdaptiveSwarmOptimizer,False,none,0,ok
16dc958f-75cf-445c-92ab-627f740328af,EnhancedAdaptiveSwarmGradientDescent,False,none,0,ok
176db79c-5a24-4618-bbc1-a11ff6cb59d9,AdaptiveSwarmGradientDescent,False,none,0,ok
176fa2d9-cb17-41ef-827b-9ec7da3e25ea,AdaptiveSwarmHarmonySearch,False,none,0,ok
189e5462-6688-45ac-bd4b-858a548c015e,PSO_DE_Hybrid_Improved_V2,False,none,0,ok
1adc161a-fb37-46e0-a3f0-96a910019f31,AdaptiveSwarmHarmonySearch,False,none,0,ok
1b04982f-7ae8-4148-88a0-07c2be62c171,AdaptiveSwarmGradientDescent,False,none,0,ok
18bc036f-2651-40c8-af9d-5c12f2ac134c,EnhancedAdaptiveSwarmGradientDescent,False,none,0,ok
193887c9-6977-43fe-9382-1c2d91b64b2f,AdaptiveSwarmGradientDescent,False,none,0,ok
1943d02d-43ae-4e5d-ac09-13659641c785,AdaptiveSwarmHarmonyOptimization,False,none,0,ok
19492e50-f98a-4b2e-8c22-589c9733f6bb,HybridPSODE,True,Bounds,174,ok
1a4d938e-98d1-48b1-9c90-50ca3b408711,SwarmOptimizer,False,none,0,ok
1a51364b-a07c-4feb-9544-c2496ed17a00,AdaptiveSwarmGradientDescent,False,none,0,ok
1a78f020-9cf7-4f49-8bca-d87428717224,AdaptiveSwarmHarmonyOptimization,False,none,0,ok
1979d7fa-658c-407f-a832-ba826cda1a25,AdaptiveSwarmGradientDescent,False,none,0,ok
1980e7f8-3763-4fd4-ab94-c153a11d5e27,EnhancedAdaptiveSwarmGradientDescent,False,none,0,ok
199a4cf0-c68b-4524-b55c-8d7b55df9937,HybridPSODE,True,Bounds,191,ok
1a123654-5175-4874-a434-4df5375e695a,EnhancedAdaptiveSwarmGradientDescent,False,none,0,ok
1a450717-a0f4-4d05-998f-8ba52a5f281f,EnhancedAdaptiveSwarmGradientDescent,False,none,0,ok
1cbca271-71c7-4c0f-bdde-585cd9181348,EnhancedAdaptiveSwarmGradientDescent,False,none,0,ok
1cf08042-5b9f-432f-96d9-9ff6f9ac6f3b,AdaptiveSwarmHarmonyOptimization,False,none,0,ok
1b736ed6-dfc0-415f-8986-066f053f58c4,AdaptiveSwarmGradientDescent,False,none,0,ok
1baf5394-09e5-45e9-9225-4f864421c9d7,HybridPSODE,True,Bounds,182,ok
1bcbb69f-d196-4e41-97a3-00ce8314455f,EnhancedAdaptiveSwarmGradientDescent,False,none,0,ok
1c0bc8f4-528f-449f-bbe9-cfb497a6e9d5,AdaptiveSwarmGradientDescent,False,none,0,ok
1c33a1a4-ff05-4b03-8856-a0c6662d14d9,PSO_DE_Hybrid_Improved,False,none,0,ok
1c882452-3da1-4772-a90b-c9621cfa2f6c,SwarmOptimizer,False,none,0,ok
1c8c9e5a-f9fd-4644-9475-6811ee1352b6,DynamicSwarmOptimizer,False,none,0,ok
1f03d23a-a8b8-49af-b684-afd83d8dfba8,AdaptiveSwarmGradientDescent,False,none,0,ok
1f3b6739-74ba-4516-b3e9-ff7502c0a36a,AdaptiveSwarmGradientDescent,False,none,0,ok
1e077f7d-2641-4ebd-b8ef-9137d7223d42,PSO_DE_Hybrid,False,none,0,ok
1e33fd5e-c132-4711-9d47-6305b864b09f,AdaptiveSwarmGradientDescent,False,none,0,ok
1e392880-6fb4-4f92-9a03-8a9e965150cb,PSO_DE_Hybrid,False,none,0,ok
1d6a0c42-dfa9-4d29-a2b5-99ef8b7af744,AdaptiveSwarmGradientDescent,False,none,0,ok
1d85d346-b7f6-4699-9d41-32bf29ee0516,AdaptiveSwarmOptimizer,False,none,0,ok
1dac8a20-ef00-4031-b521-260ae629ca9b,EnhancedAdaptiveSwarmGradientDescent,False,none,0,ok
1dbd446b-39ad-42c3-94c8-cc10c16afb9b,EnhancedAdaptiveSwarmGradientDescent,False,none,0,ok
1fcb6cf4-ed41-4689-b5e8-873cb8fb3b4f,AdaptiveSwarmGradientDescent,False,none,0,ok
1ff532fd-6b1e-4ef3-bea9-0de0e40c5264,PSO_DE_Hybrid,False,none,0,ok
1ffc8d0c-5626-4e26-ad53-49b488e164fe,EnhancedAdaptiveSwarmGradientDescent,False,none,0,ok
1f445e5a-0f89-404f-8b04-9162dc0f8094,AdaptiveSwarmGradientDescent,False,none,0,ok
1f8078dd-a306-4461-9c45-c1f824f23c89,AdaptiveSwarmGradientDescent,False,none,0,ok
1f984768-4a62-416e-9a6b-8c00d0e2305e,AdaptiveSwarmOptimizer,False,none,0,ok
1faaea6d-6baa-4c2d-aeac-198ee0512597,AdaptiveSwarmGradientDescent,False,none,0,ok
2099e536-eee0-4d24-a670-235caa5f6050,AdaptiveSwarmGradientDescent,False,none,0,ok
20e24472-3634-4057-9249-e711277e98c3,AdaptiveSwarmHarmonyOptimization,False,none,0,ok
20fc0241-c4cd-4d55-95bd-5f8fc39fd84b,HybridPSOSA,True,Discretization,45,ok
20214e3d-09ef-431f-ae05-e965eb63836b,AdaptiveSwarmGradientDescent,False,none,0,ok
203a89fa-e05e-494d-81e1-49d5bc0718cd,AdaptiveSwarmGradientDescent,False,none,0,ok
20663e95-8d3d-4f90-9f22-65dea91569ca,EnhancedAdaptiveSwarmGradientDescent,False,none,0,ok
2098ba5d-c50b-4a46-bfef-4a38717b9ad9,AdaptiveSwarmGradientDescent,False,none,0,ok
2398ebe9-d16b-4538-bc4d-50e854d2d8b0,HybridPSODE,True,Bounds,178,ok
23c7bf53-c889-4d22-b899-09bc56c62a49,AdaptiveSwarmGradientDescent,False,none,0,ok
2260f541-dd5a-43e5-8c40-ec479a1604ac,EnhancedAdaptiveSwarmGradientDescent,False,none,0,ok
22b786c3-34d0-4e38-b33b-c4ef50cf475c,AdaptiveSwarmGradientDescent,False,none,0,ok
2144da25-8b51-47da-ae7c-cdad3e59c452,HybridPSODE,True,Discretization,36,ok
2173a926-ec02-4067-9038-bc63c5f94e00,AdaptiveSwarmGradientDescent,False,none,0,ok
21b01830-1114-45c9-a803-fc3f7c780cb4,EnhancedAdaptiveSwarmGradientDescent,False,none,0,ok
21d9d783-e09b-45da-9f7a-a1fadbae62a8,AdaptiveSwarmGradientDescent,False,none,0,ok
23f21601-06de-4746-ae6c-9c8454629919,AdaptiveSwarmOptimizer,False,none,0,ok
23f47294-c975-4771-8d58-c5d00d2d1766,ACPSO,False,none,0,ok
24311b64-b749-4d7c-96d8-2993688891ed,EnhancedAdaptiveSwarmGradientDescent,False,none,0,ok
2438755f-d337-4a96-a67e-6b5d81358761,HybridPSOSA,True,Discretization,69,ok
2440198e-ee73-4739-8b72-d9e803056c7d,AdaptiveSwarmGradientDescent,False,none,0,ok
246c8da0-6a94-4262-bc0d-ad09160bf3ef,AdaptiveSwarmHarmonySearch,False,none,0,ok
24c6900b-9143-4e65-a69b-1fb31bb01401,PSO_DE_Hybrid,False,none,0,ok
258af06e-43b9-4baf-a82d-48f5827c3257,PSO_DE_Hybrid,False,none,0,ok
25d0bff3-874f-4618-9f7e-d31768f712a0,AdaptiveBoundaryRefinement,False,none,0,ok
25d7bc60-2dd9-43b9-8134-58960ff26d04,PSO_DE_Hybrid,False,none,0,ok
24ee7683-0bb6-4402-aea7-70d234d9597c,EnhancedAdaptiveSwarmGradientDescent,False,none,0,ok
255d2974-4cee-480c-91d6-47843eb9384c,AdaptiveSwarmGradientDescent,False,none,0,ok
255f921b-ba09-407d-b89e-308794d11980,AdaptiveSwarmOptimizer,False,none,0,ok
25709019-689d-4d8b-ab5d-2604d2d5a402,AdaptiveSwarmGradientDescent,False,none,0,ok
25fbedf3-2510-4945-bfec-d4e2aaa205c9,AdaptiveSwarmGradientDescent,False,none,0,ok
25fdc8d5-5985-4850-8140-2488616cd13d,AdaptiveSwarmGradientDescent,False,none,0,ok
26098132-1acf-4de9-8260-ae0a50cc5e7c,DynamicSwarmOptimizer,False,none,0,ok
2676e8fd-7428-4017-9f50-4ba3a8c7a992,SwarmOptimizer,False,none,0,ok
26f8d2db-244c-4ac7-af90-4e83b5d82353,SwarmOptimizer,False,none,0,ok
26fde6cd-4c72-4e24-b484-eb9422e5b335,HybridPSOSA,False,none,0,ok
270cdfaf-aab9-4344-b1f6-f1ed22f5348d,HybridPSOSA,True,Discretization,57,ok
271e9959-37a6-4070-8697-a981b316ce76,EnhancedAdaptiveSwarmGradientDescent,False,none,0,ok
28c1b608-77fc-4978-82b6-f8742a4713bf,AdaptiveSwarmOptimizer,False,none,0,ok
291edbeb-7ff3-459e-9063-bdcbd7e020ee,AdaptiveSwarmGradientDescent,False,none,0,ok
2942efc2-a281-4254-8a15-043c0278789c,EnhancedAdaptiveSwarmGradientDescent,False,none,0,ok
277cb051-adc7-4fa5-8886-ccfeea2cdd25,AdaptiveSwarmHarmonySearch,False,none,0,ok
27a04f18-fa66-4dc2-856c-c331e8058f8f,HybridPSOSA,True,Discretization,67,ok
27e3b24a-01ec-4566-9edb-3103fac3729b,AdaptiveSwarmGradientDescent,False,none,0,ok
27eec909-6304-4af9-87ac-bd2e4bb1837f,EnhancedAdaptiveSwarmGradientDescent,False,none,0,ok
29b7abcf-10b5-4a1c-a193-daadf6e53302,AdaptiveSwarmGradientDescent,False,none,0,ok
29f6d5a1-8ac3-43b5-827a-5266de600fcc,AdaptiveSwarmGradientDescent,False,none,0,ok
2a3cede6-ac7a-4f90-8a24-70221e1d82ae,EnhancedAdaptiveSwarmGradientDescent,False,none,0,ok
2a70344a-1818-456d-bc44-20eafdbc52b6,AdaptiveSwarmGradientDescent,False,none,0,ok
2a7e6d8d-0a70-40a2-be13-917c12620472,AdaptiveSwarmGradientDescent,False,none,0,ok
2a923766-8cca-428a-8608-1413dace5c28,EnhancedAdaptiveSwarmGradientDescent,False,none,0,ok
2b6466bc-186f-466c-8359-79d4c1841522,EnhancedSwarmGradientDescent,False,none,0,ok
2b91eff9-570d-4137-8a0d-a695c2e02525,AdaptiveSwarmHarmonyOptimization,False,none,0,ok
2b9f4e9a-6ea7-47e9-bb26-8e8eb573e7bc,SwarmOptimizer,False,none,0,ok
2bb38215-d897-4de6-b024-8a5595bc281c,AdaptiveSwarmOptimizer,False,none,0,ok
2bda0e46-dfc8-478f-b926-a4cea03daa46,AdaptiveSwarmOptimizer,False,none,0,ok
2bdad25d-e301-4677-952d-1e1967c32f64,AdaptiveSwarmGradientDescent,False,none,0,ok
2bf775ab-7e06-476a-9751-1df485e75195,AdaptiveSwarmHarmonyOptimization,False,none,0,ok
2c7ffcbb-fe0f-4891-87d2-ef8773da2497,AdaptiveSwarmGradientDescent,False,none,0,ok
2c875bb4-ee92-40ba-b058-55aab9c8d176,HybridPSODE,True,Discretization,53,ok
2cf5206a-958e-4d04-939f-f06591a2fbba,HybridPSODE,True,Discretization,36,ok
2d1c0275-df82-44e8-aa24-a564ffd3af16,AdaptiveSwarmGradientDescent,False,none,0,ok
2d899f5d-40b9-4568-9157-5a5a03ecf33a,AdaptiveSwarmHarmonyOptimization,False,none,0,ok
2c90adb2-4f1d-4e52-8290-583d94660d7e,HybridPSODE,True,Bounds,178,ok
2cca34d9-bf0a-46b7-9d23-bdb2f7aaeb0f,AdaptiveSwarmHarmonySearch,False,none,0,ok
2cd46ebc-d35c-4278-a7aa-7da52f4b4771,HybridPSOSA,True,Discretization,59,ok
2ce108bc-5653-4dcb-a507-9efe8ea9f745,AdaptiveSwarmGradientDescent,False,none,0,ok
2db0c335-9845-4032-9725-dd0629322d37,AdaptiveSwarmHarmonyOptimization,False,none,0,ok
2dd015e2-2f7c-417e-9eb1-638095c3d4bf,SwarmOptimizer,False,none,0,ok
2df5d98d-3147-42bb-afb5-6721e7f495e6,AdaptiveSwarmHarmonySearch,False,none,0,ok
2ed3cc47-b260-439c-8e1d-ea303b801bf5,AdaptiveSwarmGradientDescent,False,none,0,ok
2ed8ea1b-5ef5-4042-b06d-fd698d46d76a,HybridMetaheuristicOptimizer,False,none,0,ok
2f267e5f-f2d5-4caa-a625-e92fa00bf076,PSO_DE_Hybrid,False,none,0,ok
2f94a708-6cc4-47e6-8c34-b12a43b3c93e,HPSO_ADE,False,none,0,ok
2fc09591-49a6-4413-82dd-4f35ac6d36e5,EnhancedAdaptiveSwarmGradientDescent,False,none,0,ok
3003bfaa-4a7e-42a9-8f0e-78d5a697f872,HybridPSODE,True,Discretization,65,ok
30109637-16b1-4e39-8afc-303b235bb4d5,PSO_DE_Hybrid,False,none,0,ok
3043d25a-a13f-44e6-9c07-56630c6b808f,AdaptiveSwarmGradientDescent,False,none,0,ok
2e646bd8-fa82-4517-b443-bc9b44be0964,AdaptiveSwarmHarmonySearch,False,none,0,ok
2e720dc3-7b32-46d3-940d-94bbc5a769ca,HybridPSOSA,True,Discretization,28,ok
2e963b6b-7c1d-45ac-8d6f-fbc0d943e9fd,DynamicSwarmOptimizer,False,none,0,ok
2ea36ff9-91ad-4a9a-8c04-5ec8a4ee641e,AdaptiveSwarmOptimizer,False,none,0,ok
2eabfcff-7a2d-40ff-8ceb-220ee4496263,AdaptiveSwarmHarmonyOptimization,False,none,0,ok
30540104-c0a7-49c2-8092-c3e7742b1f04,PSO_DE_Hybrid,False,none,0,ok
3056f9d9-cd8a-4596-9daa-51d9fb36eca0,AdaptiveSwarmOptimizer,False,none,0,ok
30b03bef-f03a-4ae2-81d7-da7f5b43812b,AdaptiveSwarmGradientDescent,False,none,0,ok
30d0108e-e627-4dcc-be78-12408ededfa5,AdaptiveSwarmHarmonySearch,False,none,0,ok
311e9618-476c-4771-9079-ff7c190803ce,AdaptiveSwarmGradientDescent,False,none,0,ok
32918591-3c1a-4a4d-b0f5-24dbc4e1cb16,AdaptiveSwarmOptimizer,False,none,0,ok
3306de7e-993d-4109-baaf-6352d30427fb,AdaptiveSwarmGradientDescent,False,none,0,ok
32026e36-0393-43e1-91b8-ff82cfeccd27,HybridPSODE,True,Discretization,24,ok
320dd555-499e-4a11-9932-e661e317af48,SwarmOptimizer,False,none,0,ok
32341627-2989-4d77-9a8f-b0ded9f81e00,EnhancedAdaptiveSwarmGradientDescent,False,none,0,ok
3267c4e2-aecb-48a4-89b4-b6b063da359d,EnhancedAdaptiveSwarmGradientDescent,False,none,0,ok
33616da9-9a0e-489a-ae78-79d8afaf8cb8,AdaptiveSwarmGradientDescent,False,none,0,ok
33bfd59d-5eaa-428d-9ddb-3c40160c5c93,EnhancedAdaptiveSwarmGradientDescent,False,none,0,ok
33cce2ff-2f25-49ca-ba74-0151707433b3,HybridPSODE,True,Discretization,36,ok
3125e6d0-4039-4277-8642-3f6c7e844018,AdaptiveSwarmGradientDescent,False,none,0,ok
31347753-e6f8-4ba1-aade-9c9935a81d6c,AdaptiveSwarmHarmonyOptimization,False,none,0,ok
31449cdf-2b7f-41e1-b065-7d6c730d84dd,EnhancedSwarmOptimizer,False,none,0,ok
317ef5e3-de4b-4f10-a422-a72f5f047bbd,HybridPSODE,True,Discretization,33,ok
3190ee26-3ff4-4e9a-af32-8ad4b57d1a90,DynamicSwarmOptimizer,False,none,0,ok
33f2151c-91f9-446a-b42c-4b1f6ef9e1b6,HybridPSODE,True,Discretization,180,ok
341944e6-0dce-4ff7-8c27-f8501ed8cb24,AdaptiveSwarmOptimizer,False,none,0,ok
34218531-e37f-4b8f-a219-4773b5d428f6,AdaptiveSwarmGradientDescent,False,none,0,ok
34add5be-01ee-4b83-8929-ca801d9d3854,EnhancedAdaptiveSwarmGradientDescent,False,none,0,ok
361e1f68-edf8-4e53-b382-7fbdf1944da2,AdaptiveSwarmGradientDescent,False,none,0,ok
3647216f-e178-4064-a770-74aa1b83d6db,PSO_DE_Hybrid,False,none,0,ok
34e15f39-fd4a-462c-afc2-e0a9ad1dee23,EnhancedAdaptiveSwarmGradientDescent,False,none,0,ok
3514a2ec-7feb-4830-be8e-43a8d9f324c6,AdaptiveSwarmGradientDescent,False,none,0,ok
35196cd0-bdba-4fb4-94a1-db6209cd7021,AdaptiveSwarmGradientDescent,False,none,0,ok
35347bfc-0966-4a19-ae07-be1456985a34,EnhancedAdaptiveSwarmGradientDescent,False,none,0,ok
354e0ab2-55d5-4453-af8a-8fd9009b0a62,AdaptiveSwarmHarmonyOptimization,False,none,0,ok
3557526d-6bcf-4cbf-80c0-b50a92e7ff00,HybridPSOSA,True,Discretization,47,ok
35654bbd-9435-4196-af7e-2f671425cac2,AdaptiveSwarmGradientDescent,False,none,0,ok
358b3a25-a6bb-405d-8802-183bc2330df8,AdaptiveSwarmGradientDescent,False,none,0,ok
35a7c1b1-5c14-4389-8c6b-722e87102326,AdaptiveSwarmOptimizer,False,none,0,ok
36d4d7ea-9614-4def-b30f-e4d9c68283ad,EnhancedAdaptiveSwarmGradientDescent,False,none,0,ok
36f1e267-af3d-4a45-aff9-539a93f0db2a,AdaptiveSwarmGradientDescent,False,none,0,ok
3790b2f2-be00-457b-85f8-0992ef3cab02,DynamicSwarmOptimizer,False,none,0,ok
37aa66ac-485f-4931-bb61-13210851409b,AdaptiveSwarmOptimizer,False,none,0,ok
37b40bec-a089-4c37-bda3-e973fd1355e0,AdaptiveSwarmHarmonyOptimization,False,none,0,ok
37c241fb-caef-4753-b3ce-b454420315b2,PSO_DE_Hybrid,False,none,0,ok
37df8400-24dd-4e7f-9263-9a1c91132f4e,SwarmOptimizer,False,none,0,ok
37fdeb5f-d0da-412c-8839-6fe2e3484fe8,EnhancedAdaptiveSwarmGradientDescent,False,none,0,ok
3804a6ea-941b-4283-851d-89fd8c0614e2,HybridSwarmEvolutionDescent,False,none,0,ok
38144732-ef7a-4229-942b-6d7f5e75b5c5,AdaptiveSwarmGradientDescent,False,none,0,ok
382b74e4-4be9-42a3-816c-887a2723ca66,AdaptiveSwarmGradientDescent,False,none,0,ok
3867b618-a138-433f-824d-1f6d02a09cd4,HybridPSODE,True,Bounds,158,ok
386f5482-3b1a-47b7-a27d-a0582c79db41,AdaptiveSwarmOptimizer,False,none,0,ok
38ffd668-6c14-4efa-ad8d-896a438db169,AdaptiveSwarmGradientDescent,False,none,0,ok
3905d84c-778a-449a-bbbe-865bd769a546,AdaptiveSwarmGradientDescent,False,none,0,ok
39275196-e327-4711-a5b4-8552edf1130d,AdaptiveSwarmOptimizer,False,none,0,ok
3883f27d-ea91-4f67-87fa-c09f75a3b811,AdaptiveSwarmGradientDescent,False,none,0,ok
3888afb9-cd01-43a2-a2e3-efd751a150ad,AdaptiveSwarmGradientDescent,False,none,0,ok
38ca218c-6fb9-4d4d-8154-4fd69792e8fb,AdaptiveSwarmGradientDescent,False,none,0,ok
38fbac84-3316-4b70-8147-5361ce8a6f11,EnhancedAdaptiveSwarmGradientDescent,False,none,0,ok
3a67e8ce-9069-43ae-bc89-9041c5f9ca44,AdaptiveSwarmGradientDescent,False,none,0,ok
3afb7ca6-9271-4cca-8799-8b09a9a0f26f,AdaptiveSwarmOptimizer,False,none,0,ok
3b48b966-867c-4dd2-a75f-19c4eeccc281,AdaptiveSwarmGradientDescent,False,none,0,ok
3bcf6a2b-f357-47c0-81cd-13352f877ba5,EnhancedAdaptiveSwarmGradientDescent,False,none,0,ok
3be3f2e7-43db-4a20-9946-76f53041cf62,AdaptiveSwarmHarmonyOptimization,False,none,0,ok
3bfd7210-b273-42c5-8d94-b4a0a72d59dc,AdaptiveSwarmHarmonySearch,False,none,0,ok
3c2f6c6e-2278-4230-afa3-413d6055f104,AdaptiveSwarmHarmonyOptimization,False,none,0,ok
3cb6b14a-beb1-47df-b39c-4a3d8456bab8,PSO_DE_Hybrid,False,none,0,ok
3d425d0a-59a5-49af-b616-f4db537ce58c,EnhancedAdaptiveSwarmGradientDescent,False,none,0,ok
3d62c4e6-7f60-489c-bc1c-c16839cf7c78,EnhancedAdaptiveSwarmGradientDescent,False,none,0,ok
39bcea82-0bde-48cd-80d8-a1faee7c8d99,AdaptiveSwarmHarmonyOptimization,False,none,0,ok
39d4dfd7-26a2-4c88-9025-d5c00fe23c7c,AdaptiveSwarmGradientDescent,False,none,0,ok
39d91562-3364-401a-86a5-2dd7939a56f0,DynamicSwarmOptimizer,False,none,0,ok
39e624cf-f727-48b0-953e-2cc080158638,AdaptiveSwarmGradientDescent,False,none,0,ok
3a148d34-467d-4392-b4b1-6bf16d5dd8c8,AdaptiveSwarmGradientDescent,False,none,0,ok
3dae7a41-9915-41f1-8a15-c92dd3ffbe3d,AdaptiveSwarmGradientDescent,False,none,0,ok
3e4a9f13-5c64-4e1d-b877-52d816fb7e4f,AdaptiveSwarmGradientDescent,False,none,0,ok
3e6a0dcc-d8ed-48e6-bf5e-61425c1206fe,SwarmOptimizer,False,none,0,ok
3cbcf020-9f11-4a34-8731-bf12670c014e,AdaptiveSwarmOptimizer,False,none,0,ok
3cdb6945-e206-4c12-928f-c5244cb68b53,EnhancedAdaptiveSwarmGradientDescent,False,none,0,ok
3cdbe4c4-44aa-44da-b9d5-d89d2d8ce5ba,AdaptiveSwarmGradientDescent,False,none,0,ok
3cdddff1-e38a-4c97-aa43-e38ad993acaf,AdaptiveSwarmGradientDescent,False,none,0,ok
3d0933cd-a0d4-4d27-9ba3-7cb120f1b163,AdaptiveSwarmGradientDescent,False,none,0,ok
3ee03018-e948-4e0d-b480-790f5052db1c,EnhancedAdaptiveSwarmGradientDescent,False,none,0,ok
3f573acf-80f1-415e-a107-05ee216e617c,EnhancedAdaptiveSwarmGradientDescent,False,none,0,ok
3f5a7277-9401-4ffe-a4f5-71a76681bb48,AdaptiveSwarmHarmonySearch,False,none,0,ok
3e6a6b6b-b134-46b8-9d15-dc99c5e55919,AdvancedMultiStrategyOptimizer,True,Discretization,101,ok
3e7cf5e7-e7b5-415c-9077-7de4633012ca,AdaptiveSwarmGradientDescent,False,none,0,ok
3e98f05b-a764-4770-b83d-ce8d6077b12a,AdaptiveSwarmOptimizer,False,none,0,ok
3e9c5ab9-06c7-46f7-9707-ce55ad04ec02,AdaptiveSwarmGradientDescent,False,none,0,ok
3eb69dcd-9408-46ef-9611-a37941161189,AdaptiveSwarmGradientDescent,False,none,0,ok
40e19954-2671-4bda-8c9b-8866637cc851,AdaptiveSwarmGradientDescent,False,none,0,ok
4103446d-f346-4352-ba2f-33cdba2c2723,AdaptiveSwarmOptimizer,False,none,0,ok
41051a6e-ebdc-478a-9597-30d9086274fc,AdaptiveSwarmGradientDescent,False,none,0,ok
3faf2541-d0c5-4abe-ba28-c486543adf91,HybridPSODE,True,Discretization,159,ok
3fb1fe75-c901-4568-bdc1-0230cf06b548,AdaptiveSwarmGradientDescent,False,none,0,ok
3fc36dc6-61a1-49bb-b8b8-a3d713a730ea,AdaptiveSwarmGradientDescent,False,none,0,ok
3ff3f407-2bc6-4be8-88c8-c48b317c685e,HybridPSOSA,True,Discretization,34,ok
400c9f79-3b98-4edf-af9f-dafdcc70f1d5,AdaptiveSwarmGradientDescent,False,none,0,ok
4021e70a-9d35-46b2-aaae-e93a17edab50,PSO_DE_Hybrid,False,none,0,ok
408143cc-1db5-442c-be06-a66447f98cd9,HybridPSODE,True,Bounds,178,ok
40a3a667-dfee-4a1e-beb5-7e1fabda42fa,ChaoticSwarmOptimizer,False,none,0,ok
416d4422-9b5b-48ab-88f7-d281b8ec0cf8,AdaptiveSwarmHarmonyOptimization,False,none,0,ok
41e3c043-27b7-45b8-9ffa-505d007ae9fb,EnhancedAdaptiveSwarmGradientDescent,False,none,0,ok
41feac38-db01-4066-820f-3069270b0756,HybridPSODE,True,Bounds,179,ok
422bb3f9-4d12-4c35-8323-50336dea58cf,SwarmOptimizer,False,none,0,ok
423ef904-4f41-45ad-8127-b6464d7fdd58,AdaptiveSwarmGradientDescent,False,none,0,ok
424101fd-f41a-45bf-8fa4-8caff54e3858,HybridPSOSA,True,Discretization,70,ok
42c55a4f-5065-44f2-aeda-1acb13187709,AdaptiveSwarmGradientDescent,False,none,0,ok
43076db7-f02e-40e3-b389-410c604d5380,AdaptiveSwarmGradientDescent,False,none,0,ok
4327906e-a39f-42eb-bf4c-e02d3c36a186,HybridPSODE,True,Clusters,179,ok
436ad727-68a8-4d64-84e9-b2d4c3eb68cc,HybridPSOSA,True,Discretization,33,ok
43ae116a-f413-4319-8297-20eb253de312,HybridPSODE,True,Clusters,179,ok
43d11a96-9b10-4e5a-861c-3c012b94dedb,EnhancedAdaptiveSwarmOptimizer,False,none,0,ok
43e781c5-3b72-447f-90d5-4a3f731f0634,DynamicSwarmOptimizer,False,none,0,ok
43e87050-03d9-4b1e-a547-e2e621130f3d,EnhancedAdaptiveSwarmGradientDescent,False,none,0,ok
44087ace-5af5-4cb2-b415-5a123966c78d,EnhancedAdaptiveSwarmGradientDescent,False,none,0,ok
441b6785-55de-4545-84c1-b48289ecebfd,AdaptiveSwarmOptimizer,False,none,0,ok
444a7e0c-2d13-4691-9822-8aa96ef455dd,AdaptiveSwarmGradientDescent,False,none,0,ok
459d60a1-736c-48c7-89e0-b8e20110338b,AdaptiveSwarmGradientDescent,False,none,0,ok
45b28ae9-8e07-439e-b7c5-f57c33207de4,SwarmOptimizer,False,none,0,ok
45e1e9c6-5b61-4a8a-b4b6-bbd38ebf51a1,AdaptiveSwarmGradientDescent,False,none,0,ok
463c6e45-a9a3-4c8a-aefb-258ce318dd1b,HybridPSOSA,True,Discretization,25,ok
450d7e06-4446-4551-befa-7304087c0870,AdaptiveSwarmGradientDescent,False,none,0,ok
45129461-bb34-406f-b572-526c2c477a85,PSO_DE_Hybrid,False,none,0,ok
45242982-f26b-4332-9b16-13967a918413,PSO_DE_Hybrid,False,none,0,ok
45568f4e-6870-44b5-b736-3b1f076c391b,AdaptiveSwarmOptimizer,False,none,0,ok
4583617c-1a62-4a43-8e84-e87f89b74299,EnhancedAdaptiveSwarmGradientDescent,True,Discretization,60,ok
465acb48-6cf1-407b-9ce8-4ed8eb0a968e,AdaptiveSwarmHarmonySearch,False,none,0,ok
469b5423-0c35-461a-b907-eef26f0c9547,EnhancedAdaptiveSwarmGradientDescent,False,none,0,ok
46ce4deb-4998-415d-a3a9-4566103072bf,AdaptiveSwarmGradientDescent,False,none,0,ok
4708c91b-d07b-4114-b571-767d8bdc1bcc,PSO_DE_Hybrid_Improved,False,none,0,ok
4746abf4-6ff0-40a4-a5f8-dd81c2f891cc,EnhancedAdaptiveSwarmGradientDescent,False,none,0,ok
4798a40c-6a02-4f7d-8e82-c458299c9a89,AdaptiveSwarmGradientDescent,False,none,0,ok
47a2b4a6-2f62-4c6f-91a2-5d9a7f7ca1f4,DynamicSwarmOptimizer,False,none,0,ok
47b2bb77-27ba-4143-abf8-0da60676175b,AdaptiveSwarmOptimizer,False,none,0,ok
47c2463f-4da9-4d92-995c-3054df2fab3b,AdaptiveSwarmGradientDescent,False,none,0,ok
47eae291-b056-4767-a97d-0738f3224165,HybridPSOSA,True,Discretization,60,ok
47fbbcce-b260-4e94-b353-b664ba018f48,AdaptiveSwarmHarmonyOptimization,False,none,0,ok
4849d797-ad83-4a09-89e0-154031e4a3b4,AdaptiveSwarmOptimizer,False,none,0,ok
4853edb5-34e0-4f5c-9d24-53a324b5ed8e,HybridPSODE,True,Clusters,179,ok
488295b5-8727-4308-877d-a2f1698dcb9a,AdaptiveSwarmGradientDescent,False,none,0,ok
48dbf54e-07b1-4570-97fc-89aca276609b,HybridPSODE,True,Bounds,178,ok
49385aab-866b-4efb-b4fd-b17a44db650b,AdaptiveSwarmGradientDescent,False,none,0,ok
4958e2ed-3ee1-40a4-b07e-7550372d69b4,AdaptiveSwarmGradientDescent,False,none,0,ok
499ac0df-d837-4fdb-99bb-aa617ec6401e,AdaptiveSwarmHarmonySearch,False,none,0,ok
499ee1eb-9b97-43cf-88ee-8039ee8673b1,DynamicSwarmOptimizer,False,none,0,ok
49ec9ddb-ed16-4479-9035-0db9fa7e7081,DynamicSwarmOptimizer,False,none,0,ok
4a813966-d79b-46b0-b54c-658069179fa0,EnhancedAdaptiveSwarmGradientDescent,False,none,0,ok
4a9ea90e-27b9-4640-9f03-097e50e12d6e,AdaptiveSwarmHarmonySearch,False,none,0,ok
4adae281-03e4-4e0c-9d39-c4795780123e,AdaptiveSwarmGradientDescent,False,none,0,ok
4aef2bfc-0a5b-42fd-9da3-6c9946025195,PSO_DE_Hybrid_Improved,False,none,0,ok
4afd733d-dcb5-45e9-b841-a9db00f1831a,HybridPSODE,True,Discretization,36,ok
4b43e8ce-cf73-484d-8c77-46b28b774e13,AdaptiveSwarmGradientDescent,False,none,0,ok
4b4c2c30-0146-4e02-90c3-127e2c663534,AdaptiveSwarmGradientDescent,False,none,0,ok
4b673c30-be88-4748-8940-3d479a8d75b2,AdaptiveSwarmOptimizer,False,none,0,ok
4b68898c-c265-4a30-b93d-5c2eb600d11f,AdaptiveSwarmGradientDescent,False,none,0,ok
4b9a0d8e-6a60-4e1f-9805-f1810dd3f441,AdaptiveSwarmGradientDescent,False,none,0,ok
4ba61128-86ce-47da-bf84-b4cb71ac75a1,AdaptiveSwarmGradientDescent,False,none,0,ok
4bbba5d6-bf65-4a69-bd3c-74b59f4b24b0,AdaptiveSwarmGradientDescent,False,none,0,ok
4bc27641-63af-4ae6-aad7-174f7c1e0b4b,EnhancedAdaptiveSwarmGradientDescent,False,none,0,ok
4bd61926-12ac-4759-9eb1-54635c7e9dd8,AdaptiveSwarmHarmonySearch,False,none,0,ok
4c025b94-9cde-4f7f-8ae8-4aa5c6cc1dff,EnhancedAdaptiveSwarmGradientDescent,False,none,0,ok
4c92b604-a2f6-47a2-89bb-c6b420c389c7,EnhancedAdaptiveSwarmGradientDescent,False,none,0,ok
4ca48b51-b436-4fe9-a41a-82cc16db247d,HybridPSODE,True,Bounds,186,ok
4cab5dd3-ae25-4fe5-8040-ac90fca5ed16,HybridPSODE,True,Bounds,178,ok
4cd31bab-aa8d-4c0c-8e30-fb3cf2725148,PSO_DE_Hybrid,False,none,0,ok
4cd373d0-1208-4bd8-81d7-afebc9b93ca5,EnhancedAdaptiveSwarmGradientDescent,False,none,0,ok
4d1f1b87-c85c-4eef-a474-dca6542d5f07,HybridPSOSA,True,Discretization,62,ok
4e238dd5-1db2-463a-92dc-45c4a6ae64dc,SwarmOptimizer,False,none,0,ok
4e5ccd9c-2f8d-43f7-82ad-a0b2e508f394,SwarmOptimizer,False,none,0,ok
4e8b0892-eba5-4505-bda9-29d05979e672,AdaptiveSwarmGradientDescent,False,none,0,ok
4f0a8c16-3ca4-4499-856a-1e5869f24d55,AdaptiveSwarmGradientDescent,False,none,0,ok
4d4bfa6e-7cd4-4cc0-a57d-4339b7784ac4,HybridPSOSA,True,Discretization,61,ok
4d64e441-5270-462a-9efb-bc99c8255de3,SwarmOptimizer,False,none,0,ok
4d8439f8-2094-4a6d-a0d3-7065748fcc7b,EnhancedAdaptiveSwarmGradientDescent,False,none,0,ok
4de0a3c3-24fb-4ffe-a9de-bea575424869,SwarmOptimizer,False,none,0,ok
4e209480-d433-46a4-a2e7-b2af53856a71,AdaptiveSwarmGradientDescent,False,none,0,ok
5036f9d3-f855-405d-96c0-d0ef6fd47d94,AdaptiveSwarmGradientDescent,False,none,0,ok
4f0c1dd4-77b2-4d34-983c-6fddd82b4378,HybridPSOSA,False,none,0,ok
4f2596aa-7bde-4827-abe5-f6d09c9ee372,HybridPSOSA,True,Discretization,61,ok
4f2b0e64-b577-40ab-a914-de5161d6e50b,AdaptiveSwarmGradientDescent,False,none,0,ok
4f505fd0-e4b4-4ce4-822a-b49a81c6bb9f,HybridPSOSA,True,Discretization,78,ok
4f6c553e-2234-4ee1-aa4a-a4cff9978049,EnhancedAdaptiveSwarmGradientDescent,False,none,0,ok
4f8fbf20-fe6c-4283-96d8-58a7e980a6c8,AdaptiveSwarmGradientDescent,False,none,0,ok
4fc3d2be-6753-4388-a1d3-3bcaa2882a26,AdaptiveSwarmGradientDescent,False,none,0,ok
4ff4cc28-a8e0-438f-ae70-96db94836aab,EnhancedAdaptiveSwarmGradientDescent,False,none,0,ok
501f0c1c-39a0-492f-a0e8-b0235feae7da,AdaptiveSwarmGradientDescent,False,none,0,ok
502c703e-d347-416a-a721-37e721a9d273,SwarmOptimizer,False,none,0,ok
52acbc76-2d68-42cc-a546-ce8344afd100,PSO_DE_Hybrid,False,none,0,ok
506fc3a5-ac85-42d4-b1a4-ef753743d91e,AdaptiveSwarmGradientDescent,False,none,0,ok
507e0262-db3f-4b42-9fd5-7d700d783b47,HybridPSODE,True,Discretization,107,ok
510de5e7-ce0c-431a-ab47-a65723d57767,AdaptiveSwarmGradientDescent,False,none,0,ok
51393069-683b-4295-aca5-480b9ca809ab,EnhancedAdaptiveSwarmGradientDescent,False,none,0,ok
51f46145-7b3d-4c4a-8cb9-4bb6b83eedb2,AdaptiveSwarmGradientDescent,False,none,0,ok
5225988d-5e02-4445-9656-aaccd5de71eb,EnhancedAdaptiveSwarmGradientDescent,False,none,0,ok
5264f2ea-eacb-4399-a3df-3f22a8600441,AdaptiveSwarmGradientDescent,False,none,0,ok
52a3fe96-0631-4ea7-be5f-0c4de5ad0181,PSO_DE_Hybrid,False,none,0,ok
516ad8c2-e494-4c4a-ba60-7b8636df6fe0,AdaptiveSwarmHarmonyOptimization,False,none,0,ok
519213d0-eb81-4301-9304-d4d9e1d3e5b8,AdaptiveSwarmGradientDescent,False,none,0,ok
51931a04-7c01-45ab-984a-607840c547b8,HybridPSODE,True,Bounds,178,ok
51bd6e3b-4b3d-4627-acde-858e9d696f46,EnhancedAdaptiveSwarmGradientDescent,False,none,0,ok
51dcef23-d220-48a4-8617-b511f56199ec,AdaptiveSwarmGradientDescent,False,none,0,ok
541355e3-5ce8-4c19-9e10-7baf2fe862af,AdaptiveSwarmGradientDescent,False,none,0,ok
54397607-09a2-471f-96ce-edffa159f49a,AdaptiveSwarmGradientDescent,False,none,0,ok
546067f3-2358-430f-8d93-2a319234b983,AdaptiveSwarmGradientDescent,False,none,0,ok
54725a96-5749-4c1f-8c62-b6bb7ccd12f9,EnhancedAdaptiveSwarmGradientDescent,False,none,0,ok
533af4ac-81fd-4930-9818-4359f0ca995c,HybridPSODE,True,Bounds,178,ok
534b920d-b33e-4c23-8547-f9ced6052cba,EnhancedAdaptiveSwarmGradientDescent,False,none,0,ok
53860ccd-abd7-4e84-94f9-120a7cc76ff7,EnhancedAdaptiveSwarmGradientDescent,False,none,0,ok
53a8f890-b3e1-4209-86ba-2a55c8cd11b1,EnhancedAdaptiveSwarmGradientDescent,False,none,0,ok
53d81a57-6490-4e01-b2a6-2c433e44d64b,AdaptiveSwarmGradientDescent,False,none,0,ok
5606d1d0-b76f-4f91-be9a-36f3a5498287,HybridPSODE,True,Bounds,186,ok
5613e9dc-6744-41ec-878d-b3f97eeca63b,EnhancedAdaptiveSwarmGradientDescent,False,none,0,ok
562c80a7-9780-4e3f-9122-7b9ac061df62,AdaptiveSwarmGradientDescent,False,none,0,ok
54d5ef70-945d-4fd2-8db2-4737db8e03a7,AdaptiveSwarmGradientDescent,False,none,0,ok
54dfd726-3bf8-41e8-9501-7e70996c468e,HybridPSOSA,True,Discretization,66,ok
55242ab9-0825-4d2b-b770-8eba9e5ce32f,AdaptiveSwarmGradientDescent,False,none,0,ok
55251704-53e6-4aa0-980f-f6af8d5b8bdd,AdaptiveSwarmHarmonySearch,False,none,0,ok
5637171e-e10d-42a1-995e-eb40df4e68f5,EnhancedAdaptiveSwarmGradientDescent,False,none,0,ok
5656997f-30aa-4af0-8594-381142f4a59e,AdaptiveSwarmHarmonySearch,False,none,0,ok
56f6396e-c758-49d1-8b03-b4aa7a77b40b,AdaptiveSwarmHarmonySearch,False,none,0,ok
57f235f4-9792-475d-85ab-959423279967,ChaoticSwarmOptimizer,False,none,0,ok
5870a2fe-cce5-4772-a1b9-cd6b5c09e240,AdaptiveSwarmGradientDescent,False,none,0,ok
576f6f4f-d623-41fc-a228-2744cd89b32a,AdaptiveBoundaryRefinement,False,none,0,ok
577f12c2-6d6b-476c-a397-db59e7fc66e4,AdaptiveSwarmGradientDescent,False,none,0,ok
57bfe763-0b86-449a-8bfa-5afcf45926d1,AdaptiveSwarmGradientDescent,False,none,0,ok
56fda1f3-e553-43e6-ad2c-1b747e2c7a9c,HybridPSODE,True,Clusters,164,ok
5732d935-ed42-4068-9d16-b58ea5e6d629,AdaptiveSwarmGradientDescent,False,none,0,ok
573b3c67-9992-414f-868b-efd3031ebeb6,HybridPSODE,True,Bounds,178,ok
57587df2-e9f2-40d5-80ae-eabafdf8149b,AdaptiveSwarmHarmonyOptimization,False,none,0,ok
58a4df4f-6864-46d2-8ee3-0b76b6a135bc,SwarmOptimizer,False,none,0,ok
5901ff9f-a3a2-44e7-946e-5ca4ded22274,AdaptiveSwarmGradientDescent,False,none,0,ok
5943fe64-900d-4d09-bb07-9e692ca3157f,DynamicSwarmOptimizer,False,none,0,ok
5afe8d62-602b-4299-be8b-371df8cf43b4,EnhancedAdaptiveSwarmGradientDescent,False,none,0,ok
5b02416a-18d3-48c0-92fd-00082042bd09,EnhancedAdaptiveSwarmGradientDescent,False,none,0,ok
5b2ccab7-36cc-479b-bd8d-df48952f9575,HybridPSODE,True,Discretization,33,ok
595aa6fe-e26b-4e30-be52-2ff1c34793c2,HybridPSOSA,True,Discretization,48,ok
598c8a72-732f-485c-963c-8bde195aa7d1,AdaptiveSwarmGradientDescent,False,none,0,ok
599bf456-b3d9-475a-8f91-38b9345836c5,DynamicSwarmOptimizer,False,none,0,ok
59c35537-9eb7-4aa8-adb9-5333ca8b65e1,EnhancedAdaptiveSwarmGradientDescent,False,none,0,ok
5a22f057-17a2-4caa-9f13-64e3da15cac6,ChaoticSwarmOptimizer,False,none,0,ok
5a46038b-881e-4139-b3f0-53c5b9d0a12d,PSO_DE_Hybrid,False,none,0,ok
5a511f0a-65e8-4c83-a08c-c4e7641daa84,HybridPSODE,True,Discretization,36,ok
5aad89db-af1b-4b0f-91c8-9b1a624c2890,AdaptiveSwarmGradientDescent,False,none,0,ok
5b55595f-09de-49de-8880-db5e6ed3ccdc,AdaptiveSwarmHarmonyOptimization,False,none,0,ok
5b883c6e-fc1e-4db0-9128-9aa57fe25d6c,AdaptiveSwarmHarmonyOptimization,False,none,0,ok
5b8fe51d-2c0e-4912-8164-032da5ab8b2d,EnhancedAdaptiveSwarmGradientDescent,False,none,0,ok
5bb9b3a9-8627-4cb6-bcb8-ca598764b378,EnhancedAdaptiveSwarmGradientDescent,False,none,0,ok
5c027421-2e9d-411c-9636-72953a17ec6a,DynamicSwarmOptimizer,False,none,0,ok
5c08a2c8-7365-4ace-b40d-7fbaafc9f350,AdaptiveSwarmGradientDescent,False,none,0,ok
5c34e0c7-d756-41bd-8b8e-b5a8f563dcf7,EnhancedAdaptiveSwarmGradientDescent,False,none,0,ok
5c44e08e-0981-4544-8bb4-d7ceffb1ae72,AdaptiveSwarmOptimizer,False,none,0,ok
5c511255-cfb9-4559-acd7-450d69b912ab,AdaptiveSwarmGradientDescent,False,none,0,ok
5cb24586-4d33-4b62-ad21-27f3b121cd2d,SwarmOptimizer,False,none,0,ok
5cbd0aa9-cf88-43b9-9acf-d3de97fb638f,HybridPSODE,True,Bounds,178,ok
5cd17e65-80b4-436c-9b0e-88bd5bee25d2,AdaptiveSwarmGradientDescent,False,none,0,ok
5cde9a52-5f1e-4131-8c2a-8e4ab83a9743,HybridPSODE,True,Bounds,178,ok
5d022273-7618-42d3-97aa-f607c4802644,HybridPSODE,True,Discretization,33,ok
5d322e1a-0557-4f91-99c3-79f8ceaf128a,AdaptiveSwarmOptimizer,False,none,0,ok
5d4b5201-f19e-4c31-add5-66c1a3aab368,HybridPSODE,True,Discretization,180,ok
5d5228bc-f748-464a-9b10-4ef49ead70b6,AdaptiveSwarmGradientDescent,False,none,0,ok
5db95710-ab0b-41d1-91f6-25ec945d444c,HybridPSODE,True,Clusters,179,ok
5dcc19b9-6f0e-4b29-a8e1-6f1edad0da29,HybridPSOSA,True,Discretization,16,ok
5dd31a35-cb79-416a-b7e7-89a3a91b4977,AdaptiveSwarmGradientDescent,False,none,0,ok
5e2af7c6-a15f-4f6a-bea0-0666ad38ed07,PSO_DE_Hybrid,False,none,0,ok
5e79086b-0b96-4707-b470-cad5c5222c41,AdaptiveSwarmHarmonyOptimization,False,none,0,ok
5e790e50-bb26-41fe-bd44-6ebe6bf33203,AdaptiveSwarmHarmonySearch,False,none,0,ok
5ec42d4a-c47e-4542-b8d0-8a4ae6fe90e1,AdaptiveSwarmGradientDescent,False,none,0,ok
5eee0627-ae1c-4b03-bfa0-8fcf60da7827,AdaptiveSwarmGradientDescent,False,none,0,ok
5f39119f-8c41-4096-bc42-68e96edd9bc4,AdaptiveSwarmOptimizer,False,none,0,ok
5f497775-6565-4938-8619-37a3350aa610,AdaptiveSwarmGradientDescent,False,none,0,ok
5f536bfb-cc11-41fe-ab68-522dfe8a2354,AdaptiveSwarmGradientDescent,False,none,0,ok
5f6dce22-f385-4fb4-ad08-52e12e849f9a,EnhancedAdaptiveSwarmGradientDescent,False,none,0,ok
5fc0b0cd-9f8c-4162-abb9-1174e6705d27,AdaptiveSwarmOptimizer,False,none,0,ok
5fd19f41-0a63-4031-ba86-524ad4beea6a,DynamicSwarmOptimizer,False,none,0,ok
60096af8-ec1d-421c-9fdb-7e55a4c463ed,HybridPSOSA,True,Discretization,43,ok
600e6a77-fc7b-4ebc-8277-7196a23cbfc6,AdaptiveSwarmGradientDescent,False,none,0,ok
601448a5-4559-4387-a306-ac219f0ba849,HybridPSOSA,False,none,0,ok
61b8b7c8-a76c-4100-a1b9-122a927a3aee,AdaptiveSwarmGradientDescent,False,none,0,ok
604a9223-ce8b-456a-85e4-8ae2003388e2,AdaptiveSwarmGradientDescent,False,none,0,ok
605864ce-1be6-427a-97d6-0bc52b49f27b,HybridPSODE,True,Clusters,179,ok
607583c9-d8b3-4f4c-a88a-ec9954b23a46,AdaptiveSwarmGradientDescent,False,none,0,ok
60762dfb-eba6-4d5f-9843-7882a014258f,SwarmOptimizer,False,none,0,ok
608aa1d6-7884-487f-bb43-ec5ed3fdebda,DynamicSwarmOptimizer,False,none,0,ok
609427a4-1b63-4469-9b25-d1f5eaf186f2,EnhancedAdaptiveSwarmGradientDescent,False,none,0,ok
60b78be9-7931-4be3-a42c-3f849fc09acd,HybridPSODE,True,Discretization,180,ok
60c2a409-d96a-4ba5-a041-748a7673b581,DynamicSwarmOptimizer,False,none,0,ok
60f5808d-2e03-4b39-97e2-6bbd983bec03,EnhancedAdaptiveSwarmGradientDescent,False,none,0,ok
60fb568c-0890-403b-a1d6-9cc2b8969e11,AdaptiveSwarmGradientDescent,False,none,0,ok
61198a4a-6b16-41a4-b430-0150b9c4b6f8,EnhancedAdaptiveSwarmGradientDescent,False,none,0,ok
613aab66-8c13-456a-9009-c8091b1506b5,DynamicSwarmOptimizer,False,none,0,ok
61424e12-c4e5-49ae-9bc8-d806fa54fd32,AdaptiveSwarmGradientDescent,False,none,0,ok
6180f60a-4578-439e-9b06-75f4d67fd365,AdaptiveSwarmOptimizer,False,none,0,ok
61b1d167-f2d1-4326-8091-94a4ccf35a18,AdaptiveSwarmOptimizer,False,none,0,ok
626075d6-b9e3-47d7-83a2-8332865add49,EnhancedAdaptiveSwarmGradientDescent,False,none,0,ok
62e499b9-2eb6-4504-b753-20b0c161b1fe,HybridPSOSA,True,Discretization,46,ok
62f6b34c-c538-4a8a-8431-2156cc9a3ab8,HybridPSODE,True,Bounds,177,ok
632213c7-497a-4319-85a1-9fb565e7dc5f,EnhancedAdaptiveSwarmGradientDescent,False,none,0,ok
63763b23-4ca2-4abd-a06a-48f36c69969d,AdaptiveSwarmGradientDescent,False,none,0,ok
63c35193-5c34-49b2-88f6-ff7055a83117,AdaptiveSwarmOptimizer,False,none,0,ok
63d53438-f25c-45cf-853d-9a601d3ba3b2,AdaptiveSwarmGradientDescent,False,none,0,ok
640a5ecd-db22-4635-920c-09aa9df487b0,AdaptiveSwarmGradientDescent,False,none,0,ok
642e09e6-adda-47df-b0e7-da7bab752ec8,AdaptiveSwarmGradientDescent,False,none,0,ok
6439431a-c98e-4577-985f-5f11d0b28563,PSO_DE_Hybrid,False,none,0,ok
64e2f682-91bb-4282-9a29-eb7f8cba18e2,PSO_DE_Hybrid,False,none,0,ok
68949a91-d6e6-4e6b-8222-69c53a762bd5,AdaptiveSwarmGradientDescent,False,none,0,ok
68bddc87-cd40-46ae-bd71-17ee2f33476d,PSO_DE_Hybrid,False,none,0,ok
6b2f5db1-7d18-4a85-a237-338c7a8bc905,AdaptiveSwarmOptimizer,False,none,0,ok
6b8a1864-e071-4070-b71e-630c1dd03760,EnhancedAdaptiveSwarmGradientDescent,False,none,0,ok
695d3f96-71c6-46c6-86a4-f8e196464837,SwarmOptimizer,False,none,0,ok
695e2d58-a73a-434c-a2c4-377f5c82b35d,EnhancedAdaptiveSwarmGradientDescent,False,none,0,ok
6715a6cc-529d-4c78-9732-a82baf9e4f38,AdaptiveSwarmGradientDescent,False,none,0,ok
6716b339-106a-4fe6-917a-aed9650b9b06,AdaptiveSwarmGradientDescent,False,none,0,ok
67208eea-2da4-4fd9-b130-d05d5b5e4998,AdaptiveSwarmGradientDescent,False,none,0,ok
6a117e4f-2066-4207-be0b-48b5573ded66,DynamicSwarmOptimizer,False,none,0,ok
6a4afe0d-77d9-4999-b588-bc3daef161da,PSO_DE_Hybrid,False,none,0,ok
6af5a238-b5f3-4e65-9a4f-b11c966e6371,EnhancedAdaptiveSwarmGradientDescent,False,none,0,ok
662024d5-6bad-476f-b080-724099be052d,HybridPSODE,True,Clusters,179,ok
667563ac-c6c2-49d3-8dd1-430245f17a66,HybridPSOSA,True,Discretization,75,ok
6676e3f2-6199-48a4-9a34-0008ff1c9aef,SwarmOptimizer,False,none,0,ok
6686202d-a3b4-46da-a595-f6fff567b72a,AdaptiveSwarmGradientDescent,False,none,0,ok
68c05968-293c-475c-8e9e-d359f72ece60,AdaptiveSwarmGradientDescent,False,none,0,ok
68d2de8a-b691-4c49-9ba6-d56de02bd17c,AdaptiveSwarmGradientDescent,False,none,0,ok
68f61ca5-bbd5-43a9-ab45-551cea5a8058,AdaptiveSwarmGradientDescent,False,none,0,ok
69239e10-763b-4577-ae0a-576f9dcf0b5f,EnhancedAdaptiveSwarmGradientDescent,False,none,0,ok
64e7f93f-fa58-4129-b6cd-dba411bf12bb,DynamicSwarmOptimizer,False,none,0,ok
65011a29-3525-48a0-9d64-40989a58d921,AdaptiveSwarmGradientDescent,False,none,0,ok
65142aed-1b36-4157-adf9-80ce00e5973e,AdaptiveSwarmGradientDescent,False,none,0,ok
65816c54-b49d-49eb-a30d-1d232453f933,AdaptiveSwarmGradientDescent,False,none,0,ok
680b599f-73ad-46ff-b529-29dc536a2da7,EnhancedAdaptiveSwarmGradientDescent,False,none,0,ok
6822b53a-49c4-4472-85e8-2e29bde31f76,PSO_DE_Hybrid,False,none,0,ok
6824b348-a01b-43f8-94a1-2ab0222afa10,AdaptiveSwarmGradientDescent,False,none,0,ok
688ab52f-1290-424a-8768-45d2c61dc5ae,AdaptiveSwarmHarmonyOptimization,False,none,0,ok
6b994e26-c370-44cc-8cab-31f1edb7ddbd,AdaptiveSwarmGradientDescent,False,none,0,ok
6bd4583c-0a15-4a3e-af33-aff6859f479d,PSO_DE_Hybrid,False,none,0,ok
6c143df6-3e48-4487-b76c-32a35e9a4c0b,AdaptiveSwarmOptimizer,False,none,0,ok
6c1b9efd-3d31-4e9a-ae86-42bfbb8f4f6b,HPSO_ADE,False,none,0,ok
6d851b7c-e98d-47c4-add0-0994525a074d,AdaptiveSwarmGradientDescent,False,none,0,ok
6debd6c3-2c9b-40d5-b0fe-3a2bb3347c7f,HybridMetaheuristicOptimizer,False,none,0,ok
6e0966a7-a6af-4810-a709-02f2b8d51bb0,AdaptiveSwarmGradientDescent,False,none,0,ok
673dd190-2f4b-4dbd-b2d8-5889bdc97f21,SwarmOptimizer,False,none,0,ok
6775cfc2-c15f-4c7f-828c-2068858b5221,AdaptiveSwarmOptimizer,False,none,0,ok
678a0ca4-31d2-449d-a745-bc7314944dcf,HybridPSOSA,True,Discretization,51,ok
67cadea9-d784-48f2-8ce7-1405fa7c9b25,HybridPSODE,True,Discretization,33,ok
67e538e2-ddf5-4f6c-aaa8-a95278aecc04,DynamicSwarmOptimizer,False,none,0,ok
668623e6-8058-45c6-96a1-5c856b2e7957,EnhancedAdaptiveSwarmGradientDescent,False,none,0,ok
66870fa9-072b-400d-9ea4-595d754b4bdf,AdaptiveSwarmHarmonyOptimization,False,none,0,ok
6698cb78-94f7-4f8a-8869-a654adea0ed4,AdaptiveSwarmGradientDescent,False,none,0,ok
66b2d071-a302-48f9-890d-8b958b18f64c,AdaptiveSwarmGradientDescent,False,none,0,ok
66bd6318-b9bb-4059-ab33-8f482a2a6b86,HybridPSOSA,True,Discretization,57,ok
6f0a58f8-99ca-431d-9c4b-98db6882b148,AdaptiveSwarmGradientDescent,False,none,0,ok
6f2e43cb-984a-409a-8bc5-cf89a6c6728e,AdaptiveSwarmGradientDescent,False,none,0,ok
6f3fa924-6e16-4a15-ae3b-acbbca6873e1,PSO_DE_Hybrid,False,none,0,ok
6e195dc0-5c21-4fd1-90bc-01a622512c89,DynamicSwarmOptimizer,False,none,0,ok
6e6430a9-f8dd-48fe-837c-b571e2abfff0,EnhancedAdaptiveSwarmGradientDescent,False,none,0,ok
6e80dfc7-0d00-4dbf-9bea-be07550c6ad4,DynamicSwarmOptimizer,False,none,0,ok
6eafb924-04bc-4b6d-9add-6a13ab5143ef,DynamicSwarmOptimizer,False,none,0,ok
70536d5a-c6e8-4f3e-b422-6f853614ca1d,AdaptiveSwarmOptimizer,False,none,0,ok
70a93c07-b880-46d4-a0fc-98d30c2d6b79,AdaptiveSwarmGradientDescent,False,none,0,ok
70da6a23-d77c-4583-a6ff-8ec068cb46f5,AdaptiveSwarmGradientDescent,False,none,0,ok
6f4df244-4fc0-44d0-ac6b-2b8745a8a230,EnhancedAdaptiveSwarmGradientDescent,False,none,0,ok
6f637d28-7a64-4b67-95bb-170e396da988,HybridPSODE,True,Clusters,181,ok
6f74eaf4-df13-4c56-a2b8-639b784f69c8,AdaptiveSwarmHarmonySearch,False,none,0,ok
6f87b3ee-6352-45a4-8cec-c26ba8931eb1,AdaptiveSwarmHarmonyOptimization,False,none,0,ok
6c2361d5-a6da-45bb-bd57-ff901f1bced1,EnhancedAdaptiveSwarmGradientDescent,False,none,0,ok
6c41fb42-09b2-4bd9-b15e-96addc57589d,DynamicSwarmOptimizer,False,none,0,ok
6c576261-5e2f-4917-8564-ad9db1c0596d,EnhancedAdaptiveSwarmGradientDescent,False,none,0,ok
6c8d6784-b125-4ab9-a757-45a39172daf3,EnhancedAdaptiveSwarmGradientDescent,False,none,0,ok
6cb64863-ad95-429a-8bfb-89cd258803d5,AdaptiveSwarmHarmonySearch,False,none,0,ok
6f8cf71e-abb5-421e-8be0-a6f4bdc27389,AdaptiveSwarmGradientDescent,False,none,0,ok
6fb74d05-bf3a-4267-b76c-7402ad2bb584,AdaptiveSwarmGradientDescent,False,none,0,ok
6fec0ede-b491-4e86-b6be-ba9ece07ea91,AdaptiveSwarmGradientDescent,False,none,0,ok
7033a32b-f567-45d2-9422-007f4ff62836,AdaptiveSwarmGradientDescent,False,none,0,ok
718ad018-660c-4bb8-9757-1b84a9088a3b,AdaptiveSwarmGradientDescent,False,none,0,ok
71cdfcf8-dac7-4640-b4b1-cf2a8c372cc2,AdaptiveSwarmGradientDescent,False,none,0,ok
720a905f-bafb-4fec-abab-4f3b4dc5cabc,AdaptiveSwarmGradientDescent,False,none,0,ok
722723cf-e45b-4373-a7ff-d469777bf630,AdaptiveSwarmHarmonyOptimization,False,none,0,ok
7380e6a9-6f55-4a85-8c0a-f65716fd5822,AdaptiveSwarmGradientDescent,False,none,0,ok
738e7b28-65a7-4419-a1c3-ee691d96c77e,SwarmOptimizer,False,none,0,ok
73a36276-c61e-4a91-9c6f-5dc097a1d36f,DynamicSwarmOptimizer,False,none,0,ok
713d9d53-dc6f-4052-9d66-2556b8795328,AdaptiveSwarmHarmonyOptimization,False,none,0,ok
7146c235-de8e-4b3e-a675-58f162fde390,DynamicSwarmOptimizer,False,none,0,ok
714bd4e7-caf8-40d7-94ed-c624b4b70ebf,AdaptiveSwarmGradientDescent,False,none,0,ok
71769334-b394-48bf-b094-69cdcf64dfaf,AdaptiveSwarmChaosMemory,False,none,0,ok
7234fd56-165c-4c4d-995a-bc7671e70327,AdaptiveSwarmGradientDescent,False,none,0,ok
72473e08-f451-4fa4-b9cf-d11b55a8aed7,AdaptiveSwarmChaosMemory,False,none,0,ok
72581de6-1fd8-4276-8651-bd6962f539b5,AdaptiveSwarmOptimizer,False,none,0,ok
728c46ae-84d2-4bab-b183-9bea00c9537c,HybridPSODE,True,Discretization,33,ok
7467ac04-a08f-492f-ba8e-918b7966b42e,EnhancedAdaptiveSwarmGradientDescent,False,none,0,ok
74d90241-0673-413e-ba2d-d16d2935c015,AdaptiveSwarmGradientDescent,False,none,0,ok
75094c28-db13-4500-8df6-a98e677bf089,AdaptiveSwarmGradientDescent,False,none,0,ok
7309701f-4d69-42dd-9b3f-f6dff899ecfd,SwarmOptimizer,False,none,0,ok
731bd7b3-92b4-40bb-82f4-baed538795d4,DynamicSwarmOptimizer,False,none,0,ok
7331907a-edd4-4590-acdc-5bf18f76c157,AdaptiveSwarmGradientDescent,False,none,0,ok
7366c6a0-3f49-47a9-b180-fa3ee0dc5bf0,SwarmOptimizer,False,none,0,ok
72964862-0a04-4201-9121-45b70c32bf89,AdaptiveSwarmGradientDescent,False,none,0,ok
72ba38f0-10be-45f6-b031-6bf19c8a45a2,AdaptiveSwarmGradientDescent,False,none,0,ok
72c664d0-07e0-41e3-8dc8-259649e057b5,AdaptiveSwarmGradientDescent,False,none,0,ok
72d71ea8-7d91-43eb-92e9-7f8205b5ecf0,SwarmOptimizer,False,none,0,ok
72dd11df-2a73-4c90-a646-128ba161e90a,ASNM,False,none,0,ok
7614d29d-ab6f-45a7-b674-3a8708b3cc84,EnhancedAdaptiveSwarmGradientDescent,False,none,0,ok
76c9cc05-af7d-408a-a96e-5f487bb1b646,AdaptiveSwarmGradientDescent,False,none,0,ok
772204d5-49f7-4eba-8aa1-efe240348896,AdaptiveSwarmGradientDescent,False,none,0,ok
778bbeaf-6426-447f-82fe-59d8a4916120,AdaptiveSwarmHarmonyOptimization,False,none,0,ok
77945ac2-5492-4dd9-a573-1d63fd86d352,AdaptiveSwarmHarmonyOptimization,False,none,0,ok
77c37c51-e7e5-4770-b03e-22a90cc6732f,EnhancedAdaptiveSwarmGradientDescent,False,none,0,ok
7422c0af-24ad-4258-96fb-07f3380ddc6f,AdaptiveSwarmGradientDescent,False,none,0,ok
74257e5c-4ef6-4603-926c-799e48bf98f9,EnhancedAdaptiveSwarmGradientDescent,False,none,0,ok
742f49c2-4326-4d75-bcdb-4ceb962ef3d0,PSO_DE_Hybrid,False,none,0,ok
74327ba3-f423-4193-bf91-bbd64991aa66,AdaptiveSwarmOptimizer,False,none,0,ok
744632f8-36ef-432e-bb6f-5400614ae380,AdaptiveSwarmHarmonySearch,False,none,0,ok
79b1205d-acb5-4be2-a32e-5d10d96b6063,HybridPSODE,True,Discretization,98,ok
79d27094-39a4-4c5d-ba4d-c52f32cff1e5,ChaoticSwarmOptimizer,False,none,0,ok
79e0badc-07c8-4008-bef1-5a560f7e52f0,HybridPSODE,True,Bounds,178,ok
7a6a3438-c0f4-4242-ad14-55b10093d25b,EnhancedAdaptiveSwarmGradientDescent,False,none,0,ok
7a91bcf9-2752-40ea-b605-c7b6175046db,AdaptiveSwarmGradientDescent,False,none,0,ok
7b0944b4-60f7-485c-ae48-a27c52caf51b,EnhancedAdaptiveSwarmGradientDescent,False,none,0,ok
750d51d7-97ca-4a50-a5f1-d97490e45caf,AdaptiveSwarmChaosMemory,False,none,0,ok
75319515-1855-46e4-b710-6478de0db8e2,PSO_DE_Hybrid,False,none,0,ok
754995bc-d0ee-4101-a87e-a662e8cb352f,PSO_DE_Hybrid,False,none,0,ok
757cebf8-dbc6-4f5c-84ff-06ef1f18bcf9,ChaoticSwarmOptimizer,False,none,0,ok
75add07d-7f47-4716-b1f9-715d28c4e963,AdaptiveSwarmGradientDescent,False,none,0,ok
78eaa883-60a3-4fca-9804-7a326fda381e,AdaptiveSwarmHarmonyOptimization,False,none,0,ok
7901e75c-9b1f-466a-ac87-d0fb47dfc011,HPSO_ADE,False,none,0,ok
792a17e4-5e84-44eb-bfc3-ec2a9d3d060a,AdaptiveSwarmGradientDescent,False,none,0,ok
793629b7-2e90-42e4-8207-2a5c4a301460,PSO_DE_Hybrid,False,none,0,ok
781373bc-0e9a-4054-b0d2-214dbb25510e,AdaptiveSwarmHarmonyOptimization,False,none,0,ok
786b2cea-9f5d-462b-a41f-2211f19c44b2,PSO_DE_Hybrid,False,none,0,ok
7885c3a3-aecc-4e5f-8fdb-53ce776d84eb,AdaptiveSwarmHarmonyOptimization,False,none,0,ok
78b374c3-be51-4d30-a48d-21d563c5defe,AdaptiveSwarmHarmonyOptimization,False,none,0,ok
7d058d10-4eea-4ba1-ab9a-caff4d51d6ce,AdaptiveSwarmOptimizer,False,none,0,ok
7d29883f-bb3f-494c-8da7-340d1a729e7e,HybridPSODE,True,Discretization,36,ok
7b56822b-3d02-42ad-8bf2-fedd78992afe,AdaptiveSwarmGradientDescent,False,none,0,ok
7b6dac19-0402-49e0-ae72-6cf698ac2b97,EnhancedAdaptiveSwarmGradientDescent,False,none,0,ok
7b85c9a7-1f4b-45d4-a3e9-b2a05bd9f0f9,EnhancedAdaptiveSwarmGradientDescent,False,none,0,ok
7b91b2ae-d590-4fdc-b688-8f1643f55a76,AdaptiveSwarmGradientDescent,False,none,0,ok
7bab8721-07a0-453d-940e-40e83883793c,EnhancedAdaptiveSwarmGradientDescent,False,none,0,ok
7d58baa6-a9bb-49ab-a748-4d3bfd7c236d,EnhancedAdaptiveSwarmGradientDescent,False,none,0,ok
7d9f461c-18f1-442c-8d27-44b6a230bb62,PSO_DE_Hybrid_Improved,False,none,0,ok
7dd2e999-dd10-4fc4-8432-5beea7cc3fb0,HybridPSOSA,True,Discretization,44,ok
7bacb2d4-d864-49ce-8587-1027e2f3eb68,SwarmOptimizer,False,none,0,ok
7bb79758-9834-4c72-81bb-c29ae7e3c69f,EnhancedAdaptiveSwarmGradientDescent,False,none,0,ok
7bbe3c3f-774d-4f66-b654-4726c63cc0e7,AdaptiveSwarmGradientDescent,False,none,0,ok
7bd69838-ebdd-44fa-9220-2b92ebd0fa34,HybridPSODE,True,Discretization,180,ok
7c9a0a1d-8f71-4b29-8743-b4c68ddc4c6c,ChaoticSwarmOptimizer,False,none,0,ok
7cb6ce79-59b0-4f02-b76f-cf3013324a01,AdaptiveSwarmHarmonySearch,False,none,0,ok
7cc71c5b-ceb9-47cc-9f4d-629eee50dd70,AdaptiveSwarmGradientDescent,False,none,0,ok
7cd7a2c4-2623-4142-bcdd-70e07c35bf95,PSO_DE_Hybrid,False,none,0,ok
7e6fd47f-4eb5-4010-9d3d-c0666f071680,EnhancedAdaptiveSwarmGradientDescent,False,none,0,ok
7ebddb98-d832-4ede-a00b-6a62b3c199d5,AdaptiveSwarmGradientDescent,False,none,0,ok
7ecd3b2a-c99b-4bd1-b48a-e8acde228574,AdaptiveSwarmHarmonySearch,False,none,0,ok
7f263cab-4079-4d90-b06f-8f75e91852a8,EnhancedAdaptiveSwarmGradientDescent,False,none,0,ok
7f340297-e656-47b7-b247-2ae8517193f9,AdaptiveSwarmChaosMemory,False,none,0,ok
7f46907a-8881-4b39-8d4a-a156186e6cb1,AdaptiveSwarmGradientDescent,False,none,0,ok
818bb534-b79d-4dcc-ac0e-7cdc633f9bd3,AdaptiveSwarmGradientDescent,False,none,0,ok
8220d65c-759e-4506-80ed-2a0edf64bfae,SwarmOptimizer,False,none,0,ok
851e00f4-7cbb-4548-bd21-f42886aab149,AdaptiveSwarmHarmonyOptimization,False,none,0,ok
7f82b6f5-793d-428c-84d2-18d4b8f89483,AdaptiveSwarmGradientDescent,False,none,0,ok
7fb28e71-4e38-43fc-b799-46322edf6c40,AdaptiveSwarmGradientDescent,False,none,0,ok
7fb822a8-b49a-4c41-a2cb-16a1628c9c42,AdaptiveSwarmGradientDescent,False,none,0,ok
7fce8304-967b-4d57-94ce-bffc66c281a2,EnhancedAdaptiveSwarmGradientDescent,False,none,0,ok
7fd4dbd8-bcd4-4db7-bb4d-640b02da84da,EnhancedAdaptiveSwarmGradientDescent,False,none,0,ok
7fd70e0f-c11d-4489-b680-1e6c0b3d5caa,AdaptiveSwarmHarmonyOptimization,False,none,0,ok
8015a922-89f6-42ce-91d1-64782b6ca41e,HybridPSODE,True,Bounds,178,ok
806d59b7-4e0b-4b2d-ab4a-8aeaa44b6f75,EnhancedAdaptiveSwarmGradientDescent,False,none,0,ok
80716b2d-1706-4b3e-81b7-5d236038a8a6,AdaptiveSwarmGradientDescent,False,none,0,ok
80e03c8a-9d82-4bb7-917c-3cc7a980861d,AdaptiveSwarmGradientDescent,False,none,0,ok
80facfad-8844-457f-80a9-49c3533751f2,HybridPSODE,True,Clusters,179,ok
81334267-ee1f-49b5-a1e5-6641b43e1682,SwarmOptimizer,False,none,0,ok
816d19f3-c46b-4352-a3a9-397b34d6d029,AdaptiveSwarmHarmonyOptimization,False,none,0,ok
8242bd72-b898-4836-a85b-1bcd7c63815f,AdaptiveSwarmGradientDescent,False,none,0,ok
8259bc16-5b95-4b5b-a2aa-b0f3d61228bd,EnhancedAdaptiveSwarmGradientDescent,False,none,0,ok
82a777ad-1a0f-416e-9e05-efc626e57683,AdaptiveSwarmChaosMemory,False,none,0,ok
82c5a3ff-e706-4e1e-be76-d10c1be05afe,AdaptiveSwarmGradientDescent,False,none,0,ok
83a678d3-8101-4ce4-8c6a-1b3304a5c37a,AdaptiveSwarmGradientDescent,False,none,0,ok
83ddaccf-a9d0-4b26-8555-84b2ad30349d,HybridPSODE,True,Discretization,180,ok
84105f45-d5a2-4ff7-a381-9bbff334f62b,AdaptiveSwarmGradientDescent,False,none,0,ok
8744980d-6479-4689-9a25-c338215f7585,EnhancedAdaptiveSwarmGradientDescent,False,none,0,ok
8785afa8-f81d-48d1-8490-1bc63b8d2649,SwarmOptimizer,False,none,0,ok
87a22eb3-a41b-47b9-9a39-6c3d3535a16d,PSO_DE_Hybrid,False,none,0,ok
869762c7-1c83-448d-bf93-5eb547b6fd55,AdaptiveSwarmGradientDescent,False,none,0,ok
8708a132-3c26-4420-97af-fb4b23f04a9f,AdaptiveSwarmGradientDescent,False,none,0,ok
873bca35-d291-4f17-87f6-2108fb736d75,AdaptiveSwarmGradientDescent,False,none,0,ok
8a7dda8f-3d58-4489-b71c-b3d56c4f4636,AdaptiveSwarmGradientDescent,False,none,0,ok
8a9300d7-2978-4b75-b193-2fa01758e1db,AdaptiveSwarmHarmonyOptimization,False,none,0,ok
847bb82f-c2e2-40a1-8ea0-332d3df5c7f8,AdaptiveSwarmGradientDescent,False,none,0,ok
84bdfb99-fd4a-4052-81c5-9c2842b9f90c,AdaptiveSwarmGradientDescent,False,none,0,ok
85068cd1-8dbd-40d3-9336-a72daa873a18,HybridPSOSA,True,Discretization,44,ok
850d2332-47c6-46e0-a1c3-86681b8aa18a,AdaptiveSwarmGradientDescent,False,none,0,ok
8a9c108e-4a57-4b94-a3da-c02498988552,AdaptiveSwarmGradientDescent,False,none,0,ok
8bb3e89d-7655-45ce-bd56-5173421fa3ad,SwarmOptimizer,False,none,0,ok
8bf379df-f277-4e7e-b64d-4d945030e844,AdaptiveSwarmGradientDescent,False,none,0,ok
8ef6b611-2268-4f85-b0f4-49862217efd3,AdaptiveSwarmGradientDescent,False,none,0,ok
8f0cb81b-cb01-4a4d-a075-5a66c550d301,EnhancedAdaptiveSwarmGradientDescent,False,none,0,ok
89a869f3-df18-432a-bec5-92af2d0dc0d2,AdaptiveSwarmHarmonySearch,False,none,0,ok
89bbba3e-391d-4a26-a763-05c58e814d00,EnhancedAdaptiveSwarmGradientDescent,False,none,0,ok
89d1691d-c65e-404c-9c20-8c038e1c64d9,AdaptiveSwarmGradientDescent,False,none,0,ok
89ea40bd-9c75-462c-acb8-73377098b4ef,AdaptiveSwarmOptimizer,False,none,0,ok
8935c4d5-5000-4fe3-93df-92c9aedc080d,AdaptiveSwarmGradientDescent,False,none,0,ok
8938a0d8-45b8-4c0a-a7db-81981a18e4d6,HybridPSOSA,True,Discretization,42,ok
895fadea-7c90-4752-be9f-70e13b0c906e,AdaptiveSwarmHarmonySearch,False,none,0,ok
8970c32b-d250-40e5-8802-910c91ea5091,EnhancedAdaptiveSwarmGradientDescent,False,none,0,ok
88505db6-2f70-4100-b220-03d431a46478,EnhancedAdaptiveSwarmGradientDescent,False,none,0,ok
885add02-efd1-4d52-beed-83c5881af9ae,AdaptiveSwarmOptimizer,False,none,0,ok
886bb3fc-0fbb-4282-a1bf-0e9479c8584a,AdaptiveSwarmGradientDescent,False,none,0,ok
88acb591-dcd4-46a1-a112-4810c73ef70c,SwarmOptimizer,False,none,0,ok
87a78f09-8839-4154-ac61-33c1c6188684,SwarmOptimizer,False,none,0,ok
87abcf65-c40e-4d31-933e-72f3edb8377c,AdaptiveSwarmGradientDescent,False,none,0,ok
87b776c2-ca35-4ce3-b6cf-6b91840f63bf,EnhancedAdaptiveSwarmGradientDescent,False,none,0,ok
87ea08f7-ce55-47aa-bc31-212ae3d3e20e,HybridPSODE,True,Clusters,179,ok
882b0afc-bf72-4f69-8ae2-0061e5c2e819,PSO_DE_Hybrid,False,none,0,ok
9343a11b-2e12-4c27-b2d6-fd4bc65b8b12,EnhancedAdaptiveSwarmGradientDescent,False,none,0,ok
8f452827-23db-403f-9250-ec9a8f5b359f,AdaptiveSwarmHarmonyOptimization,False,none,0,ok
8f501780-3249-4d16-8453-8bde9910783d,AdaptiveSwarmHarmonySearch,False,none,0,ok
8f865818-d6ec-4562-8207-94ab3de2746f,AdaptiveSwarmHarmonyOptimization,False,none,0,ok
8c48a240-393e-45d8-9ae1-efd6756fd3ad,AdaptiveSwarmGradientDescent,False,none,0,ok
8cb3ea9c-97ca-46ba-8cfe-056451f87afb,AdaptiveSwarmGradientDescent,False,none,0,ok
8cbe0292-c6ba-4822-853a-cf0d30f24e82,AdaptiveSwarmGradientDescent,False,none,0,ok
8ce9d73f-d8fb-4323-aae8-43f4597b1560,EnhancedAdaptiveSwarmGradientDescent,False,none,0,ok
8fe054ae-d2b2-4a68-a1d3-71e5e9ce045d,EnhancedAdaptiveSwarmGradientDescent,False,none,0,ok
901d782f-9a2f-4589-b899-b9f4bc83339c,PSO_DE_Hybrid,False,none,0,ok
9024cdd7-f6ea-4b38-b419-d383bba34346,DynamicSwarmOptimizer,False,none,0,ok
8d1b1734-fc94-434f-ae86-4f7e9a2c430d,PSO_DE_Hybrid,False,none,0,ok
8d91ecad-3b60-4df1-97ae-62f7f46a6d12,ChaoticSwarmOptimizer,False,none,0,ok
8da81c0b-e4ff-4203-8db0-470cae6861e2,AdaptiveSwarmHarmonySearch,False,none,0,ok
8e177f9b-ccc8-4905-bd50-85f5b53b6efc,HybridPSOSA,True,Discretization,44,ok
8e40096e-3a67-4922-b6b5-396e6e72ef29,AdaptiveSwarmGradientDescent,False,none,0,ok
8e5e765f-b12f-40a0-a03f-7cb5c8f64aaf,AdaptiveSwarmGradientDescent,False,none,0,ok
8e680bcd-1c60-483f-bc42-8077985d4e9c,DynamicSwarmOptimizer,False,none,0,ok
8e7cf7ee-9d5d-45d6-9daf-ad3c6374b579,HybridPSODE,True,Discretization,36,ok
948c3ff3-db3b-4edb-abfd-b4eb4c2fe1c2,AdaptiveSwarmHarmonyOptimization,False,none,0,ok
950b3139-9b41-458b-bc1a-151b38e38101,PSO_DE_Hybrid_Improved,False,none,0,ok
91472292-3220-46de-8c1e-f584d62229fc,AdaptiveSwarmChaosMemory,False,none,0,ok
91a00faa-48eb-4a7d-8464-dff587909f8c,AdaptiveSwarmHarmonyOptimization,False,none,0,ok
91e1e3b0-c4cd-4305-9989-bc9e22282739,HybridPSODE,True,Discretization,177,ok
9212e5fd-2fcb-4b20-998e-e328b5450657,HybridPSODE,True,Discretization,33,ok
95a15d0d-cb8c-43cd-a90d-908c9c328419,AdaptiveSwarmGradientDescent,False,none,0,ok
95cee3bd-2497-4c98-85f3-211c09c51ab3,HybridPSOSA,True,Discretization,15,ok
95e05008-5b46-457b-91ef-29c59eed45e1,AdaptiveSwarmGradientDescent,False,none,0,ok
9065851b-3497-477a-a3c8-13c033b72442,PSO_DE_Hybrid,False,none,0,ok
909eaa9c-cc7d-474b-b43c-57f5f71fe5af,EnhancedAdaptiveSwarmGradientDescent,False,none,0,ok
909f8ba5-8def-4850-93da-d57d21a14032,AdaptiveSwarmGradientDescent,False,none,0,ok
90a66c1b-c589-4013-8185-0a7a89f9313e,DynamicSwarmOptimizer,False,none,0,ok
90fbfaeb-3de9-4187-b128-bedddb86a1f9,AdaptiveSwarmHarmonyOptimization,False,none,0,ok
93828280-2a14-4b13-8cfb-6adc0e4451e8,PSO_DE_Hybrid,False,none,0,ok
93cd048f-a4a6-4d4c-a2fd-98a84a5850c3,AdaptiveSwarmHarmonyOptimization,False,none,0,ok
93ee4008-2853-4a86-ad30-068b4d6c2b80,PSO_DE_Hybrid,False,none,0,ok
940b9948-91a1-4216-8d77-7b5ae9e26c91,AdaptiveSwarmGradientDescent,False,none,0,ok
93519c7b-fbba-4bb8-934b-436bbd830a1f,PSO_DE_Hybrid,False,none,0,ok
935afa8c-83cc-4e72-a6bf-b3197068f7c7,SwarmOptimizer,False,none,0,ok
936a4e5f-1660-42af-95f5-7441873e385f,DynamicSwarmOptimizer,False,none,0,ok
9379fac6-eb23-4854-b875-f18c9c089129,AdaptiveSwarmGradientDescent,False,none,0,ok
9b7be540-9c34-484c-8d24-84fcac248345,AdaptiveSwarmGradientDescent,False,none,0,ok
9bdf32ae-52e0-4079-8c12-4d0fccfa6a13,AdaptiveSwarmGradientDescent,False,none,0,ok
960f2b60-1896-4fa9-967d-2fb4b0fea1c0,HybridPSOSA,True,Discretization,41,ok
9610cade-51fa-4c18-8561-b7a3ddfa23e6,AdaptiveSwarmOptimizer,False,none,0,ok
9633faf7-f4f4-4d88-8724-9fc88ac2d629,PSO_DE_Hybrid,False,none,0,ok
969686c4-7873-4675-9d97-0388e6dab08b,AdaptiveSwarmGradientDescent,False,none,0,ok
96baa706-3b0c-414f-a34f-6bf9ad1d043c,EnhancedAdaptiveSwarmGradientDescent,False,none,0,ok
96c41de5-a174-498a-b3ce-487b540a2d2f,EnhancedAdaptiveSwarmGradientDescent,False,none,0,ok
96e3f4f1-31b4-408a-91e7-3616f83ee80d,AdaptiveSwarmHarmonySearch,False,none,0,ok
97043fd2-01f9-4348-a9d9-2d1d79900d1d,AdaptiveSwarmGradientDescent,False,none,0,ok
9c4b7635-56c2-473c-a61e-a252d77a9ae3,AdaptiveSwarmHarmonySearch,False,none,0,ok
9cd4292d-ac9e-448f-b0f8-beead890c5f4,HybridPSOSA,True,Discretization,43,ok
974161fd-c477-40ff-8ea2-b81c3a231621,EnhancedAdaptiveSwarmGradientDescent,False,none,0,ok
9754219f-ee46-4723-ad26-899d42308a6f,AdaptiveSwarmGradientDescent,False,none,0,ok
97a3ed9c-0526-44ac-8b98-aec9ab171768,AdaptiveSwarmGradientDescent,False,none,0,ok
97a86a12-d276-4ccf-b4bd-789c827dfcc7,HybridPSODE,True,Bounds,178,ok
98dd94c4-7def-4be2-9d83-0fa08b3e2bfb,AdaptiveSwarmGradientDescent,False,none,0,ok
98ec6017-e622-436b-9c18-75ec55b3aba4,HybridPSODE,True,Discretization,33,ok
98f1b0aa-30cb-401b-9f99-f2c24bfe20b2,AdaptiveSwarmGradientDescent,False,none,0,ok
99390eab-b5b3-4e1c-a151-012f0bad224d,HybridPSOSA,True,Discretization,42,ok
9972bed5-7d58-4ac6-a631-3a3feff676a1,PSO_DE_Hybrid_Improved,False,none,0,ok
9a0eae75-7614-454a-9695-e1c227cf24fc,AdaptiveSwarmGradientDescent,False,none,0,ok
9a8dcb83-8081-4375-8a70-0f464f6fc26f,SwarmOptimizer,False,none,0,ok
9a9dce04-8eb3-4204-8dd7-623018479e87,SwarmOptimizer,True,Center,64,ok
9d525c90-2bd3-436e-9a10-b386308488f7,AdaptiveSwarmOptimizer,False,none,0,ok
9d587eac-9137-40b4-b766-ef8db88884ac,SwarmOptimizer,False,none,0,ok
9db42b03-2516-4f5a-b497-b64e3580bc4d,AdaptiveSwarmGradientDescent,False,none,0,ok
a0429983-e0ea-470f-a36c-966ab7f85e73,HybridPSODE,True,Bounds,181,ok
a05c74ef-e6b5-4156-8940-4b36b4a60992,PSO_DE_Hybrid,False,none,0,ok
97bfe40e-29cf-4b0f-bec4-6029aa83593b,HybridPSODE,True,Clusters,179,ok
982be18a-e69e-442e-83bf-b1cb8e5ab344,AdaptiveSwarmGradientDescent,False,none,0,ok
98693dec-291d-4bfb-a01b-3cb9476ad305,AdaptiveSwarmHarmonySearch,False,none,0,ok
9871d3e3-2755-4112-ac76-8cf730413a68,DynamicSwarmOptimizer,False,none,0,ok
98ad5e88-1c8d-4320-9b59-1dcf8f7f53e5,HybridPSOSA,True,Discretization,10,ok
9e0ed135-91b4-4b74-a3eb-f8eb92a4ea55,PSO_DE_Hybrid,False,none,0,ok
9e142c80-de07-4f8b-b40e-0599eea5b2b1,EnhancedAdaptiveSwarmGradientDescent,False,none,0,ok
9e563067-2170-460d-a9bd-99fbbb2cd097,AdaptiveSwarmGradientDescent,False,none,0,ok
9e6f20a2-c3c4-4414-b39b-82699b193b55,AdaptiveSwarmGradientDescent,False,none,0,ok
9e861576-df52-444a-abca-6d731bbb7872,AdaptiveSwarmChaosMemory,False,none,0,ok
9e9138d3-741f-4c4d-914e-4ef1ee166044,SwarmOptimizer,False,none,0,ok
a2cab229-78e1-4a18-a37b-ed7aea997598,AdaptiveSwarmGradientDescent,False,none,0,ok
a2ec1bdf-9b89-45ea-8ae0-aa633ceec528,AdaptiveSwarmGradientDescent,False,none,0,ok
a303da0b-1d09-4427-a464-c976c893da5d,EnhancedAdaptiveSwarmGradientDescent,False,none,0,ok
a0ae8cf9-bfa0-4926-b7f6-3eb91589248d,EnhancedAdaptiveSwarmGradientDescent,False,none,0,ok
a100de28-9150-4daf-a25e-30a14206d7ec,PSO_DE_Hybrid,False,none,0,ok
a105db9a-2554-48e4-bf35-3eeb2778df50,HPSO_ADE,False,none,0,ok
a1368a62-272d-4e0b-9b4b-9611db309bee,AdaptiveSwarmHarmonyOptimization,False,none,0,ok
a33eaefe-523a-4cca-85ea-268b82af3b79,HybridPSODE,True,Bounds,178,ok
a3855f0f-5b2f-4455-a602-776e783d6295,PSO_DE_Hybrid,False,none,0,ok
a3a505a3-1f4b-4422-9c67-dbfd179f3151,AdaptiveSwarmHarmonyOptimization,False,none,0,ok
9f2a2bc0-16a4-4a17-bb80-fdf4e206ec1b,AdaptiveSwarmHarmonySearch,False,none,0,ok
9f2cb53f-e72f-44d3-9c7d-82d848cf929f,SwarmOptimizer,False,none,0,ok
9f39589f-3d84-401b-a982-9ec35c2ea54e,EnhancedAdaptiveSwarmGradientDescent,False,none,0,ok
9fae9bbe-505d-4c84-9d10-de2ec05aa5ad,AdaptiveSwarmHarmonyOptimization,False,none,0,ok
9fc66a7d-34a8-4068-81ba-321b58b60b86,AdaptiveSwarmGradientDescent,False,none,0,ok
a1409176-615a-4a26-943c-8d3eba6c8a68,AdaptiveSwarmOptimizer,False,none,0,ok
a140f172-7401-4d4a-b34d-3287fe9ca04a,AdaptiveSwarmHarmonySearch,False,none,0,ok
a15b1251-5198-488f-a135-ba7163cb991a,HPSO_ADE,False,none,0,ok
a1b0955c-703a-4468-af63-c7f0270758b6,AdaptiveSwarmGradientDescent,False,none,0,ok
a5fb0bb8-90f5-4c4f-b58e-fec5d59ee93e,SwarmOptimizer,False,none,0,ok
a620c943-7c10-4928-b9fb-95c0cc5ed91a,AdaptiveSwarmGradientDescent,False,none,0,ok
a6a29b5f-b8d9-4624-b75d-ecc0c7e4443e,SwarmOptimizer,False,none,0,ok
acf440e3-353f-4b56-a588-f47c2e356098,AdaptiveSwarmGradientDescent,False,none,0,ok
a7d68d0b-9d19-48c9-bc21-5482775115cd,HybridPSOSA,True,Clusters,227,ok
a80de81b-3ba8-4920-93f5-ace87b81ac82,AdaptiveSwarmGradientDescent,False,none,0,ok
a81d6bfa-677d-4fad-bee9-0d75d9b7502b,AdaptiveSwarmGradientDescent,False,none,0,ok
a220d292-9234-48a0-a98a-5dd8eadc7e98,HybridPSOSA,True,Discretization,44,ok
a29d24bb-fe22-462b-8358-abd1e9025c6b,SwarmOptimizer,False,none,0,ok
a2a94e6f-4c73-4aa6-8889-c903bd731b36,HybridPSODE,True,Bounds,178,ok
a2ae48f7-c694-432c-bfa9-444454eac727,ChaoticSwarmOptimizer,False,none,0,ok
a2b35c15-7e3c-4a55-b206-d73e1493cbec,EnhancedAdaptiveSwarmGradientDescent,False,none,0,ok
a8f3b4e2-4c8a-4de1-9e16-e81e682d13f2,HybridPSOSA,True,Discretization,41,ok
a90c7ec3-f055-4e9c-b0b5-47363e923e36,ChaoticSwarmOptimizer,False,none,0,ok
a9371199-56a8-48ee-9a33-1a562582fa52,AdaptiveSwarmGradientDescent,False,none,0,ok
a48bcb71-24b1-4b29-a1d4-ed0cda36cb80,EnhancedAdaptiveSwarmGradientDescent,False,none,0,ok
a4cc44fa-a61d-49b2-8ba2-5739af783e9d,AdaptiveSwarmHarmonySearch,False,none,0,ok
a503ba23-b593-4e13-9079-6f564edd95da,AdaptiveSwarmGradientDescent,False,none,0,ok
a59f7667-18ed-4294-b12c-0f7f30661da8,ChaoticSwarmOptimizer,False,none,0,ok
a742b010-a45c-4ed0-b920-65a161eed67f,AdaptiveSwarmGradientDescent,False,none,0,ok
a74bb6d0-3d6c-4713-9c2b-585a444083c8,AdaptiveSwarmHarmonyOptimization,False,none,0,ok
a79022c3-ff22-4623-9bfb-183fbe838d1b,AdaptiveSwarmGradientDescent,False,none,0,ok
a7c30645-7eba-431f-b3eb-6fab21b37c82,HybridPSODE,True,Bounds,178,ok
aea81b0e-6104-41d7-b3c6-8576c6c4c547,ChaoticSwarmOptimizer,False,none,0,ok
aeb18ec7-1ce5-4653-8761-3eed979697f0,AdaptiveSwarmHarmonyOptimization,False,none,0,ok
a3e5a75c-31d7-42c4-8a5c-e1ccea5ff80e,AdaptiveSwarmGradientDescent,False,none,0,ok
a3ea8bfe-8c71-4a5f-b259-4b84989870e2,AdaptiveSwarmGradientDescent,False,none,0,ok
a434ea9c-4b7b-417a-b121-c723c6fc9ef2,AdaptiveSwarmGradientDescent,False,none,0,ok
a4372647-4f43-4e7d-ade0-c8a576fc6762,PSO_DE_Hybrid,True,Bounds,55,ok
a455ee82-be7e-46af-99cd-7ce4d7847b77,AdaptiveSwarmOptimizer,False,none,0,ok
aa51f814-107b-4b06-b8ef-7b7e8b658c9b,AdaptiveSwarmGradientDescent,False,none,0,ok
aa6915f5-78c9-4756-8077-85a945493c40,PSO_DE_Hybrid,False,none,0,ok
ab5a928d-ce1b-4a6d-b3cc-554d0b09fa65,AdaptiveSwarmGradientDescent,False,none,0,ok
a96d8e4d-0c28-49e7-8ca9-6628917294de,AdaptiveSwarmGradientDescent,False,none,0,ok
a980980c-a455-4563-b702-281e1c2e1a8c,AdaptiveSwarmChaosMemory,False,none,0,ok
a9e87c9a-b1c1-4539-9e8a-c3ffbfb60b92,EnhancedAdaptiveSwarmGradientDescent,False,none,0,ok
aa516599-9548-42ea-8ddf-09c937394ac1,AdaptiveSwarmOptimizer,False,none,0,ok
b0d7e98e-1aef-4b9e-9fd8-ec5e96f60e66,AdaptiveSwarmGradientDescent,False,none,0,ok
b17c0d9e-8973-497e-a7a2-a771d4aa074b,AdaptiveSwarmHarmonySearch,False,none,0,ok
b1bb9ea1-5e18-44c0-bba1-97a370251a04,AdaptiveSwarmGradientDescent,False,none,0,ok
b060991a-5bac-458e-ba74-fe2afd888368,AdaptiveSwarmGradientDescent,False,none,0,ok
b08b65b4-a5a5-4654-b13f-9f953fb75870,AdaptiveSwarmGradientDescent,False,none,0,ok
b08c1cd8-7179-4318-a2de-d8da71b6897b,SwarmOptimizer,False,none,0,ok
b311fb86-12eb-4750-8c82-fd9ff4aac9fc,AdaptiveSwarmGradientDescent,False,none,0,ok
b31fd5c4-1f42-4dd8-b8b3-ae9757cf6077,AdaptiveSwarmHarmonyOptimization,False,none,0,ok
b3435a3c-6dff-4e95-b111-ba8319775bc9,AdaptiveSwarmGradientDescent,False,none,0,ok
b012a58e-ad83-41d7-a7a7-c24159bf6260,AdaptiveSwarmGradientDescent,False,none,0,ok
b039be84-76fb-4f0b-807a-02c8c00da7c8,AdaptiveSwarmGradientDescent,False,none,0,ok
b045cde9-e929-4303-834c-c01ed9b9c02e,AdaptiveSwarmHarmonyOptimization,False,none,0,ok
b051decc-93f8-4096-b460-18518e20e01c,AdaptiveSwarmHarmonyOptimization,False,none,0,ok
ab7042b5-17f2-4d24-80d7-de1f112e8f25,AdaptiveSwarmGradientDescent,False,none,0,ok
ababc136-5b2a-4b6b-8f1b-f095ed647a71,PSO_DE_Hybrid,False,none,0,ok
abd117b1-bd8e-4997-93f0-ddc61c84bcc5,AdaptiveSwarmGradientDescent,False,none,0,ok
ac1d2e17-04d3-4580-9f42-d8e07094aea8,EnhancedAdaptiveSwarmGradientDescent,False,none,0,ok
ac211ea4-e635-4376-b9c7-050a4b1ff43a,HybridPSODE,True,Bounds,178,ok
afd93406-8e46-4bb4-8f14-ff806fa81522,HybridOptimizer,True,Discretization,270,ok
afdc1bd9-3e6f-4896-97f9-82d064660a51,AdaptiveSwarmGradientDescent,False,none,0,ok
afefa45b-1f9c-4abe-83ae-c1f9d4db4261,AdaptiveSwarmGradientDescent,False,none,0,ok
aff02f1c-6172-4b66-b056-5181cd75043a,HybridAdaptiveSwarmQuantumLeap,False,none,0,ok
aee95ac4-7bfc-4a76-ab09-ddb71e8b2500,AdaptiveSwarmGradientDescent,False,none,0,ok
af1a77e0-fedd-49dd-8ece-36b94336eac3,HybridPSODE,True,Discretization,165,ok
af3a875f-9a26-4707-86ca-7bc3f5ff9997,DynamicSwarmOptimizer,False,none,0,ok
af6932e6-f85e-4311-a291-2fdb44ca1802,AdaptiveSwarmGradientDescent,False,none,0,ok
af6d319e-520c-4aac-a0fc-076480378937,EnhancedAdaptiveSwarmGradientDescent,False,none,0,ok
b3ef2abd-63d6-41a9-bf40-01575b272a2b,EnhancedAdaptiveSwarmGradientDescent,False,none,0,ok
b3fd52d7-5450-4d7e-af73-e87d9d5e2ee2,EnhancedAdaptiveSwarmGradientDescent,False,none,0,ok
b4d71a8b-170a-4530-a2da-1969b660473b,AdaptiveSwarmGradientDescent,False,none,0,ok
b1c0b96c-6643-404f-ae8b-4b66d5320a06,HybridPSOSA,True,Discretization,45,ok
b20c7b62-3bac-42d4-a01f-b9c109ffb72f,AdaptiveSwarmGradientDescent,False,none,0,ok
b2abeb35-ac67-4f6a-a7a4-bb7d87fa2b43,AdaptiveSwarmGradientDescent,False,none,0,ok
b2e5c1b0-9e6a-4b11-afce-3f1855bd636e,SwarmOptimizer,False,none,0,ok
b36209cf-8c97-4045-bb7a-51774c80fe95,DynamicSwarmOptimizer,False,none,0,ok
b38435e3-8f78-4e24-b3cf-e3247a9f7793,ACPSO,False,none,0,ok
b3c46cca-954a-432a-bcb1-c55a32a961f4,PSO_DE_Hybrid,False,none,0,ok
b3e54adf-1cd5-468b-94b6-504bf2796084,PSO_DE_Hybrid,False,none,0,ok
b61e5d72-1b0b-4aa5-b8d2-830a2b0b7fd2,AdaptiveSwarmGradientDescent,False,none,0,ok
b69eb815-c3bb-4405-9254-9d28e7433c2e,EnhancedAdaptiveSwarmGradientDescent,False,none,0,ok
b6d09f96-e1ba-4220-9eb1-93a8479714e8,EnhancedAdaptiveSwarmGradientDescent,False,none,0,ok
b5261245-aa72-4217-8b78-ccd7a7801825,AdaptiveSwarmGradientDescent,False,none,0,ok
b580196a-1f92-43ea-8bf9-b49d430107a4,EnhancedHybridPSO_DE,False,none,0,ok
b5ce5c4d-9452-443f-a840-91aefbf1b823,AdaptiveSwarmGradientDescent,False,none,0,ok
b60bd47a-e9b2-4e13-a405-138d98d0817c,AdaptiveSwarmGradientDescent,False,none,0,ok
b9b052c8-b150-437a-98e5-0c61ade60bd2,AdaptiveSwarmOptimizer,False,none,0,ok
b9e01f5f-a2a0-40cc-8fde-eb85a257fb77,DynamicSwarmOptimizer,False,none,0,ok
ba171a47-71f8-449a-9ebb-faf36c484ee4,HybridPSOSA,True,Bounds,100,ok
b6dc3cac-c4e2-419b-8b95-d822a858b3e5,HybridPSODE,True,Discretization,33,ok
b73ceda7-4bd3-45ff-8264-7ff3175f9ea0,AdaptiveSwarmGradientDescent,False,none,0,ok
b74ac8d9-9c78-4619-b02b-773ae637d04f,AdaptiveSwarmGradientDescent,False,none,0,ok
b7620bf9-8d9e-4a40-a945-0199dca00697,AdaptiveSwarmGradientDescent,False,none,0,ok
bb25d459-b1e6-4419-a618-439f37a638e6,AdaptiveSwarmOptimizer,False,none,0,ok
bb5cfb3f-7979-4f7c-8076-eee43a4206f6,EnhancedAdaptiveSwarmGradientDescent,False,none,0,ok
bb65f752-c1ac-447d-8eca-2c628120bd86,HybridPSOSA,True,Discretization,10,ok
bb6f5eea-2810-4a26-9b07-9141e4ae339a,AdaptiveSwarmHarmonyOptimization,False,none,0,ok
bb8bfd2d-f63a-4b89-b259-9d4ecaf5291d,EnhancedAdaptiveSwarmGradientDescent,False,none,0,ok
bbb029de-aa64-4bd2-960f-432fa2bcbd3b,AdaptiveSwarmGradientDescent,False,none,0,ok
b843d625-3ef5-41c0-992c-72262a81cc2a,HybridPSODE,True,Discretization,37,ok
b84ed206-770a-4ebb-a01d-dba9f1720763,EnhancedAdaptiveSwarmGradientDescent,False,none,0,ok
b877a6cb-99a8-4b95-b869-948af9cc9413,PSO_DE_Hybrid,False,none,0,ok
b8c55754-ba20-489a-97bc-ae5d40e4319d,SwarmOptimizer,False,none,0,ok
b7645fd0-68b3-43c0-9622-5b42d5c4d40e,AdaptiveSwarmGradientDescent,False,none,0,ok
b76b214f-ae9d-4af0-8b76-893fb95803fa,PSO_DE_Hybrid,False,none,0,ok
b7badcec-dd37-4fe4-a845-aa4c9946dae9,DynamicSwarmOptimizer,False,none,0,ok
b7dfc047-ed7b-47f1-866b-5c5f53c0a7f8,HybridPSOSA,True,Discretization,45,ok
b7fe9451-6b82-4161-913b-c45de9b072ac,AdaptiveSwarmGradientDescent,False,none,0,ok
bdefc529-991b-4880-842a-a9fdfe29f3f4,AdaptiveSwarmOptimizer,False,none,0,ok
bdfdb9d9-94a1-4a11-a958-6b47aa99c886,DynamicSwarmOptimizer,False,none,0,ok
be6ddbbb-b1b3-4bf0-b8d4-d69c21576d39,AdaptiveSwarmGradientDescent,False,none,0,ok
ba4b666a-6277-440f-8f9b-67c62bd1864b,AdaptiveSwarmGradientDescent,False,none,0,ok
ba6be580-043a-48d5-a15f-6b7694ea0cce,SwarmOptimizer,False,none,0,ok
baa6f27c-d84b-4fad-8a3b-95868b433b6a,EnhancedAdaptiveSwarmGradientDescent,False,none,0,ok
bab48040-c2fe-436f-be65-52926b3d33e5,SwarmOptimizer,False,none,0,ok
babaa2dc-9492-4fd5-b36c-34f04ab454ef,EnhancedAdaptiveSwarmGradientDescent,False,none,0,ok
b90b580c-226b-491e-8cf5-c35a325186b5,AdaptiveSwarmHarmonySearch,False,none,0,ok
b922b109-9297-4062-9888-99e2a88ee2b5,AdaptiveSwarmGradientDescent,False,none,0,ok
b92f754b-f168-4414-afc4-78d5923a9336,PSO_DE_Hybrid_Improved,False,none,0,ok
b99b123e-9f23-4a52-b328-dc78db7d6973,AdaptiveSwarmOptimizer,False,none,0,ok
b9abd057-0736-4663-8f64-886af71de836,AdaptiveSwarmGradientDescent,False,none,0,ok
bac5495a-a22c-4d4e-b63a-88e703241a67,AdaptiveSwarmGradientDescent,False,none,0,ok
bad8050c-9e55-49ad-8282-3ec6fec66115,SwarmOptimizer,False,none,0,ok
bae79a0d-2215-4a7c-ae8d-1886c3ef5ebd,AdaptiveSwarmGradientDescent,False,none,0,ok
bae8bbb1-e223-401f-8c8b-577adb00e006,HybridPSOSA,True,Discretization,77,ok
baef7ce0-0428-4d87-96d7-c821d4ddc94c,AdaptiveSwarmHarmonyOptimization,False,none,0,ok
bbd16d53-947c-4f70-b97d-04ddd2091811,AdaptiveSwarmGradientDescent,False,none,0,ok
bbec5e33-4e45-4d65-a930-702a6782da97,AdaptiveSwarmHarmonySearch,False,none,0,ok
bbf79b46-c783-4b60-8680-76e7cb3dd3f8,AdaptiveSwarmOptimizer,False,none,0,ok
bc0e5356-c8f0-4927-bd90-4af3975b4c44,EnhancedAdaptiveSwarmGradientDescent,False,none,0,ok
bc59b1b6-6a99-40c4-ad2c-e7b4d2c2c2c9,EnhancedAdaptiveSwarmGradientDescent,False,none,0,ok
bcaaab0c-673f-4f0c-bf3c-4b1117fa77cf,AdaptiveSwarmGradientDescent,False,none,0,ok
bcec2c70-c2a0-449b-a68c-24641993f0d7,AdaptiveSwarmGradientDescent,False,none,0,ok
bd233598-de2f-420e-ba8f-6d0b7a6853da,HybridPSODE,True,Bounds,178,ok
c0cd965d-e523-4caa-ab73-ab0dd46cd757,AdaptiveSwarmGradientDescent,False,none,0,ok
c13b16cd-9bf2-415b-9efc-38145ec615c4,HybridOptimizer,True,Discretization,270,ok
c18f58c9-c56d-4d5e-8fd0-fdbbf05f85e8,AdaptiveSwarmGradientDescent,False,none,0,ok
be729fb3-4a74-4b75-8967-cdc5916d7517,HybridPSOSA,True,Discretization,45,ok
be7fbbc7-e685-43eb-a4a3-c09637a62831,DynamicSwarmOptimizer,False,none,0,ok
bea59583-54bc-4067-848f-ba10f46284f9,AdaptiveSwarmHarmonySearch,False,none,0,ok
bebd8bfe-5986-44b9-8c91-67418f3383f4,AdaptiveSwarmGradientDescent,False,none,0,ok
becb8f66-b85b-4047-80ce-23545fd3bfd6,AdaptiveSwarmGradientDescent,False,none,0,ok
bee748d0-2920-4e53-9083-b10ffa533583,PSO_DE_Hybrid,False,none,0,ok
beef09c8-b3f4-48c0-b67a-d54bdec90f7c,PSO_DE_Hybrid_Improved,False,none,0,ok
bf460764-8e2e-47ee-9f77-0576b739a198,AdaptiveSwarmGradientDescent,False,none,0,ok
bfbaf185-fce4-4633-a07b-5a3414250799,SwarmOptimizer,False,none,0,ok
c0134e24-199d-4097-9bfa-73357e83fce3,HybridPSODE,True,Discretization,180,ok
c053c564-90d6-462c-b349-ae8b0cc0cc57,AdaptiveSwarmGradientDescent,False,none,0,ok
c075e188-c238-4cd3-85d9-bc789317ac56,AdaptiveSwarmGradientDescent,False,none,0,ok
c07e8a91-b960-473a-aebd-2a20f4c8111b,EnhancedAdaptiveSwarmGradientDescent,False,none,0,ok
c0834f5d-4642-44a8-977c-a3ec46ff5736,EnhancedAdaptiveSwarmGradientDescent,False,none,0,ok
c08e2f43-f740-446c-b315-cf160fc40f89,AdaptiveSwarmGradientDescent,False,none,0,ok
c094aed2-ca1a-4ed4-8b60-4125521089d3,ChaoticSwarmOptimizer,False,none,0,ok
c19f904c-04a6-48d5-9a21-2fc7139f88e5,AdaptiveSwarmGradientDescent,False,none,0,ok
c1de2499-f5a0-428e-91d9-3795d93fefd6,SwarmOptimizer,False,none,0,ok
c22221e4-5bc8-440d-8111-6fce49e07ae7,PSO_DE_Hybrid,False,none,0,ok
c28ace80-8ea1-4d97-883d-a7a76d8dd58a,AdaptiveSwarmHarmonyOptimization,False,none,0,ok
c32f37fd-ec36-40a7-b5fe-5d308bc98948,AdaptiveSwarmHarmonyOptimization,False,none,0,ok
c3444421-08ba-4c6a-8da3-3d2b0a584159,AdaptiveSwarmHarmonyOptimization,False,none,0,ok
c3830308-b3c2-4c34-9c73-ae19af18dfc7,AdaptiveSwarmOptimizer,False,none,0,ok
c3a0717a-d6da-4401-9e16-96102b1fb94a,AdaptiveSwarmHarmonyOptimization,False,none,0,ok
c5bc66dd-666f-4e9f-be40-17cd552904b9,EnhancedAdaptiveSwarmGradientDescent,False,none,0,ok
c669f7b6-6fa9-4f5d-b775-308e84101be6,AdaptiveSwarmHarmonySearch,False,none,0,ok
c28dc10e-2280-4058-92a4-1cc8d0b62f8c,AdaptiveSwarmHarmonyOptimization,False,none,0,ok
c2a05c51-ec60-4f3a-91a8-3ebcd233bfd0,EnhancedAdaptiveSwarmGradientDescent,False,none,0,ok
c2ee9ed7-00a0-4d88-a48e-93aedf66a0f6,AdaptiveSwarmGradientDescent,False,none,0,ok
c2f0d784-4906-4fa1-b85e-e4276fb117b7,DynamicSwarmOptimizer,False,none,0,ok
c51857a8-8d7a-4c5e-99c1-8e7ede4f73ba,EnhancedAdaptiveSwarmGradientDescent,False,none,0,ok
c5219296-634a-4350-80a2-1509a2210e00,DynamicSwarmOptimizer,False,none,0,ok
c5265b25-4198-4a32-ac22-89bb697df311,AdaptiveSwarmGradientDescent,False,none,0,ok
c3caa3a3-1ad1-4969-836c-5755080bf7da,AdaptiveSwarmHarmonyOptimization,False,none,0,ok
c4412a67-2e2c-43a2-9168-a2dfd3b65e67,EnhancedAdaptiveSwarmGradientDescent,False,none,0,ok
c44aee74-835b-4b0f-97d6-9674bd126ca0,AdaptiveSwarmGradientDescent,False,none,0,ok
c453518a-3922-470b-9484-ddd0977c20e5,AdaptiveSwarmGradientDescent,False,none,0,ok
c4ab8a78-8fd8-45f4-9c5e-d5e9bd238ef6,HybridPSODE,True,Bounds,178,ok
c4ab8ff7-7ccf-40b3-ad30-594b609d2aaf,AdaptiveSwarmOptimizer,False,none,0,ok
c4be05c6-70cd-475c-966d-12adc3095c22,AdaptiveSwarmGradientDescent,False,none,0,ok
c4d72dec-51e9-4f4d-b499-e1b44b0d6da1,SwarmOptimizer,False,none,0,ok
c52b93d8-1cb9-4f47-b34b-ac9ff7eb7418,DynamicSwarmOptimizer,False,none,0,ok
c595bca5-e120-4db2-8cf2-50c6a4dfc798,HybridPSODE,True,Bounds,178,ok
c5adcaad-70d0-45ed-911e-bffc7893fbdb,AdaptiveSwarmGradientDescent,False,none,0,ok
c467fda8-c08d-4cc3-a5c2-79046fc497bd,AdaptiveSwarmGradientDescent,False,none,0,ok
c480fe28-d698-4cc9-8895-f68bd336aec8,PSO_DE_Hybrid_Improved,False,none,0,ok
c494a07c-de7f-49c0-9d9f-be647ff1ceb0,AdaptiveSwarmGradientDescent,False,none,0,ok
c4a06b62-f32c-4c73-a9c0-af7730b5fa84,AdaptiveSwarmGradientDescent,False,none,0,ok
c4a92b83-2cd6-4ae5-9057-421617450907,EnhancedAdaptiveSwarmGradientDescent,False,none,0,ok
c816f589-ce80-47a2-b58a-ebef60693f11,HybridPSOSA,True,Discretization,55,ok
c822d879-e374-4d87-8b3b-818b902b8f27,ChaoticSwarmOptimizer,False,none,0,ok
c831ed37-52fa-4783-b49c-0f2128fff50e,EnhancedAdaptiveSwarmGradientDescent,False,none,0,ok
c7ce0455-928e-4588-b159-36b959e4f2ef,AdaptiveSwarmGradientDescent,False,none,0,ok
c7ced5bb-2383-4646-8cf9-c1b363991dcb,PSO_DE_Hybrid,False,none,0,ok
c7ebfec5-4674-4598-9a74-216fdf12dfc9,AdaptiveSwarmGradientDescent,False,none,0,ok
c7f53bc9-110a-4c0c-afca-aaf4858351f6,EnhancedAdaptiveSwarmGradientDescent,False,none,0,ok
c911be0c-5878-4cc5-9842-7eb65562cf19,AdaptiveSwarmGradientDescent,False,none,0,ok
c93cbba5-a75a-4d54-978c-b895ebc0481a,AdaptiveSwarmGradientDescent,False,none,0,ok
c981e2d6-676b-43e7-98ca-ad6c3cacfeaa,PSO_DE_Hybrid,False,none,0,ok
ca028518-c9ed-4822-ac2a-38f867653051,EnhancedAdaptiveSwarmGradientDescent,False,none,0,ok
cf759f9a-f0a8-45b0-aef7-6cfeca10a968,AdaptiveSwarmChaosMemory,False,none,0,ok
cfc21c95-ab1c-4b32-86a4-19fb42198fca,AdaptiveSwarmHarmonySearch,False,none,0,ok
cff224d8-1d94-400f-b1f8-b4743746c106,AdaptiveSwarmGradientDescent,False,none,0,ok
cceb96f0-f1a8-4f80-bbf4-a7966f0cbd2a,HybridPSODE,True,Discretization,36,ok
ccfb53ca-565e-45d0-a35f-b902d2ec85b7,AdaptiveSwarmHarmonyOptimization,False,none,0,ok
cd49035a-70bd-4b35-8c0e-d0885097a448,SwarmOptimizer,False,none,0,ok
cdaa56c2-a6fc-41f4-b8ec-f131a112bbc0,AdaptiveSwarmGradientDescent,False,none,0,ok
cbc83173-531d-42f1-8031-88b8ed1d5094,AdaptiveSwarmGradientDescent,False,none,0,ok
cbe563f5-5356-4ca3-ab1e-63c9e4e71ca1,AdaptiveSwarmGradientDescent,False,none,0,ok
cc269aa6-2e21-42cc-a2b9-71058bf8c3d9,AdaptiveSwarmGradientDescent,False,none,0,ok
cc2f3dd2-0564-46ac-9507-beba906d344f,AdaptiveSwarmGradientDescent,False,none,0,ok
d0f5f0f9-454c-4b27-af96-428422e3274f,AdaptiveSwarmHarmonyOptimization,False,none,0,ok
d11cadd3-73a9-434c-b4da-00ebe7243ec8,AdaptiveSwarmGradientDescent,False,none,0,ok
d1359e0a-5ae9-4cab-9e95-821cf5ea2add,SwarmOptimizer,False,none,0,ok
cee01cb8-ea4c-48c9-bfce-291c58c8242d,PSO_DE_Hybrid,False,none,0,ok
cf25d448-6db2-48e1-9652-f5a813d45ba3,AdaptiveSwarmGradientDescent,False,none,0,ok
cf3a8e31-5064-4bcd-a8de-19d5e604fb16,PSODEOptimizer,False,none,0,ok
cf3b6b22-0f53-481e-8a6b-77e3d24c966e,AdaptiveSwarmGradientDescent,False,none,0,ok
ca100711-a77c-44cd-925d-f13d493c9c42,AdaptiveSwarmHarmonySearch,False,none,0,ok
ca440614-c848-42a8-9f46-b5604eecebb0,AdaptiveSwarmHarmonySearch,False,none,0,ok
ca809a43-82d3-4ddb-9d7b-adddcbe45b33,HybridPSODE,True,Bounds,178,ok
ca9d3e82-8793-4442-9a57-290e9907ec7a,AdaptiveSwarmGradientDescent,False,none,0,ok
cab3f07b-e8e0-494e-b563-2ecf4a0545e8,HybridPSOSA,False,none,0,ok
cfff6283-738c-440f-bafa-c56fab394bcd,HybridPSOSA,True,Discretization,45,ok
d01da024-3fa4-41a3-9bcf-9032531626e3,AdaptiveSwarmGradientDescent,False,none,0,ok
d033e230-eb45-4a7c-b5c5-30b7c3d674ef,AdaptiveSwarmGradientDescent,False,none,0,ok
d08c8572-4803-4203-b907-2ded5f817db0,AdaptiveSwarmGradientDescent,False,none,0,ok
ce205a2e-f8c5-47cd-9803-603e2ee2a32c,AdaptiveSwarmGradientDescent,False,none,0,ok
ce3ac29b-dbae-401c-8a73-32a40894a5e1,AdaptiveSwarmOptimizer,False,none,0,ok
ce3bd09a-ad8b-4b51-8ab4-de65180b8f3d,EnhancedAdaptiveSwarmGradientDescent,False,none,0,ok
ce567ac7-8201-4c79-8e9d-8195ed3a177f,AdaptiveSwarmGradientDescent,False,none,0,ok
cec0df4f-27be-4720-a26d-797e5f08b76f,AdaptiveSwarmHarmonyOptimization,False,none,0,ok
caeabe72-c9c8-4b18-bd95-8c908d16ef1b,EnhancedAdaptiveSwarmGradientDescent,False,none,0,ok
cb1c8a4c-fd7f-4e5d-a198-80aaf4691d4e,HybridPSOSA,True,Discretization,61,ok
cb914f1c-7fca-45c9-a569-1803e786b84d,EnhancedAdaptiveSwarmGradientDescent,False,none,0,ok
cbaa47e8-781e-48eb-9348-57482be62da3,AdaptiveSwarmGradientDescent,False,none,0,ok
cbad318d-5dea-4850-bcf5-2630b1d4f299,AdaptiveSwarmGradientDescent,False,none,0,ok
d27749f7-1ac8-402f-a7ba-f2a6c6936ed3,AdaptiveSwarmHarmonyOptimization,False,none,0,ok
d2782f48-e378-4d65-ac0d-995b5ac499f2,AdaptiveSwarmOptimizer,False,none,0,ok
d2afe666-8f81-4a0d-b099-80b580b9f9ef,HybridPSODE,True,Bounds,178,ok
d40944dd-77d8-4795-bea4-1d60e7cee5e4,AdaptiveSwarmOptimizer,False,none,0,ok
d4118c17-2886-41df-b9fe-edfb93985452,SwarmOptimizer,False,none,0,ok
d2089abc-b8f4-40ac-ac62-a9530a1cc32c,AdaptiveSwarmChaosMemory,False,none,0,ok
d20976dc-fb5b-495c-9106-f5faacaea746,AdaptiveSwarmGradientDescent,False,none,0,ok
d2165599-4780-4b1d-b0a7-94fefda2788a,AdaptiveSwarmOptimizer,False,none,0,ok
d218d236-8697-41e5-86f3-5531ae0b6b56,DynamicSwarmOptimizer,False,none,0,ok
d24f04b7-8beb-493e-93aa-9ebb7e812106,SwarmOptimizer,False,none,0,ok
d2cbc8c8-5e78-4b2f-ae44-c00463c3cbf9,HybridPSODE,True,Discretization,185,ok
d2fa32be-8435-41d2-94ab-d5a822aae25e,HPSO_ADE,False,none,0,ok
d30699c8-2fd0-4664-875a-f2c0e405be05,AdaptiveSwarmOptimizer,False,none,0,ok
d30f9b0f-df19-41db-8a4e-99d486039e3f,HybridPSOSA,True,Discretization,64,ok
d55cbdc7-379b-44bd-9bac-72052ab1a166,AdaptiveSwarmGradientDescent,False,none,0,ok
d5730be0-8586-4e7d-b547-8ba42289bc5a,AdaptiveSwarmGradientDescent,False,none,0,ok
d58ae711-d78c-465b-b8b2-de842efb1426,AdaptiveSwarmGradientDescent,False,none,0,ok
d48a8565-2aa0-4e61-a253-44f1b66cce39,AdaptiveSwarmGradientDescent,False,none,0,ok
d4bc391c-2f8c-4910-bd86-07af581dc102,AdaptiveSwarmGradientDescent,False,none,0,ok
d5245942-7b3c-4cb3-b958-ff1b8271f561,HybridPSOSA,True,Discretization,49,ok
d72cb8b5-5133-4010-9647-9702a358c484,DynamicSwarmOptimizer,False,none,0,ok
d734c38c-94a7-401a-82ed-f3c953e5b0bf,EnhancedAdaptiveSwarmGradientDescent,False,none,0,ok
d77f63c1-26b1-41d4-baaa-c3c8e9c19e69,AdaptiveSwarmGradientDescent,False,none,0,ok
d5b1280d-dd34-47e2-b9c3-2377499ca68b,AdaptiveSwarmGradientDescent,False,none,0,ok
d5b372c1-82b5-47d8-a6e9-c9c8f347b34b,SwarmOptimizer,False,none,0,ok
d5dac70e-f055-421f-b656-3f2de7f44db8,SwarmOptimizer,False,none,0,ok
d80f3778-4864-4e90-b82f-373ef19d3138,EnhancedAdaptiveSwarmGradientDescent,False,none,0,ok
d82f2da1-7f51-422c-8bd8-9f9b9c081404,PSO_DE_Enhanced,False,none,0,ok
d83d9d6b-8838-47a6-bb08-f36a89989432,DynamicSwarmOptimizer,False,none,0,ok
d8514040-a067-48c5-91c9-217bb102786d,AdaptiveSwarmGradientDescent,False,none,0,ok
d85ad07d-fa8d-4de4-9286-bb20fdd672e6,AdaptiveSwarmGradientDescent,False,none,0,ok
d8a57be4-972b-4aa5-99a3-03a68a3014f2,SwarmOptimizer,False,none,0,ok
d8c257c3-9729-4dfd-b67f-13b3c52f2a6d,AdaptiveSwarmGradientDescent,False,none,0,ok
d91adb41-0aee-4228-a005-3c551b9347f7,AdaptiveSwarmGradientDescent,False,none,0,ok
d961fd19-723a-40c4-bf89-9eb32a017058,EnhancedAdaptiveSwarmGradientDescent,False,none,0,ok
d97d1eba-1213-4dcd-a6f4-13e099ee3d00,SwarmOptimizer,False,none,0,ok
d98e9dda-3941-4c5a-98ef-e471ed07aeae,SwarmOptimizer,False,none,0,ok
d9a0764a-9bdd-4093-8880-7025b21af166,AdaptiveSwarmGradientDescent,False,none,0,ok
d9ab4fc9-6c63-41fe-a4ea-08fd2345e810,HybridPSOSA,True,Discretization,61,ok
d9d8e128-adb0-4882-9d28-c8b88bec14cb,SwarmOptimizer,False,none,0,ok
da06e821-e98e-4678-a136-8428dae2cd92,AdaptiveSwarmHarmonyOptimization,False,none,0,ok
da3070b7-a188-4e9c-82e8-8e8ebb338201,AdaptiveSwarmGradientDescent,False,none,0,ok
da46af32-cfe2-43df-854d-7bfae8b26221,HPSO_ADE,False,none,0,ok
db5d9ef4-d320-4d1f-8f3b-e5802875aa4e,HybridPSODE,True,Discretization,180,ok
db65963c-bcbb-4c96-b9f8-4a57fa9584db,AdaptiveSwarmOptimizer,False,none,0,ok
dc4eef3f-1f81-443b-86d9-14f1da2f5ef2,AdaptiveSwarmChaosMemory,False,none,0,ok
dc651605-1f3f-47b1-8f72-590b0a03a966,SwarmOptimizer,False,none,0,ok
dc7bf13d-0a06-4dfb-8ebf-16ccbac70352,AdaptiveSwarmGradientDescent,False,none,0,ok
e0529ff4-6bf5-4ff2-8e99-db93a759b4e8,EnhancedAdaptiveSwarmGradientDescent,False,none,0,ok
e0747862-85e1-479b-940f-be711472f787,AdaptiveSwarmGradientDescent,False,none,,ok
e088dad1-7786-4653-b462-f9e827ab21f4,PSO_DE_Hybrid,False,none,0,ok
dfb46d7e-f111-48b3-8a17-5855a2003981,AdaptiveSwarmOptimizer,False,none,0,ok
dfc491e3-f69d-4648-a8da-0fb367b5479f,AdaptiveSwarmGradientDescent,False,none,0,ok
dfd2edd4-0c21-4ec3-a1f0-65f39589cebd,AdaptiveSwarmGradientDescent,False,none,0,ok
da696acb-10f8-404b-a4b1-4837c232b0ad,HybridPSODE,True,Discretization,180,ok
da89c76d-4d52-4aae-ac49-ba7f6623d501,AdaptiveSwarmHarmonySearch,False,none,0,ok
daf4fff8-18b6-4aa3-b8cd-c6f446cfed98,EnhancedAdaptiveSwarmGradientDescent,False,none,0,ok
db3f93b1-582b-45cf-812c-9ffefa28a24f,AdaptiveSwarmGradientDescent,False,none,0,ok
db50fc85-6667-4155-bf30-e0d81b6c456c,AdaptiveSwarmGradientDescent,False,none,0,ok
dd140fc3-9621-4ada-86f9-b972b8707b3d,AdaptiveSwarmGradientDescent,False,none,0,ok
dd99f2ac-c9ea-45ae-a7cf-a33e3a0f5e94,AdaptiveSwarmGradientDescent,False,none,0,ok
de3adcb3-8808-41f4-a605-dda51cdce3aa,PSO_DE_Hybrid,False,none,0,ok
de3c5b05-9b26-451f-b89a-509cbfe3b539,AdaptiveSwarmHarmonySearch,False,none,0,ok
de5efd96-7489-4c6b-bd7d-cda81ce4632a,AdaptiveSwarmGradientDescent,False,none,0,ok
de6f81b5-3990-4b93-a10f-b8a158d3d77b,AdaptiveSwarmOptimizer,False,none,0,ok
de8b0677-afb4-42f6-b9c3-33df9b4bdbd4,AdaptiveSwarmGradientDescent,False,none,0,ok
deb3f281-b39e-4273-b032-45bcd900708f,PSO_DE_Hybrid_Improved,False,none,0,ok
dc9d767d-40ce-4122-82a2-f228ef5d0050,DynamicSwarmOptimizer,False,none,0,ok
dca904f7-884a-4bbc-822e-79a28a4be00e,AdaptiveSwarmGradientDescent,False,none,0,ok
dcca6b8b-39be-4059-bb91-17abea521b89,HybridPSOSA,True,Discretization,44,ok
dcf0f299-061b-4730-9378-9614daa37c83,AdaptiveSwarmGradientDescent,False,none,0,ok
dd0340a1-52d4-45cb-8adc-886d5b8b77a0,AdaptiveSwarmGradientDescent,False,none,0,ok
debcc78d-5aa9-4135-a1d3-bc19d4c3738d,AdaptiveSwarmHarmonyOptimization,False,none,0,ok
dec86bfd-dcba-4522-9da5-8d65849299db,AdaptiveSwarmGradientDescent,False,none,0,ok
dee6d0e7-694a-4b9c-8220-d882eaf2060b,HybridPSOSA,True,Discretization,66,ok
df676bc4-ac7e-4844-a7f3-a8d496621ee0,PSO_DE_Hybrid,False,none,0,ok
df697b6b-8a20-4bb0-8ba1-d4ffa5afa5d2,AdaptiveSwarmOptimizer,False,none,0,ok
e1a0451a-90e0-4f15-b687-720f5bc3ba26,AdaptiveSwarmGradientDescent,False,none,0,ok
e21f4637-ce66-489d-ba15-5dbbb02259a1,EnhancedAdaptiveSwarmGradientDescent,False,none,0,ok
e285d728-0414-40a8-84cb-b5b8b3eafde1,PSO_DE_Hybrid,False,none,0,ok
e2a17d53-5367-43aa-93f3-e93d7e0f87d0,AdaptiveSwarmChaosDescent,False,none,0,ok
e2dd6719-ab29-4c1f-bf1d-37de95729fd5,HybridPSODE,True,Discretization,36,ok
e2f0e8fd-167a-4442-954a-f6537026e1e3,AdaptiveSwarmGradientDescent,False,none,0,ok
e2f1817e-93a5-4abe-8cd4-e27b6adecd71,AdaptiveSwarmGradientDescent,False,none,0,ok
e3137c1e-d0e0-40e9-ae39-f56f397df19f,SwarmOptimizer,False,none,0,ok
e3d0e8ba-7c7c-446c-a771-133cd2858e8d,HybridPSODE,True,Bounds,178,ok
e40cbe2a-3df8-4000-8aa7-4c53b20183b1,AdaptiveSwarmGradientDescent,False,none,0,ok
e424cac9-a0fd-4a83-a669-a06874a70a12,PSO_DE_Hybrid,False,none,0,ok
e6004bf1-410d-45fc-a807-84a91ddc85cb,HybridPSOSA,True,Discretization,25,ok
e648ef07-7e27-4cad-9e9a-e9b1183924e1,DynamicSwarmOptimizer,False,none,0,ok
e0d7ef6f-b854-4141-a4ae-543bce23a05b,HybridPSODE,True,Discretization,161,ok
e0f22fc9-ed71-4352-ac4a-a8b168dcf8c2,AdaptiveSwarmHarmonyOptimization,False,none,0,ok
e0ff5248-bb5e-4306-a3a6-f186ec165255,AdaptiveSwarmOptimizer,False,none,0,ok
e130cb67-5e69-446d-9a0a-1c3298e4fc9e,AdaptiveSwarmGradientDescent,False,none,0,ok
e18b3c2b-ee58-4e8e-a8d0-550dc999271d,AdaptiveSwarmGradientDescent,False,none,0,ok
e39c5899-8301-4988-9874-b90f9c4f3857,EnhancedAdaptiveSwarmGradientDescent,False,none,0,ok
e3a52e4d-2123-4159-938b-d63f1831285f,EnhancedAdaptiveSwarmGradientDescent,False,none,0,ok
e3ac95c4-0926-49f5-9cdd-ee9ab6140858,DynamicSwarmOptimizer,False,none,0,ok
e3bac12f-29f5-45a3-9dbd-da5387542d39,AdaptiveSwarmGradientDescent,False,none,0,ok
e532e733-b140-4713-9184-b363321f03bf,AdaptiveSwarmHarmonyOptimization,False,none,0,ok
e53f71fd-0d92-4fe5-a3a0-d708182cdf44,AdaptiveSwarmGradientDescent,False,none,0,ok
e54fd89b-3e57-4d54-bcae-7144e64fba0b,ACPSO,False,none,0,ok
e561bcc8-bec8-4bb5-82c9-cca3cebe257d,EnhancedAdaptiveSwarmGradientDescent,False,none,0,ok
e68d5431-95d3-4f12-9c31-1c7b36efaa4f,AdaptiveSwarmGradientDescent,False,none,0,ok
e6a0f537-cd6d-43ad-96ac-f02e606496d2,DynamicSwarmOptimizer,False,none,0,ok
e6ef7b74-c00e-4388-af06-2acd4e39e607,EnhancedAdaptiveSwarmGradientDescent,False,none,0,ok
e5801735-813d-4908-8304-f4cc291dd41d,AdaptiveSwarmGradientDescent,False,none,0,ok
e5b8851c-8e66-4f9f-bd02-382774d29b63,EnhancedAdaptiveSwarmGradientDescent,False,none,0,ok
e5cec7e5-05b2-4c70-b6f3-321b009e79c3,AdaptiveSwarmGradientDescent,False,none,0,ok
e5e40c01-70fd-44c2-9344-c3acc205c18f,AdaptiveSwarmHarmonySearch,False,none,0,ok
e31e1503-6dc7-4171-9b29-bd6e41f9453e,SwarmOptimizer,False,none,0,ok
e334af85-6224-4908-acde-0977b641509a,AdaptiveSwarmGradientDescent,False,none,0,ok
e34bfc83-4232-45cd-9cf4-eeed4304f044,DynamicSwarmOptimizer,False,none,0,ok
e36cd849-e0bc-4efa-b7c3-e44f586249b5,HybridOptimizer,True,Discretization,270,ok
e3794ddf-3a26-423a-b3e6-79bf0153f5e3,PSO_DE_Hybrid,False,none,0,ok
e4583e37-b6eb-41d2-969d-c84a53a9ace7,EnhancedAdaptiveSwarmGradientDescent,False,none,0,ok
e4687f9a-e72e-414a-a4fc-49cbbe479c1e,AdaptiveSwarmHarmonySearch,False,none,0,ok
e49ea7e6-3e97-4930-934f-8ef099ac3c68,AdaptiveSwarmHarmonySearch,False,none,0,ok
e4a61c20-3952-4959-83b3-24381b42a89c,AdaptiveSwarmChaosMemory,False,none,0,ok
e50f6689-ed45-4348-b2ca-b5eb6f090667,DynamicSwarmOptimizer,False,none,0,ok
e7dc5130-f52a-4468-92e1-a798e729a037,AdaptiveSwarmOptimizer,False,none,0,ok
e849aa47-bb86-4c93-96d1-086dcad4c30a,AdaptiveSwarmOptimizer,False,none,0,ok
e88f603b-3a5f-492d-8511-941a188cc02e,EnhancedAdaptiveSwarmGradientDescent,False,none,0,ok
e6fe9914-8fac-40d7-bbe7-5e07ac295a9e,AdaptiveSwarmGradientDescent,False,none,0,ok
e7483fb7-7db9-41b5-9c07-d6c128bf3d10,SwarmOptimizer,False,none,0,ok
e7a9d827-b288-4b1a-ac90-4d4cb518160c,HybridPSOSA,True,Discretization,45,ok
e7b29618-968d-44ef-9d1f-16176fcdb5df,SwarmOptimizer,False,none,0,ok
eb23ce09-264f-4089-af19-5aeab45f34a9,AdaptiveSwarmHarmonySearch,False,none,0,ok
eb676379-2dc7-4817-bd79-b6c804286d57,AdaptiveSwarmOptimizer,False,none,0,ok
ebc8a196-ba24-400c-9801-0836441a5f81,EnhancedAdaptiveSwarmGradientDescent,False,none,0,ok
e8b5f3ba-8b89-452a-b5f4-da2fd9b4f3aa,AdaptiveSwarmGradientDescent,False,none,0,ok
e93e39f9-6e90-4b53-990f-aa3c155ddab8,AdaptiveSwarmGradientDescent,False,none,0,ok
e9660968-d960-482b-9cca-6d9399e1373b,AdaptiveSwarmGradientDescent,False,none,0,ok
e977af72-43f5-4f1c-afef-16562aaf0bee,AdaptiveSwarmGradientDescent,False,none,0,ok
eefb7790-8969-4996-b880-5fc6756a531b,HybridPSODE,True,Bounds,179,ok
ef2c2a97-8482-4a40-94ca-348427b8fa3d,AdaptiveSwarmGradientDescent,False,none,0,ok
ef4a30c4-c466-49b0-9642-02045640e50e,PSO_DE_Hybrid,False,none,0,ok
ee7e247f-30b3-45c3-9507-b4b44d019451,AdaptiveSwarmHarmonySearch,False,none,0,ok
eed16d43-0852-4998-bc45-80fdc7429107,AdaptiveSwarmGradientDescent,False,none,0,ok
eeed778b-3b42-4ac7-ab19-71ae6ba0c62a,HybridPSOSA,True,Discretization,50,ok
ec029aac-5fef-40f8-9739-de2de2061b22,EnhancedAdaptiveSwarmGradientDescent,False,none,0,ok
ec2d5864-0586-4c2f-a369-32fae8ab11a8,AdaptiveSwarmGradientDescent,False,none,0,ok
ec640e8a-7c6c-4673-8cab-1ae77b287bd6,AdaptiveSwarmGradientDescent,False,none,0,ok
ecadb201-7fd7-4a4d-b3e4-bc416f761c1c,AdaptiveSwarmGradientDescent,False,none,0,ok
ed539c65-8e7d-4160-ad6e-1745c5b9a110,SwarmOptimizer,False,none,0,ok
ed8e4d2d-87f9-40d5-bbd6-7c018e4c3552,SwarmOptimizer,False,none,0,ok
eda27496-a116-421a-b9a0-9ddc0d2baf20,AdaptiveSwarmHarmonyOptimization,False,none,0,ok
ee67f95d-8a58-4c49-99d4-69f5dc0eb240,AdaptiveSwarmGradientDescent,False,none,0,ok
e9d0535c-1c6c-436e-8d23-10acac1049be,AdaptiveSwarmHarmonySearch,False,none,0,ok
ea03b009-b807-4f98-90d3-04ef95649fdd,DynamicSwarmOptimizer,False,none,0,ok
ea2ebe00-c20c-4932-a741-2101e7ca83dc,HybridPSODE,True,Discretization,30,ok
eaa56f47-f040-4f57-89e4-6f43149bf564,DynamicSwarmOptimizer,False,none,0,ok
eadceb6d-aa91-46d7-8ad2-1b62564c32f2,HPSO_ADE,False,none,0,ok
f0c09d51-c844-4a4e-8c8c-b74823f19615,AdaptiveSwarmGradientDescent,False,none,0,ok
f0d1d6d0-cb18-4fb9-a61e-925078508ca6,AdaptiveSwarmGradientDescent,False,none,0,ok
f0e97db0-de36-48f7-b4cd-fde62f463fbf,PSO_DE_Hybrid_Improved,False,none,0,ok
f130681f-1a82-454e-b8b9-75c3c83e5a65,EnhancedAdaptiveSwarmGradientDescent,False,none,0,ok
f167dfac-f9cc-474b-8cdc-4946a1952ab1,SwarmOptimizer,False,none,0,ok
f1a7c37f-19e7-4f0c-bf61-4f2e82724dff,PSO_DE_Hybrid,False,none,0,ok
ef879959-df5f-40a3-bff4-31f71305e101,AdaptiveSwarmHarmonySearch,False,none,0,ok
efaa1e21-413f-445e-b287-1b87c8f065c0,EnhancedChaoticSwarmOptimizer,False,none,0,ok
efcc3fe1-0a68-4d0e-bc94-d2448a32ddc7,EnhancedAdaptiveSwarmGradientDescent,False,none,0,ok
eff70187-1bf2-4cdf-9511-27738788a383,HybridPSODE,True,Bounds,178,ok
f00939fc-52cf-41ad-8bca-e88b6959e2b8,AdaptiveSwarmGradientDescent,False,none,0,ok
f00a5389-89ec-4862-a42c-8e79433cdb3e,EnhancedAdaptiveSwarmGradientDescent,False,none,0,ok
f0344abe-64a1-4159-a9d9-76c2954f28a0,AdaptiveSwarmGradientDescent,False,none,0,ok
f03b9eba-1c27-48cc-bcdd-f74f80e47fc1,EnhancedAdaptiveSwarmGradientDescent,False,none,0,ok
f1b18502-2c67-4dd4-81d9-4e01a6e0ff23,EnhancedAdaptiveSwarmGradientDescent,False,none,0,ok
f1c04b05-2721-4143-aa79-4e3c91c55767,AdaptiveSwarmHarmonySearch,False,none,0,ok
f1c15632-6116-4c92-9a6d-7764e11fdd91,SwarmOptimizer,False,none,0,ok
f4748168-f4c5-4c2b-864d-18cb18e5144a,AdaptiveSwarmOptimizer,True,Clusters,61,ok
f4d46525-e48e-41ae-8357-b299f0dc4358,AdaptiveSwarmGradientDescent,False,none,0,ok
f1ee3274-23fa-4fe9-8dad-706a46202a80,AdaptiveSwarmOptimizer,False,none,0,ok
f215984f-9200-4db7-8f8c-877dde68ad0e,AdaptiveBoundaryRefinement,False,none,0,ok
f279eb78-c1e2-4fb8-8448-87ab66ed8e03,AdaptiveSwarmOptimizer,False,none,0,ok
f28ea8d5-15fb-4fc7-9e74-f1c0b35df283,AdaptiveSwarmOptimizer,False,none,0,ok
f87b09dd-08ba-4011-8bb7-9677e67fc679,AdaptiveSwarmHarmonySearch,False,none,0,ok
f96b22ac-ecc2-4f59-b51c-73517b46d2f0,EnhancedAdaptiveSwarmGradientDescent,False,none,0,ok
f774e404-16c3-4c38-9478-40a63bdba790,SwarmOptimizer,False,none,0,ok
f816ed24-6a3a-49fb-9f4f-52e9f0967f09,AdaptiveSwarmOptimizer,False,none,0,ok
f81d0719-5cf3-4b69-8fb7-0af83c24e6cd,SwarmOptimizer,False,none,0,ok
f293cc26-09c7-44f9-8d4c-1f4f05446d05,HybridPSOSA,True,Discretization,31,ok
f2ba7752-7fd2-4f04-a7b1-9e0839f3c115,AdaptiveSwarmOptimizer,False,none,0,ok
f2caf2f5-99f1-41ca-a3e5-ad9545377bc6,AdaptiveSwarmGradientDescent,False,none,0,ok
f3375641-8404-485d-9e3d-2065d456cb8a,AdaptiveSwarmGradientDescent,False,none,0,ok
f3432983-b3ac-4e48-95ee-d530eb4d1b2f,EnhancedAdaptiveSwarmGradientDescent,False,none,0,ok
f61eb4f3-a9d6-4992-9a33-cc9e4036d150,AdaptiveSwarmHarmonyOptimization,False,none,0,ok
f666942d-cbbc-40d2-989c-b3e3d50a6732,AdaptiveSwarmGradientDescent,False,none,0,ok
f68554db-c2ee-4029-b8b2-389ffedcb872,AdaptiveSwarmOptimizer,False,none,0,ok
f6b3c76e-62cd-4959-b728-d581ebb09ba6,AdaptiveSwarmOptimizer,False,none,0,ok
f5bf1b8f-09b5-4304-b2da-f7585595a560,HybridPSOSA,True,Discretization,11,ok
f5c2fd66-8947-46c9-8702-a1dc81dd09be,AdaptiveSwarmHarmonySearch,False,none,0,ok
f5f61a5b-50c9-4010-a147-b12b8893f0b5,EnhancedAdaptiveSwarmGradientDescent,False,none,0,ok
f604fe52-ba1a-47e4-b28d-8ddd4b7a0f9c,EnhancedAdaptiveSwarmGradientDescent,False,none,0,ok
fa1294ac-9055-40f6-9672-72e26ef0f8f8,HybridPSOSA,True,Discretization,58,ok
fa9dae2e-eab1-420e-9b5e-00141e804a74,PSO_DE_Hybrid,False,none,0,ok
faf4e791-fd61-4114-a8d5-202586ff9a2d,AdaptiveSwarmGradientDescent,False,none,0,ok
f3570ac3-02fe-4e8f-ac3b-8e3abc89cb93,AdaptiveSwarmGradientDescent,False,none,0,ok
f3740c86-546f-414c-8eb7-8bd84c95f519,AdaptiveSwarmGradientDescent,False,none,0,ok
f3f0c7c0-e9bb-44f6-8fa4-c25211bc06bd,EnhancedAdaptiveSwarmGradientDescent,False,none,0,ok
f404c512-8fca-47ce-9a57-abb9068dd61e,PSO_DE_Hybrid_Improved,False,none,0,ok
f43453c7-a185-4381-a5b4-37ce5ac0ede6,PSO_DE_Hybrid,False,none,0,ok
f6bdf902-cd2c-4769-aa27-e05c316e32e2,SwarmOptimizer,False,none,0,ok
f6e61d80-095b-424d-a698-6fd222691d88,AdaptiveSwarmGradientDescent,False,none,0,ok
f6f8872e-672b-45e3-9d3a-2593457b72c5,AdaptiveSwarmOptimizer,False,none,0,ok
f7432928-8b46-44d4-892c-270845f574f7,AdaptiveSwarmOptimizer,False,none,0,ok
f5576381-3d4a-41fb-8f1a-26183e675d9a,HybridPSODE,True,Discretization,180,ok
f55865c2-c590-40d8-ab42-c309f05062a2,DynamicSwarmOptimizer,False,none,0,ok
f5698e46-afc9-48a0-868d-720a25779eef,AdaptiveSwarmHarmonyOptimization,False,none,0,ok
f5747496-68a2-42ee-b05d-97f2b474c7d6,AdaptiveSwarmGradientDescent,False,none,0,ok
f597d95a-f827-4c5a-b79e-c6d8e7e7f20e,AdaptiveSwarmGradientDescent,False,none,0,ok
f8240b00-83a5-4d8c-84c0-7a8fc452679e,EnhancedAdaptiveSwarmGradientDescent,False,none,0,ok
f82b575c-2981-4294-8927-3dae0bec88bb,AdaptiveSwarmGradientDescent,False,none,0,ok
f83b596e-559a-4503-878d-73e093775afc,HybridPSODE,True,Bounds,178,ok
f84db021-d39a-4776-871c-e477ded1eaf6,AdaptiveSwarmGradientDescent,False,none,0,ok
fbd5b66c-aaf6-493e-a4c5-e337e2dfc627,EnhancedAdaptiveSwarmGradientDescent,False,none,0,ok
fc7b2d55-3492-481a-ab8f-9659e6c7be99,EnhancedAdaptiveSwarmGradientDescent,False,none,0,ok
faf6099a-9b51-4788-939f-d9a9bf93f9c0,AdaptiveSwarmGradientDescent,False,none,0,ok
fb612407-4848-416a-b798-43a873c28ee4,AdaptiveSwarmHarmonyOptimization,False,none,0,ok
fb8ac594-7a9c-4f64-a84a-8349fabb6cec,AdaptiveSwarmGradientDescent,False,none,0,ok
f96f2d5b-9abf-4fcb-b8d4-ab605b133d7e,AdaptiveSwarmHarmonyOptimization,False,none,0,ok
f9ace63f-fa88-4309-870c-f7bf11123ba4,EnhancedAdaptiveSwarmGradientDescent,False,none,0,ok
f9b5975c-0a66-43d3-a820-debc74ece927,AdaptiveSwarmOptimizer,False,none,0,ok
f9bf5bfb-1281-4604-a153-9e0fcdbdf167,AdaptiveSwarmGradientDescent,False,none,0,ok
f9ee3a19-e35d-4396-b160-15f9437a24e8,AdaptiveSwarmGradientDescent,False,none,0,ok
fd1ad81b-cb63-41e9-979e-e13857166d5a,AdaptiveSwarmGradientDescent,False,none,0,ok
fd37cb97-c934-4abf-bf32-29b2528e5ebf,AdaptiveSwarmGradientDescent,False,none,0,ok
fd4b192d-05dd-474d-ab33-488006cce3b6,PSO_DE_Hybrid,False,none,0,ok
fe30a76b-a2cc-47b4-bfa1-99c911995f53,AdaptiveSwarmGradientDescent,False,none,0,ok
fe6f2cce-1085-493d-9bf4-71756ea1a29e,HybridPSODE,True,Bounds,178,ok
fe991e92-d35c-4dbd-9dd2-5bb2f250a3b1,AdaptiveSwarmGradientDescent,False,none,0,ok
ff8be127-a348-4022-affb-a7e09da366c4,AdaptiveSwarmGradientDescent,False,none,0,ok
ffa5a2a4-12be-4eee-b642-ada7d043b4eb,AdaptiveSwarmGradientDescent,False,none,0,ok
ffef51cf-3ad1-4a19-b558-5d7b3d7b5555,AdaptiveSwarmChaosMemory,False,none,0,ok
fea00127-b2be-482d-8239-4ea7685af952,PSO_DE_Hybrid,False,none,0,ok
fed787a1-d272-4593-a39b-2308fbb9ae8f,AdaptiveSwarmGradientDescent,False,none,0,ok
ff324817-cd3f-49a7-8b21-a57eb796f970,AdaptiveSwarmGradientDescent,False,none,0,ok
ff7437a4-c4e4-47ca-8e2e-aa67ea9607c4,AdaptiveSwarmGradientDescent,False,none,0,ok
